Flue_Gas_Flow_kmolhr,Inlet_CO2_mol%,Absorber_Temp_C,MEA_Concentration_wt%,LG_Ratio,CO2_Capture_Efficiency_%,Reboiler_Duty_MJ_kgCO2
213.65769656603183,14.027395391006005,58.26955039762096,33.65643611115781,6.4847715026556525,60.912638309366976,5.027905594693098
181.64807616684476,8.642298803528444,50.60310568128417,34.86054223228757,2.2236284184010806,45.0,5.352463684794907
186.2044952057981,9.266919974399938,31.120428248765894,27.870026167464108,4.829722281807757,45.49497418343598,4.937122275259339
201.26731907061756,9.223486672142108,30.7095784175799,39.68517207729275,2.3629493477810084,45.0,5.652841421609576
81.36200126864262,14.848614325251486,51.01407089727989,39.02756429723701,2.598737024066037,60.059961047337865,5.56068603331545
83.97323197497228,8.162695850748637,48.75638454159569,37.970112534273255,3.23836028838176,45.0,5.864323479078669
99.48117421866728,10.034871411273484,61.62794484900398,36.8954129757991,4.506394272600794,64.5153590952777,4.251189769588072
94.82795386648714,9.892129741989818,61.03217552609716,23.648610264056057,6.296156517536883,45.0,5.589612499029626
176.13772241469434,12.807081653179091,50.45430330046926,22.72863092361512,4.672501083154333,62.43625328467098,4.547298155053159
191.84832070118028,15.510993710784334,51.38499074786764,28.115029993385587,6.247128564408725,66.68345209472706,6.106179026842644
247.71287945801487,15.659008883801626,53.635987292852576,20.95506643746908,3.103791231532606,57.571498147067125,4.814119641197493
93.81094375601305,8.399708194753615,55.28025685001468,29.575632454357923,5.385990640151833,45.0,5.15448734609279
95.56868213380172,15.98361106536196,38.40752713159978,29.100123910420248,2.580764282246146,45.0,6.748564575207485
191.919983684282,13.17655255102171,56.26517888949435,24.770513322426183,3.2026375595599728,45.0,5.197558373668805
170.95942255172508,15.33478582795918,51.41137905358711,30.9200878584791,4.689991728267444,84.49634132731656,4.451137793503486
108.88357882283792,13.504992472947634,30.15989482998628,24.705216434971558,2.2163712943840057,61.99957410882011,4.8409636046487785
197.20553492672408,8.437046885821493,41.56445529126061,38.22915151300385,4.097306185166874,45.0,4.373937346838742
180.3013561166922,9.212614530492644,52.643123929560105,30.92533668139481,2.321217470749767,45.0,5.632677995937485
241.30508716240485,8.37371677766854,42.119507828808615,38.77611523149167,4.394898687857494,76.16216661094559,3.836128401992549
151.07342286848134,9.361305939306174,42.462111155625,24.909519139230717,6.060970581570563,88.36494266356962,2.958518155957141
182.5686093644768,14.20889286138492,32.595222175884025,26.04764504390811,4.614021988376319,73.36344269473199,4.104164307352167
207.14628367682275,9.17645699284145,35.7981823174189,39.03817573690746,2.298126102087447,59.95861463734553,4.28867626212733
208.2431273330184,10.978164478461952,55.25113134575502,28.89406395049517,5.724501171640437,52.65385239781439,5.0063543152074725
107.3889788238281,14.11285440781602,37.73599598082208,28.03793366756029,5.474438577461197,45.0,6.085576756184695
172.60279064931282,15.441942925620424,40.06869997601739,23.973799953839123,5.91957482946154,45.0,6.511274199672824
97.89663607254184,12.649099514918367,40.90281998129808,36.281732539750514,3.0237187428187635,45.0,5.7394170217404525
97.7324178213292,10.449751680867154,35.55488133482916,33.09487228851135,3.1331801300920774,60.06911207621033,4.614790239755434
126.113430830023,9.953215014219165,62.73173287644443,28.47493534252529,2.1804265971345824,45.0,5.01490910242887
159.18077865170645,10.41000672221767,62.01543533314141,25.0754078602033,3.366861980446106,45.0,5.017011629618144
225.5132647902564,11.521260613822886,54.690465955095874,21.329690195279,6.240835241468819,45.0,5.224698373349934
231.29457619581305,10.10585490983522,39.20934968519403,39.14013087566418,3.0853903572523604,45.0,5.531710363549012
152.58930958181423,14.057141183876784,52.66355495196699,28.826125538738843,4.273816619637043,49.9358961939388,5.701547123585941
179.18067378886042,9.697130668882998,34.35199671585988,24.23617445192907,5.859922557041727,45.0,5.587399790117326
221.89412226875325,8.9287390477062,46.583141429113695,37.18021072612041,2.263696344704748,45.0,4.904044698311754
231.6712280609896,13.546406359638564,45.74289484476456,33.59078996744146,2.25594429863902,45.0,5.998393483914171
120.63402626638054,13.880148486072535,48.006325440797625,35.0769438163857,3.3251762196658152,45.0,5.414394686863685
207.2265108319884,8.926230000376481,36.72418056204046,30.278035358752824,4.120509435793736,45.0,5.037644049145587
81.3063587296823,10.008794601924986,31.63955564875883,34.036557704097305,2.651734100339086,45.0,4.675984235692288
175.62982182366733,8.439623268790058,39.13206928702499,38.884907970991634,3.359332516201671,53.28874964594341,4.453368172761578
185.711733547387,14.290760928772569,61.21348077597146,33.337631940819215,2.3649756840360463,68.97220526355612,4.785142437745043
100.06928947827603,15.962097773238987,50.20469998741261,29.13753717445649,4.865406334065422,45.0,6.583738359471738
152.39519441166624,11.985458104282849,45.84021354479645,22.250663944937862,4.972664219558684,71.65462649107025,3.589192872456721
155.96238063341752,12.55679710625078,30.82863631856483,23.560242015104027,4.7091014859050855,58.04940890193839,4.962387449351566
103.99788779112936,15.920265792750868,45.31349808225504,26.66520980953897,2.5315739492184477,45.0,6.569338248670151
248.0414355207797,13.648169188968376,61.20259228058087,37.39352936370624,5.394863163188108,45.0,5.933500844594796
249.5283512425968,13.627381783893815,49.66529829385165,22.681630302720134,5.569809032547551,45.0,5.366360586378788
87.08448391555439,15.709333379973838,53.25346984114234,28.891856148114897,5.316608347556233,71.00308828705009,5.666825728401981
247.79612697220853,8.576185472778882,44.47831572867988,28.342771949267537,6.434587345646665,55.22028820514311,4.108029975871776
138.7920030294595,15.486953944925355,61.61458323481189,24.83892768021282,5.881001887411765,64.58733306465541,5.334773088254253
230.68671974027671,15.118483098404557,36.36341180683301,33.69679223634003,4.553142534352612,91.61537599825364,3.956487514940679
101.0842480493026,10.24160807635611,59.30022788369864,24.36904020248757,3.294178451884557,54.27183736134899,4.179049195055264
233.00015644823225,15.84512110690875,52.013845923284265,38.57616119206582,4.554214698077423,88.67157957235602,4.471599685821994
181.48547214302192,10.509610035088132,56.45223358519396,28.853602597116108,2.224945158677908,45.0,4.345236836551798
100.56287808070256,9.943555322693207,62.70393637292612,31.44944818345447,2.681078576859018,45.0,5.574349141416105
243.1299847642958,13.553931929327774,32.42907387282784,36.2080771930858,3.78206645143162,45.0,6.045512748477497
116.99159049190922,8.371412316801072,33.2125518394925,22.78296441900201,5.946604331990148,50.34302721471966,4.558719317742803
101.3235019602302,14.162782062100476,61.10905801231381,33.4676494933251,2.599851018999405,73.32503592671188,4.492900136743405
173.72458575041398,11.548304180978462,61.01966712417027,35.691005888817486,3.21518678773016,45.0,4.691252508174632
172.2279706862102,9.647578940356327,46.330548720011855,39.2166612910758,2.701373051901932,72.93766047964546,3.7081809392930905
244.45618376406264,10.371926970397244,50.988756997619305,26.35381082626043,2.0666698624825504,45.0,5.150862476013547
246.59295356293805,12.42962507131076,54.96023691252907,35.10771202157917,3.56480521415312,45.98206755784396,4.451795692745916
174.31751079438055,15.834711158683769,33.15542519475291,32.61998122540612,6.454655278326411,89.14632988955567,5.041738174205036
166.8395112672627,11.896875984525202,50.84918208544589,29.9834283060385,5.978509910946479,57.72927007855979,4.289295533612965
236.7987562257201,12.06792542436331,55.82290650136689,39.43000705340644,6.444915346756377,45.0,5.741705895894841
137.28223776430002,14.558208274875202,32.154747539615386,34.00651447841003,6.397875620558151,95.28225233267382,3.823752097544908
195.229263562264,11.21219583803163,45.43418003570253,20.307518435405044,3.050131884133691,45.0,5.180846366185316
100.17813315216584,8.50355047612691,42.57832551227482,26.23475379696861,5.352752914686812,78.13370572319378,3.585199032544506
203.40520893958384,14.231995516376308,40.2217220465096,24.234001735898,4.009662139210422,53.8560946777376,5.2154396552134745
186.86690487898457,13.186490152323312,59.13056756220169,30.01582310817352,4.799765493127943,45.0,5.544320649251162
138.48928024452118,11.747330904963103,60.087972762573,31.393339075224304,5.167903930721547,60.57812710719729,4.59559885266598
204.9120599242974,15.221537261274934,60.69693322151264,29.260258986618595,3.0994801702155703,51.38124402733881,5.67277469889443
92.75868123367914,12.528064395774116,37.68935401976761,23.501051874255136,4.495144170447163,45.0,4.519543747697923
106.94188481530696,8.80617720677031,36.79693419215933,39.10625425514242,4.50848927397535,73.3023806620199,4.007214612431216
218.95872121407464,12.131148920417344,55.929180520779525,34.78537955877812,4.577171158113617,45.0,5.368636547015147
214.1949889332609,9.024027915545073,58.74846086380409,38.54919587068935,6.089672368417333,57.65325405599493,4.957763625482926
192.31222940770544,11.940722212303044,33.58951253303521,30.460796614365066,4.160881613007998,76.60815815606522,4.281574072075653
163.45498886735254,9.95732547454586,30.703314554970657,38.725170052497305,6.290575156349512,86.00943239076342,4.005123705474444
178.99656572593796,9.544168536311242,44.23824082328277,21.535618585094145,4.161192976757876,45.0,4.739751718260363
108.52933693323725,10.853512243770526,50.16287212640415,27.66759032071726,4.513682324672589,67.36398675992032,3.980507611017284
208.5154078369435,12.147323444405972,42.96133321378479,28.35227439002589,6.130074804276913,91.93991571228392,3.3239469422676144
100.73286666273196,13.736393017770798,43.32390814527187,38.46865077979024,2.9157570756591404,45.0,5.705973905781835
82.8986357208056,11.241315531817062,37.70034531238544,30.0598995338431,4.07542456710698,94.22291815274887,3.044135627212375
167.52479793317417,8.719003983514359,49.16964535934135,23.466536135091253,6.190970172452435,45.0,5.369066530365519
109.11604817454804,14.914688328864418,59.2142134943948,30.2876062980466,2.9875957744526875,45.0,6.490621247502432
231.2579826315541,9.198110690478734,45.680024870014826,27.305431016857693,5.161811554508532,45.0,5.403094508937219
146.51441351704148,10.513219142397062,35.24652999803856,21.681329529453688,3.612384565066429,45.0,5.497190892421169
140.30160013620016,10.115190317043565,61.99026862314497,27.91002125217835,2.3161099938166663,45.0,4.6139398880976445
141.27356489114285,8.945331367295498,60.73249477488807,34.46153012972531,2.152200001957212,45.0,5.099949867857674
172.46217702530447,9.694160197679496,46.78256627228615,31.54968488746975,2.604888805828172,68.4164026758666,3.6559975581577246
162.77939720147094,11.975346952124188,49.44618559166098,38.33579682053784,3.144506256779321,61.3391338542719,4.769706148043647
249.55698663218263,10.090243264345808,59.57914511124564,38.27459862773768,4.556673005835689,45.0,5.744088441180114
134.6485468079704,15.246061215113173,56.77489315810468,26.18481118057993,4.684231039313063,62.10381798835238,5.453770484865368
190.275730820856,14.04187056297717,30.057866307014965,25.575634813998825,6.389998094928715,75.51126293915446,4.073089306134614
203.55559670105453,10.297305581107098,37.57529124124246,36.38867979556,4.892943480191918,68.87790114576376,4.357908926808275
237.4689071318944,8.624095282146376,53.37077386339003,34.368284113103314,4.240806120597085,45.0,5.627854741122801
122.27964350510378,10.409521526378953,38.105507090727954,30.09821293117517,2.550192685787274,45.0,4.540410532098996
89.29393851797425,13.584123275518367,41.37193201399223,35.072522837999045,5.490362515178781,96.01533935999628,3.3851266688049906
83.80561256078546,8.532773093201456,51.506773539492265,33.22557653706243,3.844450749384501,45.0,5.7507497774893706
116.61625762542006,9.16606157794324,46.27313597083073,24.464483005651065,4.90355916935444,45.0,4.902692485115448
192.05044032537165,8.556464635949943,31.26319368232194,28.57974848608859,2.208706443829425,45.0,5.51567315671141
202.80180733967757,8.914943826330116,49.652366166241606,30.93823372027137,5.475989676277103,45.0,5.400949536422042
200.77861877659348,14.84415896905366,35.48186410339795,30.372589038488464,4.61927530798866,56.70662969982596,5.550312403697173
249.283149736681,8.882201368676906,51.35658359521251,26.921877326214663,3.213262458849801,45.0,4.923656294256254
103.99059499801864,14.522600464911395,31.947560179771187,27.904255915591964,6.114637517737762,45.0,6.467281778057494
155.4327984567093,8.221979854071595,50.12771057151094,34.9607083231615,5.68264299603636,45.0,4.760147163480967
82.73523391651963,8.458385835748286,45.76594185905596,39.3020358561774,5.55803750160352,45.0,4.490367362318633
219.17579893192053,12.842648645092776,52.28437813390366,29.98939454411093,2.6724538446677744,45.0,4.857322680979697
220.1282851331892,14.001152317062784,45.14372146372111,39.81023144502218,4.186901938608285,75.97989697221095,4.617622170385569
128.02704830794576,13.155641397133264,49.92629432605011,27.331217681568084,4.347942588943358,52.47022013391203,5.015318476884442
248.97793030092652,9.848252662064954,48.145461426326825,29.645418325968237,4.201689360291214,45.0,5.52279857121566
183.96468524615895,13.816613287607492,30.99725803025285,23.49791996924032,4.809080971997888,86.14617592512894,4.271883176491464
89.3543002215019,10.603088661208083,34.418039501893034,36.06343635602529,4.500891556561964,90.91070405764324,3.4166666746763035
104.4652515782632,10.554524969021706,38.14797238990427,37.14039607891958,2.511527866523552,68.00591284489217,3.856233235014599
83.19980841584001,14.365237404994671,50.62624754111821,29.654574337479065,3.575109657250681,45.0,5.989038455275315
91.07500642163744,8.79068170870333,62.823726481431706,38.08111072283826,2.645797242419068,45.0,6.036872271426066
107.34570305353697,8.157747669787069,31.76973439205203,28.312178403009785,5.884047800806418,83.10002937542751,3.2124881716044604
240.878618540009,11.53984814253056,38.40900403677061,28.763869017421897,2.937780848158434,53.58309149534167,4.838850970823918
207.345288587814,8.451992395368919,36.088742600920746,20.90150145339549,6.34443048585644,45.0,5.776727163384573
109.52543197709522,13.630459354779653,62.2381993089156,35.683924329451365,3.689894097033708,65.64106067916538,4.782745186748251
105.61958031286493,15.042670594417206,54.208993308571685,35.95046130659273,5.03496378289803,51.85155685881582,6.622379961513088
189.7261620818394,8.284018423716253,45.27706938172791,29.28284102565069,5.292743877989725,75.59152777626453,3.808052921185214
126.40255924028304,8.796905087033306,38.81117965948328,21.8257479468904,3.8155585907820826,45.0,4.996329859144069
109.70929444182424,14.46161574314553,47.76168149349654,24.0666766401689,3.12982160924517,63.00383827389122,4.797571629816099
147.15883590729612,11.105421344979272,43.98655940090077,39.3846622754378,3.677662258209149,45.0,5.815248720898456
249.15088430119457,12.48543431274276,59.15275782421912,29.26788511474899,3.073324166775598,45.0,4.647094609977104
112.82049730490894,13.11575799564636,56.93212480563293,22.88770718165528,6.222351408308449,45.0,5.798083307013858
202.87450955076207,14.370833470003536,40.06221574226323,23.9321165996762,5.263009212098095,45.0,4.9747431287535
244.6905711390134,14.806807903676315,35.66835310607432,23.23839673689004,3.6249615442131473,45.0,5.171609649596819
172.3971973130641,9.006510584653046,63.93315940492347,37.195630713845546,2.439348916108516,45.0,4.774663921745243
241.3424874471588,9.147371146637568,61.277541346076944,33.73252115035558,2.4814102494243846,48.272649528652046,4.770004208192336
149.25737510058138,10.952945539361416,39.158941338054646,28.6005020516906,5.681465771736041,81.0630088742743,3.343132465387243
238.60840880251556,11.73763419952477,42.25759316472077,27.222605929402302,2.866701102958905,45.0,5.664536987669241
121.19484754921862,8.956543653408994,59.01281859966254,28.284231563056537,2.9870833321018653,45.0,5.9436301164821295
118.59737098334637,11.816598318932028,62.11599934297298,24.847671835051923,3.661052956635393,45.0,5.829444752994972
192.000056954194,8.579629866508187,48.71524282438658,26.37937906703284,4.738843553108013,45.0,5.367882093021272
163.5554845822594,14.085713072884108,58.23714078553466,28.659215445853697,2.8985283901580385,45.0,5.263676614687455
139.71161938328137,12.21855318469504,64.36183084457198,29.35508314183734,4.125107246174758,61.69978261533123,3.63655584263768
98.68899894803504,10.103875355354456,59.582463026071935,21.78748115486045,4.226685876276994,45.0,5.195726275663515
130.27288312357905,10.498859714214271,49.772026664471696,29.964947890568222,6.005383792148173,45.49981381617416,5.199337403263294
113.78925801249837,8.513442257744654,64.49219986141192,30.18736843769876,2.310703543559216,45.0,5.592606461614997
248.67159148953036,12.434168536112123,45.688174721390496,26.173114599127697,3.645994193333876,45.0,5.550586249984759
187.74792752363004,12.62757665571377,52.63384916647654,21.04917054462704,2.744175364620708,45.0,5.473868288317643
200.44367881216823,14.77662073952213,55.784414712982,28.87362048655148,2.575640929352832,45.0,6.08643883468568
232.140899221113,11.077523379573954,35.21433107975421,38.0683343614469,3.997752987757538,45.0,5.296680436123102
147.22381164977247,12.239890577813274,52.32506224023343,38.87356154625922,5.891512145808257,95.0026698805657,3.302262632860125
203.3831732328407,8.976093020257025,51.42243676270432,22.66923962427148,2.8808564100719423,45.0,5.902165784848901
117.25829584119352,11.458287418504836,54.38175212004545,37.01527093875637,3.656707857761365,80.29127007241273,3.246819792343162
205.7048142885525,15.414865789846322,53.662279237879794,32.1661112279862,5.727639094246772,84.59562817499817,4.471023305378477
219.3880768685315,8.788939413313022,34.5720548460176,39.50234126691424,4.475726643017962,45.0,4.83310402617227
100.46420925669746,14.612425925074705,55.81496179135358,32.90402766554031,3.5496576456466675,67.12462057899793,4.957303207759686
110.46880870338912,11.48219264398184,43.32089940518761,37.99979361979662,3.528519124202404,45.0,4.898408663089215
109.0465434164016,14.75142032949651,32.49368409129438,30.73756439136644,4.789928033997949,96.80173237595794,3.935525703789236
208.3317302931412,15.694456166445423,62.935460987527634,31.016419897423248,6.017149901474803,59.45779863723592,6.097799422622902
83.30552326805021,14.261519569378162,32.63130235023555,23.249243044551275,4.245564025954909,45.0,5.836998021364801
119.78230723449911,12.644274353080185,56.10819159321115,35.845845879773975,2.252728786974909,45.0,6.0708622039309805
93.5292851019771,15.225312627407115,64.88135640322943,35.14780882618922,5.968865499275113,69.25967530939371,5.262209893509491
156.84597621790658,9.387655587631349,31.888757018682277,37.4052246772027,6.158375489950152,91.91116503967164,3.1903347400463264
201.4577627309872,14.921621794150996,62.76538670241865,38.87885033556912,4.107887805112865,62.63393178334689,4.9139727224087615
223.5804486355536,15.238662102515114,51.67750982768055,26.09548127363517,2.2807973818090184,67.54177054476061,4.7676087368155855
158.91758375920324,13.489377284983195,57.176031064384816,37.24262504113263,2.4037787183972483,45.0,6.289919273346621
236.5935394951016,13.3113364568385,35.82266631151005,27.23207491794987,3.3396625910053594,53.32121304677011,5.27675417597316
91.21821525170915,11.790351538672972,43.81552538570404,31.412012090546337,6.242196105167511,68.9378473229491,4.640509431989862
167.38489204730655,12.38995117648549,42.9899405233609,28.319367704572343,3.697894475079344,45.0,5.559974806756065
243.34954501681875,12.364395245103143,43.61920205903703,23.083869133241997,3.1820095667341644,45.0,4.777641442694357
134.73054061497456,11.964606132396336,52.69511254685934,21.731290464948145,3.023965015353636,45.60049272873773,4.602847893443133
133.11163209853208,11.410522843187168,51.27117366719376,25.87387361437941,2.405580000348002,57.38414548548474,4.320278839728103
126.30013303204156,12.976876221815996,34.27956815623132,34.00943172726522,2.5748433667087323,71.19089545883558,4.781368277775993
249.25217534378135,12.88736911680078,64.95097076645044,29.2266516374088,2.2927061822745776,45.0,5.273256874692679
198.4967392014725,12.248434144444357,57.078208900753296,33.26536047099431,3.0116466701146503,68.35180577569359,4.229325354157044
218.18774911214524,15.98484279428878,44.66957102320214,37.31587000872458,2.97220090029327,74.49057675293956,4.429173153671298
175.3124320040605,11.41716095761403,60.05184892686029,28.614208374152483,3.050949792151388,45.0,5.377640045331472
171.44969496399617,8.717594294547876,54.13382796702691,23.496377604470045,5.0924481581207175,45.0,5.425271679253857
90.24793925817455,9.123399908207643,50.10785227173955,26.94232876876457,3.79587707527815,45.0,5.7785767283993685
180.25614092586352,12.826985791558926,57.59251467518987,36.92819625500134,4.620018251571931,69.66622093262399,4.68394066474171
85.31599791612362,13.3947213841168,57.67376508880542,22.53430555738067,6.48822788277467,45.0,5.790105119242613
155.2684543506621,12.667010556262806,59.78752197937048,34.78177727038869,2.190616658012475,45.0,5.747866370782761
247.92674581252504,15.258839473900448,39.49805869115752,38.88688911110346,2.425788133738363,54.6452412036763,5.910318707539766
227.4535879807362,15.54670317965618,59.69085310219445,38.13660536415512,6.380743872217796,45.0,6.1348046483527945
136.94769814190792,9.711560960915582,59.53591855599409,21.51222014619735,3.522197445495653,45.0,4.859768594363136
233.46215792041343,13.810236128475886,62.644898939314295,27.764452769600137,5.828086267268136,45.0,5.67985550994015
147.25392934043117,14.846149316650408,34.92498387278431,25.694539177792997,2.2024657116350896,45.0,6.139049705264851
211.1314857410936,14.61062839956286,38.76397466103369,26.153614692370063,6.233239401781329,87.1655581459397,4.56635938043724
177.9522757401582,11.681439940272814,32.351761177143786,34.17767440215984,2.7245338632039124,77.62365125299698,3.776634960516817
182.8992134923514,15.459861620312232,56.62786534159712,23.633867228973127,5.590364546234186,48.21183363950251,5.956231469359846
156.30390526418233,11.658262373570278,62.36646840692885,21.64119877739128,2.944909181892636,45.0,4.634543959615461
123.91656030184232,10.351637519980846,41.55573826061415,32.19482142924809,6.289501344517212,49.2846374219951,5.40876513931288
198.09419022673856,8.93724884303666,53.76022920515522,21.806694181302696,5.407856658326886,45.0,4.7461174909775
164.8745074166963,8.552636317079093,41.84881358213584,26.316978567338406,6.112230665755514,47.35051570964957,4.665075032769475
183.7371192792412,12.822048344642216,37.56972590121778,30.16174626794735,4.727402706687606,45.0,6.046437753934631
232.98432728596336,15.643391707426815,57.91661649371184,20.41659081242911,5.228973115461562,76.4854321690961,4.8617811090173575
239.37365727944885,15.022172685615866,45.64229767984139,34.40978410714401,2.516253500127521,65.5438975785324,4.498054288492357
113.43137062471888,9.737605933996225,60.0953649458683,39.92016807561141,6.058028724325306,70.81061965306115,3.962255735611589
119.84635860606376,8.098316728053177,44.54635102535345,27.522184396568804,4.903728294213411,53.13236101982939,4.4795758488162924
91.25891114428264,15.208771532617677,49.27830828218805,34.00200986020826,5.6932956308895,89.19145390405473,4.101544485034864
241.86450729172827,15.770114594360429,39.24168420727106,39.42998289649147,5.421315868148006,45.0,6.707087173789184
203.08380945154835,13.91455621306692,42.63997751604429,39.37283938191183,5.5105944341133775,88.28143506528782,3.8716266243655815
161.7189868843198,10.762593677862942,40.59708394706567,30.80960670482289,3.152468392238508,45.0,5.765175827938386
167.8873344433678,10.71302210409972,39.901641938921,30.96561059710554,2.9431994462906346,56.4943000583414,4.453080307265118
202.10667423664643,14.10303598571085,40.799557798285626,33.010154514415326,6.332263844633076,45.0,5.318226384248012
185.76784437804912,11.885308240172328,52.3841279962887,23.288128288390315,3.199441747035652,51.3096256841295,4.35368942365505
102.52026985281262,10.403609075439412,45.25037668142149,30.785372539849817,4.348776827613028,45.0,4.118380213576288
238.2694013115538,15.080962629995163,53.35067295732559,23.675716740371666,2.486007827481818,45.0,5.879168691612975
215.6918907502068,10.77309078350999,42.22560727369027,20.87228729406496,3.828688785485253,62.43254962526894,4.637497430526382
185.7218078219292,12.01270316277321,61.03678684497798,31.284139524682026,2.281395837322422,45.0,4.9153332464428106
110.7065461461138,10.531692716122125,44.32493658738729,22.256427438036447,3.4352329855971098,45.0,5.395024690596342
221.5298801906375,15.629669474243505,59.21967571310711,27.207180115400277,6.098150177418283,84.12279629576223,4.984853823494664
83.25405122212797,11.709516147341532,51.70746856431975,29.7047469441164,6.259325037712016,96.22744709663142,3.0787176990728606
231.6119002468143,15.702966825950613,44.45675971410354,22.13490884638006,4.893988060450885,62.058995215052114,5.489624599052384
111.26133894072336,10.577501775138488,44.895026445263404,22.36719241041965,3.4467272481007054,45.0,5.310336637232006
214.1195095110469,13.936838297079198,35.549505209687744,31.42954538005644,2.357817056836637,45.0,5.944649017164263
131.1422530767574,12.498262520602877,61.14516658990068,20.702580325217987,2.340213420035892,45.0,4.975294388003807
237.00734872794592,14.767806308499306,35.68922677203748,23.6313931227435,5.565470508816534,58.46472706967694,5.146963126237768
145.9217452325978,12.56699654573394,60.32190925085264,28.290980618545227,6.140845099052678,50.73475348957957,4.825959102982237
144.78708764618136,11.240910085987776,60.25845606500226,39.647656786513934,5.036650098223561,49.39861576279755,5.355370298575076
124.85270240150432,14.394304071718754,58.30814917489056,28.587726968534028,6.054921782277906,87.19004342130039,4.0715849105125
184.52320341008323,10.727846157475849,54.366690824971045,32.97357164449582,2.9214925147934894,45.0,5.377400634465829
195.0290349772206,15.302095257123028,58.64358282970757,33.617363915523185,6.213467539330802,89.70706097424701,4.397241909689806
98.27762976832756,9.471677707559612,46.73694495583149,20.55613608394501,5.7424595113651815,45.0,5.900547061034006
234.0397107042089,15.128342146232988,48.04501415932832,36.98193246672197,4.755172903603162,45.0,5.263643447128642
160.63094853661875,9.532658670089596,55.36694454390256,24.983030728717715,5.389373494842285,45.0,5.601556325825548
92.28889515970036,14.16841224900758,59.85061909161463,26.248090202286168,2.18577609190254,45.0,6.504072051340579
131.9028824109637,10.924009033149826,38.29540465813635,24.29210721982332,3.310480242788768,45.0,5.678245254236472
248.2928358645212,9.034231276554047,46.471416952762254,21.850725736049387,2.2630533572046803,45.0,5.60847778987443
220.44030699421225,10.612042386232858,62.98965038095414,27.84912286769776,4.505501181360096,68.7468610529153,3.808588608362858
178.09608698232125,14.9404272699228,39.92347433420511,36.39750620450428,2.44935962888084,45.0,6.005325771402703
233.93340217912288,8.421840071286729,52.76799349445192,26.402569916117244,3.51275768670629,45.0,5.681563253745964
136.78052826419196,13.566737996758974,55.22493496299442,34.68618709156613,2.7434613424542134,45.0,4.868994751113643
205.64179795839945,14.553788912186246,38.50830072056673,27.541474211248165,2.2397753694281963,45.0,6.1332426935765305
201.05347197112323,15.693807199648806,45.35044630298648,35.75769679277239,5.132673087299919,45.0,6.561602972006122
82.2760003198297,13.814371939788042,50.43746193506586,31.19446930881071,4.665608903561516,56.30967659478492,6.101880509378261
137.42048221643762,12.482506025729494,54.33013000993327,20.68266341113844,3.2025792492429805,45.0,5.612207638942719
86.61765617928548,11.393508451170083,58.7690792283253,26.6266474266916,3.905385528587069,45.0,5.351997439442242
206.22428242813305,12.770113208516936,62.7156866333109,35.72418542602925,4.774989670818221,45.0,5.720287390334363
119.02766590425622,9.895598142122129,48.09233943521334,34.72609802225718,4.389332693098545,88.7367079035477,3.666059044049131
105.179826743459,15.933720179779002,45.14118032681811,36.601155794140055,2.786502892310589,45.0,6.313302597159705
95.89084266945676,10.475610967819112,62.81528075102886,37.0650057817343,2.350923615936493,45.0,5.628314292909193
218.47493185903303,14.47574596593471,48.657305530139794,28.50633533804021,2.683442289618675,45.0,5.557664230744996
130.8466762232966,10.416118891268123,51.20829639816935,21.29575560364689,5.028017444402103,45.0,4.553466490738495
215.72412903165952,14.604761408946334,54.38672141027711,39.74056715122941,6.413442895242288,85.1054834809849,4.026094085081443
176.58356930993128,8.63520814010337,36.69429862070761,34.03776977834028,4.456053775784671,45.0,5.31345873872125
99.86512535806624,12.72587682682284,61.179429329415655,32.2765335865186,6.138237204387832,45.0,5.092990743168986
159.0031823631269,12.44024493131235,59.504868518516574,25.95713968476534,5.5846100053404975,49.58009338853513,4.951333429120194
140.07869361576678,12.53849199238369,51.39597164311863,34.82031228161296,3.662247953333833,52.66206852287444,5.72000453810709
119.51502885380025,13.045487266296655,49.89336125308313,25.654322453042145,2.8049818909527877,80.04822209168985,3.808111732135671
84.17787783618988,14.53126885032039,32.74779782093124,21.671200277845283,2.939537243278,61.411514751163445,4.920296750864347
163.27593945276774,13.14536170958442,30.658294720555357,28.25002490706081,6.069473655741429,45.0,4.825246628481301
170.09156602709345,8.453185596749076,63.09100228234501,26.91872347011943,2.6162714890886027,45.0,4.194055933604565
136.5337671458471,13.13157010069746,44.26317758537192,29.55211448198524,3.690939250350575,56.31611737057124,5.576029707117428
144.6079514109224,10.022913028025334,33.01451952765901,34.80739459123203,4.213865449497149,82.50732800975265,3.8955811072228927
98.87904999433545,11.430316607572362,60.12506642811351,37.66866698441441,2.2197306490979023,45.0,5.300407244631905
104.45135353429356,10.454508062609772,34.17876432537865,24.526124476573354,5.299052969123346,45.0,5.718456201240187
200.69718417592475,9.86886188061191,61.22629203743004,28.03585916917404,2.230373334816392,45.0,5.43246217546927
169.17464530874412,13.825452499046946,53.860086845682886,20.980946469282443,5.496684119634056,45.0,6.028913868217332
230.0515165907127,12.87983126032846,58.02242316554859,39.04619016836096,5.291817135196201,58.53407925667666,4.788369641702122
185.4687790752137,10.01344639066517,33.84756204509626,37.54269895251516,6.13095449403079,91.21497002609895,3.8048222720819047
192.8321028034552,15.48944024246671,44.38986261618327,20.36661996522644,6.176583689205615,50.50279246833456,6.122806664858148
86.09485208622276,13.76115723996218,39.64402034788287,34.5433919695686,4.679946159486669,50.98801086903557,5.790814308452246
191.2672371591969,13.026124978824429,56.8621168956676,23.406651546915004,5.402298540608159,61.200994870809936,4.337609070523745
143.87891437571028,9.093611496744296,32.55800183283802,22.02658159976336,3.6298830076535538,45.0,5.569808613774205
201.3926317153548,14.226827333524678,36.94322603249847,31.58471546955238,3.654640057027758,45.0,5.771981711570312
154.1656061814391,12.92213540648685,62.35808833603998,35.69320306048566,3.248028380207205,45.0,4.863942796540057
175.17502411404718,10.221910093946107,37.14566046498661,25.629838961340848,4.449197181097097,45.0,4.144472074567881
134.4278446118209,11.167358879801863,61.56954302774309,22.44914812448114,4.683529632310759,45.0,5.514622110013274
169.3380572785756,12.88542525720652,37.287643502734085,20.069054273243363,5.364812853495133,45.0,6.012335713100875
102.62957062254036,14.467894453402018,47.227076531682016,36.12638745606512,5.063954626360027,60.09547024104223,5.682580679119998
238.2735175491081,8.819896296450322,45.58004260224303,35.523010582187936,3.6065201417852015,61.801668274333885,4.2393423414286
230.92355030174969,8.535524858876911,48.12093882675632,36.85751798377339,4.390057651285332,45.0,5.153300036665714
170.99576428464786,11.134276764944453,36.83728556501742,30.341394439813165,2.132925467664196,45.0,5.63532893010916
130.3437041638529,10.218171939472338,52.96542248738973,25.362287149633936,6.270193472950245,46.67799378395823,5.111029285045566
123.98794939534716,8.15827158004743,56.964893925767726,33.14711842255812,5.615361910202836,63.728883165723424,4.618604502469391
139.71367715244477,12.465780627397624,32.70124917911873,35.99019321946866,6.363625523737976,89.24028039599487,3.308360447104597
98.91621113125738,8.344324590802213,34.30319534038432,20.740777055346435,3.9387752083737633,45.0,5.282603525977718
232.68238436606836,9.262694561461034,59.270389795462485,38.18619484227371,5.337739971802668,53.541201491143966,5.118333507035686
115.11756180609235,14.59319520082228,39.59091886603127,32.738720925444134,2.31463740620694,45.0,5.946100422005582
80.33321518369449,11.340478503632689,30.46666807914821,32.317962783513906,2.7218340745036462,67.3299361221213,4.149735150189085
133.66461464720769,11.25835210621606,40.848589303302056,31.53920598083501,4.749244980498865,70.58864624889713,4.815261540173679
154.2755073108102,8.75250361232332,60.561310436722536,33.908711338175245,6.105341143461468,45.0,4.799102338882845
131.5419711825367,13.92256994529092,32.4783791045964,37.94714891689302,5.944037437761364,81.04706875751923,4.720678912985992
145.65984385502247,11.293990934964636,35.320221682023934,28.47812720473629,5.807906499082121,45.0,4.943164801500359
229.10808654707,12.12089989504719,43.437620432421,30.982273686123225,5.543690629843072,45.0,5.536703218319533
164.34217384506778,13.723695866477524,60.26975174235853,37.09706285054744,2.8865021692846,45.0,5.542409868949113
86.14510684120393,13.83415374347053,37.12071273588198,37.03103615496772,4.94530728960935,98.48892279230904,4.150088829680971
206.31503082851097,12.15291902855634,57.96902805825171,20.474524025869982,3.48094254614421,45.0,5.562077116191652
119.65779948598644,9.332892586070708,31.65250974597168,28.75158677813448,2.747328252473806,45.0,4.323330822081158
242.23463869384952,9.238886703430074,53.86465216208833,31.64613351678144,3.9316601596428704,67.68693467651947,3.8301007574165817
124.7613455765462,12.808479016864354,37.439505568572905,32.75877831315819,2.6794676884068576,65.23985453337005,4.675814506675172
212.11229665004845,13.39217070671106,35.30763384110351,23.876371634709656,4.871928352464442,45.0,6.097136147741143
166.70793930044226,9.85975440321497,43.24274080975299,30.523068949597818,6.323085872487961,45.0,4.605513679544705
219.26237975016025,13.90938851503899,38.57350898462187,31.342883114863028,2.6450635171271264,45.0,5.844400328078022
226.4571605279367,11.384344568289691,57.48335395142966,22.641966865154583,2.9470227584950903,45.0,5.45678169934461
237.437710994268,8.23339078201256,34.452076660740914,26.24271700612757,5.372959979488757,45.0,5.194151617242136
100.3373541896624,9.753559070557465,56.65886335411484,22.551722263602223,2.5351043571828966,51.07435822699276,4.662054296064581
157.45465288971664,8.691333518830744,49.62683948370012,30.484697849047485,5.095130054293236,52.67840384106418,4.423607546872395
225.35210615425856,14.190689920610998,60.38173995844592,39.67359109727917,2.8822673260222103,45.0,5.626577407439703
135.22542596772146,10.266647723795744,46.15511429651846,20.46943715553494,2.358713017951655,45.0,5.85743169588963
179.91543137930847,15.531508862613826,33.07094709367524,30.33216063333352,5.997953564089455,45.0,6.019287909178498
115.27456587696248,14.925053973231686,53.98300322068612,30.253207793509556,5.415510317466449,92.10583778440264,4.720688068649856
242.7282930499558,9.07893654268237,32.11974499479918,26.838126109337715,2.584260116183398,45.0,5.241665455358108
132.4190638977414,15.955411696283122,40.79508496021987,28.04882856592743,3.071039154546429,46.34146245391311,5.44327708168197
247.3361527696149,12.637449453194286,62.983270571028086,37.64727004903981,4.892851061075043,76.92759936264464,4.06619832156528
245.6603036725348,14.881456032512244,64.96216144929502,29.44423661356697,3.5444609052631213,45.0,6.091121682146268
87.95035923442877,11.70136502795824,41.68554326524123,31.752958935630986,3.309273785097649,45.0,4.341159016431591
195.29264144576388,11.178674587910615,37.95261698594609,21.713500270509023,3.763692964491566,45.0,5.652695652078378
110.03717723599156,12.293013917695824,42.88229577711304,31.06144892058928,5.429659312185919,45.0,5.530274240743621
220.71447340806264,15.12187350832931,62.43127256064625,22.225929514207525,3.3514934352968666,45.0,6.220076700260741
91.71858448651886,10.35510243902527,49.59572586926767,27.29548110114443,2.817936590440457,74.96278587340588,4.139504634699036
104.78568315179211,8.856999713675105,57.50106460596695,39.04202886627655,5.484465057000456,68.20915011593581,4.296173579956495
158.46859071951377,15.621628082629176,57.63556105069493,20.74422330617739,5.739040627883065,53.05908722950223,5.845433640773091
86.12566234549689,15.487066246474104,35.2194332493943,36.984464498045824,3.3244607396599406,88.8272768653439,3.729629530461368
114.23672007873276,12.475562437059429,40.778711701663056,21.080405300581923,2.6987100271280844,54.409295073003626,4.92804948151768
174.530154892073,8.035331307792466,61.64473868434099,29.89538289461813,3.0164906462523757,45.0,5.85572910838612
133.77135889908266,12.693953043223123,38.91029823805343,22.91773921190751,6.17063986477149,85.03951132898727,3.479338988218712
213.32744211123625,14.65275547100478,53.93694137467355,31.969138309958588,4.656524236498736,73.71811415593051,4.746564837157172
220.1940596259649,8.833507014668648,63.4259279035492,24.13475683841974,3.606071630407988,45.0,5.530214558932217
232.3915358395588,8.412429777399508,38.85337285646204,34.35463403876562,5.027092459580503,45.0,5.08510991587409
115.62195928074377,9.05299586886579,36.551273928383765,26.083147916066046,3.791449370587934,51.59452505798232,4.985900730707682
121.1480636116942,11.278667384084962,33.972782288205195,27.140841344023137,2.86374655776995,50.10542843737866,5.3866705384161175
220.64707204609093,11.778513929742392,35.01734775007755,27.513699957496687,2.608398385312924,60.51816501658869,4.636387300984323
216.66505862508464,14.17239794411742,34.02616428697319,33.600048508746326,2.874811339598384,80.80377616649011,4.260378346446558
165.1051632309427,9.97332458285744,43.60895466990133,38.19668148820239,3.7764450307417383,72.17331564746804,3.905196673688209
155.1169723954152,9.0087054194238,37.90391595285534,33.37804379649864,3.006958836376786,45.0,5.326758042793454
217.3702193466014,13.471587885514904,63.84962070506055,25.41453564628956,5.238859702311826,45.0,4.89555223325467
200.36697767560636,15.423848184835304,38.137488259907286,21.288790071506348,2.4039237227732064,45.0,5.902548068756605
81.13762798928389,15.601553560723303,38.88320851487513,31.762887725504115,5.616960222670304,90.09171722995195,4.35141466212851
228.59803191038645,12.136582331390132,46.34589843529574,32.73437393771491,2.172803202888873,45.0,6.069727244547712
155.5151174809869,15.287477356494843,44.675660771136855,27.944521079222483,5.342255719404859,82.73862188065266,4.619780978329804
85.56334332634387,11.330762620946292,47.98826339601534,22.404637994047803,5.275098848874658,56.89927100831756,5.225421597770822
193.9538203483664,8.706414992176098,33.57438829904005,39.05026459952926,2.012819879141708,45.0,4.758879292738754
245.25344949962195,10.68985193960473,49.38693808431684,29.931175419927264,2.8766106468931927,45.0,5.161596163225535
200.91862330680135,9.465327044761157,51.96922144484794,24.68262937722947,3.4348220382522863,45.0,5.623955537210476
125.76686647969908,13.78569262504638,31.779288336787605,25.61489593491508,5.140941203165452,45.0,6.595420807677302
173.9080510976039,12.5688929708991,52.68574571357724,20.89366760213569,3.0639391037807875,45.0,5.968276718808623
204.3485144602374,8.419769073863696,33.6461421047324,27.23690800390515,5.856492331580839,45.0,5.029829994035094
138.47704028020192,11.676342608142516,53.49909287437778,31.830625076192906,2.9758997625601333,46.2639401208308,5.164575012692695
81.72405718529265,10.14970633900295,45.668157051426114,32.54802536668058,3.6695086389792846,47.70124890064977,5.500356609487466
144.0818055694865,14.413206984814613,34.65363218874447,28.988703974031093,4.9646923297816,55.14979013414454,5.711298332981891
131.2782707846499,11.396058165079452,51.09335052062937,34.86652002624702,2.335619631251201,45.0,5.0708360838795326
114.16417145710076,8.126791381739645,50.55059833582602,30.23818155451848,4.794974279923773,75.79006245596229,3.791397440132773
116.6792954809,10.934808009115232,47.13380619967242,38.01837094316494,3.4600662650013088,45.0,4.555530711306421
113.8498887212324,12.469022930938916,36.35955531330883,39.05603830483128,5.240387141242117,69.25359272456278,4.667198241045856
225.9266699185133,8.67094779501387,40.4718285734715,32.320025111895525,6.477100425436032,66.4671438599304,4.075917848439388
117.10162620522556,15.411445899826903,49.14240519358757,27.39060066502108,3.1580865549475305,45.0,6.895920489307963
88.7720187887418,8.447905272147436,41.180891383786495,29.40693316477197,5.663598099856505,79.42419246696137,3.642832377148325
183.4788657425949,8.951788174525644,36.62218722500997,27.637032479094565,4.631182284913798,59.80475143772268,4.184573739220824
202.2466307622234,14.998900653527809,36.816307354341305,32.714340972832574,5.871801138472729,86.93360970090018,4.4125559785518815
137.34939619032838,12.583833375633116,60.37273338536944,26.842848659554317,4.713930636490292,65.22656094107928,4.008608571268211
244.68635307508487,8.311973995369588,38.17356876384343,31.230354671024404,2.911694510765836,45.0,4.0868863621437725
130.07038439626908,8.716629101001276,42.38050240693586,30.59827660948182,3.1172233165512164,45.0,5.202397825695992
125.53003911277636,10.695227258847051,55.01308003290645,37.928035214498095,3.696383873548037,45.0,5.265913980337729
237.20951979544824,14.508389563130734,42.97763817040199,25.665056558202146,5.269721091241493,80.82622456390988,4.356009086720954
212.9530935211255,10.03675187924862,35.63297782008459,31.60055351449781,4.703967330363486,45.0,5.113370316931642
91.49988994021196,13.069156969278804,57.127394871932886,29.431213328761828,6.48055437877028,91.77004286927748,3.658211461613692
224.2145052004938,11.97392984233618,47.4116730090998,22.464019844018303,2.189670891051444,45.0,5.612803337474182
118.0071641484232,13.36120527891363,34.67857218622666,22.970223969288085,3.530071103254527,45.0,5.711349440963143
225.82740218450087,13.62087597473818,41.27560509355931,34.40093908981506,4.4253894997214,45.0,5.7754566642613625
192.23235592522968,10.522483723944838,38.621411064534186,38.70844166687358,2.442289913053062,45.0,6.058578636378089
220.81873337203763,12.71584062014837,55.38693622955458,35.085332571725736,2.9020497479648903,45.0,4.847226716462646
152.43698395022588,13.07895829569748,56.3724676140956,21.44736960091059,5.7918145708145765,45.0,6.177246951151046
152.87670825583098,8.505422147452077,60.56645505733603,25.324984224817086,3.7814821929340345,45.0,4.223551939701585
218.13774136063236,13.19569660454092,64.26714695938881,36.91028299577864,5.512030760535058,45.0,6.071430631798158
103.75603877000842,14.32822671760341,52.83808217254878,26.590683001507884,3.0470207783383607,45.0,4.971279806531925
84.65629433875564,14.893800785716678,49.41619278849606,26.75502911353396,5.938557334124875,71.60784395934077,5.361912614697592
149.70248845077538,8.218819925649283,53.91237183919127,21.321973594644238,3.868108759619898,45.0,5.212561350277113
158.28686381650311,11.405295245704032,33.05009695128329,25.266047621550147,5.185225863677622,45.0,5.164103381078288
171.2614795948071,12.64602414076247,40.43201108814632,28.64995408293671,5.683082871125859,45.0,6.030824623962372
147.7963954263918,15.96143120525178,39.942451322718206,21.323738410400672,5.331468811023191,45.0,6.108778465607667
90.79020433009302,10.512170000534244,34.29719883821822,38.70267082878262,6.146007898976006,84.33176454512189,3.94561416576108
181.7380136675328,8.72681855108027,31.93695460626933,32.569551417764586,3.91320274835122,67.3504577204249,4.010260511311402
185.9595898023645,9.164261097278017,59.32847022680877,32.144459198688274,4.1008065367643045,49.55924705292672,4.682367551114847
95.72284028913144,9.826943692792549,33.763522644675554,28.02550330596911,6.388936995330538,85.55541405281812,3.681544180391345
226.00370380812524,10.033971808961075,56.28933018412175,34.252954191399,4.897880774396233,66.8079353089286,4.171221885689451
222.74199886749432,10.322908835924071,34.72477542477925,24.192333452647983,4.827193492681722,45.146426553896966,5.235005042179028
82.32398908037766,11.939599614477707,46.44678665485464,37.57248866804729,3.850133953838445,85.80920595655701,3.5143790809973026
177.60793184957933,15.722267428003985,55.792557928176414,28.72429072448724,4.215347479857408,80.33408840999013,4.529088864847704
182.61959924753327,11.171807258414834,45.46516469724442,29.40292735586493,3.228719297748235,72.4805810154999,3.363612948106386
116.17064039666651,15.953701595381208,36.752402544314265,27.872994433130557,2.095697262839619,45.0,6.64211124938514
118.05739270859674,13.45697716834705,39.53292733976147,26.52166565543343,2.730170677558814,45.0,6.292328061663582
169.7268054607905,8.621377252007317,40.99962678297164,20.170214200989037,5.936420436153334,45.0,5.331303497977064
169.938145546234,10.054058767999168,47.35879259749963,20.582998150252347,6.293591963095672,45.0,5.3685690296613
225.2167558213094,15.22399838632884,47.62949783904364,22.052521618986265,5.699018644758745,86.40099667102992,4.584248775017387
212.82425110263665,10.982838263639438,62.00901455909733,34.35635250754058,2.9628918636594554,45.0,5.529235725564716
146.42614297472034,15.1402214896883,46.85126534242151,35.326540802326065,6.0814634282384965,51.47212398832058,6.003116034127034
224.4740814067456,15.7777256278659,57.70260592097914,25.37742244945907,5.645239442290033,45.0,6.0404013188087085
128.35393660323766,14.346000690175064,30.8803850555909,39.81773940751999,3.156605041501864,65.75166426777672,5.34754649294978
228.35424763881147,12.680557809057884,61.47926816793744,34.457290986390134,3.001997207372741,45.0,5.153296982119014
241.8184659203297,8.599362838241001,39.25363893302927,33.5107627039972,5.631960415308368,75.40986460131514,3.6980934971584296
196.6565024050151,12.039381333041238,57.27827357983191,39.03720354875114,3.1913352039477005,55.19949234178612,4.019337585687557
154.9477128865251,14.198244519806172,42.56216914534304,25.906694700484746,6.409009260877571,56.65331713669431,5.223630535811439
176.52001766976585,8.662274845215633,50.17845495163745,34.39082520241062,2.6609547176351924,62.09757189792224,4.421867003144958
81.4205738406828,14.540454668663855,34.064956292904284,32.74221099862896,4.417798598082717,89.6048795855846,4.001096881975722
235.15978782003484,14.560248145035478,62.31443823450663,37.3189902101047,2.72809176773096,45.0,5.85508381861108
82.21259083566463,14.25346643994687,44.70361491580171,31.04163462291357,3.466439191962997,94.02128924471371,3.115222578343068
136.41000048249936,15.57057734772057,58.8797902000629,38.392229020217904,4.519258301682342,53.40721130523309,6.737497448488958
244.8933295477585,9.290711111422851,37.91317124161475,26.7536359277872,2.670570032623306,45.0,6.003063057335725
201.93276143207515,13.103677145650682,53.55086105058832,27.85028149635612,6.318358535670161,45.0,5.449469411862223
123.01965425668914,8.222241989273105,54.29455276505037,32.43520199246804,6.351904513623982,48.39864945930997,4.884002460871721
214.6150397396129,12.576039189590428,59.30568481327242,22.120808050703467,3.276746065136257,45.0,4.9152399546852665
244.50252637928853,13.733832681866094,59.37542060693917,36.94964381699504,2.831478515836613,57.417996509105706,4.446356111531248
101.23849414673822,10.517872312842965,33.1742626497691,39.42237500439774,5.222432275753919,60.25228789791475,5.126801333492185
161.07814917520017,9.274978889519732,49.05619906345832,35.25640919616079,2.495167337468806,65.06807435353707,4.279535464481633
210.97016595706816,10.541959711557237,44.42573042188301,31.996425962174108,6.141860818440966,87.8145239108846,3.1060530923122864
184.9732668902797,9.866633814026692,47.23397553215129,24.325618060620396,5.538193868197009,45.0,4.592879341311912
188.8166024982529,14.419894271703942,41.19922176104879,20.457207424429114,6.145189914122488,80.642123956067,3.964836931453945
143.64610000373366,13.19644800841932,37.02259821784722,31.630976548298197,3.452959307548098,85.4210142597184,3.9210546497077305
188.09868698647904,10.556787335639726,62.94724323072618,38.29370587926568,4.040002978915503,68.92983584691422,4.236018893088154
116.33493300051654,15.992955334542255,53.07194376758108,34.29990013610494,3.5721038956852302,45.0,6.490722093568223
181.7722830543046,8.616796278557208,49.42189099367688,35.97949168686099,2.550714693442991,45.0,4.529098869353682
127.2352840523178,10.757415765365952,43.14824988340506,31.531909677015047,2.6537686667711617,62.42062535258466,4.573645402997252
162.72851141505225,8.684377759247067,54.34412150389308,25.568628214863164,2.471569741521753,45.0,5.335286404946452
114.74373097552258,15.081291542754188,44.35258597380911,32.357861131709186,2.1650333071752708,51.95637911377964,4.720569528936551
137.19789580064227,14.761367063524316,61.32928586716593,20.74587190753313,4.346651116237292,73.10626638886455,4.762641510008367
210.00006515658063,15.553820576661792,62.9057674444582,39.03108240738135,2.259336618373242,45.0,6.413769961820849
228.90067186544843,8.743701500321219,57.18599567211372,34.31699384185993,5.132345438774798,45.0,5.601533650354268
221.60781195972652,13.21424987917954,32.28464751747881,32.409423091985545,5.701549400447384,45.0,5.898103408523308
120.33311623944309,12.486711535128585,33.50486919176335,37.672300542011314,4.170596641751429,93.8433886006,2.722481065652128
83.97886759623337,12.64837939546604,30.02420299779617,30.55267970860824,3.85867204837016,73.72158123302286,4.05626174561902
198.79053921484729,9.265557772507035,61.56114710380935,34.278603515232234,3.1953697737205897,50.22442685137318,4.600649948450882
154.0515063187397,9.49837036927277,42.46649627910239,38.30957593094306,5.436385950128688,45.0,5.6564856311957445
121.84546183982827,15.708521629352886,43.07599962838832,32.54366877907344,4.303792200152958,45.0,6.166479630422375
83.44060106232654,12.458729803895093,32.03644239020257,22.570578953017908,2.283806987950115,56.44429416279386,4.333857138394294
142.53144571708572,9.58873113065062,63.41121875793206,35.56699454519048,3.0133956594202944,45.0,5.360008762354193
193.029518457598,14.7207531825793,63.682305740823786,28.74512635166751,5.9173271139024,45.0,5.442827878522888
123.81761538397524,14.82939103879549,33.74362709218674,31.300904845758875,3.420898900614806,45.0,4.922157046514755
91.79484773073656,10.634690495442914,50.718317421357256,36.3117162172465,4.210381152515584,81.94765894908306,4.403800008156559
140.724125910025,15.544238711631449,38.38476687486878,25.5654007009326,3.525545597252907,45.0,5.522729653716982
85.75453148848077,10.09747742842042,62.88668582020978,35.18209715215792,5.83452292275844,69.65349430164801,4.789389775997676
203.74381924743835,15.880583106916802,38.97993853680654,32.13099325168101,3.1698893661841145,84.65159191406347,4.610336384947816
136.22429993791212,11.236686482187272,44.075849979020106,29.50095253366452,6.494476223482328,92.6172726522616,3.381831198159599
150.67871617872825,9.099911995991754,51.32323469975259,38.59237281002613,5.975523787584264,87.83656809312879,3.7823677002678022
159.6832704818899,11.02130476863654,61.75663765255901,29.66286700012998,3.4873242638114896,45.0,5.037867643620824
163.55346565289116,10.632845285914645,43.30681700689824,29.773590912127084,2.4477140961549555,45.0,5.468409266613145
153.88140730348096,13.88231112425201,60.02860949626731,36.82877801687256,2.6010815666084866,45.0,5.708933416697771
213.8048350666596,8.974551909419036,35.74590131550608,25.832742080667305,4.908866237263723,45.0,5.139920701678633
199.12405707964643,14.487828099847423,47.95684123182808,36.1207890598283,2.255757725213043,45.0,6.339298252059031
81.31835321511538,11.41872314960527,64.20898072707482,23.271331131614733,3.814626427872968,57.00968423231433,4.50102598192346
144.03053786985276,8.057862869668877,63.97124071604696,23.209805452617776,4.211911919997823,45.0,5.1776926210200624
233.34265462818524,10.055814881192516,34.53103696532245,20.83117488333564,3.0396317201713163,45.0,5.910440725428137
110.5894712835416,14.384276347261936,36.9161061450923,33.44139661341573,4.511757224577844,73.10235834158887,5.3595199067823325
122.877085247727,13.503992936671713,49.89888858373931,34.55168799153885,6.470235484814324,91.501515542833,3.661306357777824
217.28838775169723,8.791936998432208,56.02685503823068,35.8528643406887,5.348544494185329,45.0,5.053123932349925
81.25058653586994,9.750430174621238,42.94281279451183,22.82536780206544,5.654263186777916,46.0710122204243,5.400903409112714
198.9182982760894,10.953047209475688,58.587797494495895,33.29619580241579,4.124481729582726,45.0,5.916492927357261
178.61561069820362,10.185303496673187,64.81170278013514,23.91906056873762,5.994345976253859,52.77054121278864,4.357396437504105
195.05160213168097,11.280836152530595,52.64786590885959,31.705793592060854,5.543100213539084,54.55860016338009,4.835634456705482
108.2045036234655,9.8699508704195,50.57095881018677,20.63520325490299,5.491804832042235,45.0,5.856708109122026
125.21383547481724,12.78683167195426,49.85210124575256,39.27938857087458,2.560631809926257,45.0,6.366326939799398
139.7758293516791,11.631396743236603,38.82545332727478,30.89174848727352,5.432266067777796,50.92245376687152,4.621802553899531
139.597995301627,13.493056536499688,38.44108447222086,30.79727083307747,4.993358416119001,77.75081368556111,4.040497455346689
226.0949081316936,12.25151758284401,36.88563274163716,29.24447919151801,3.971919131395947,45.0,5.832988436476274
203.30559656561093,15.890376382508864,44.54026639594043,32.534351559401955,3.088943628860952,45.0,6.541329078914041
139.9046499492211,12.094122972387176,62.78060178585032,33.31630718444172,4.777695371346331,81.34843513711112,3.983517673583756
246.47003809636652,15.55510585334639,41.45885356335117,21.459844785205405,4.401343812149536,45.0,5.348437110542816
192.6188285385584,9.822153036883655,44.12424898766044,27.79922053597964,3.733615264455731,76.33376562060305,3.6741118821176593
98.53367896673647,14.330205823673383,31.91992262518006,36.85277904383543,5.971745842452748,70.91213234491404,4.285428459782528
183.78694907137375,15.455753786409366,60.63349192022752,33.18944390691441,6.036789117109801,81.90516842915162,4.553461199298258
88.7801500811137,8.4903817034705,49.54891881540615,25.338062425405603,4.998001683491999,62.60245313614943,4.273305662094745
118.73832557756552,12.337436938130196,54.23388000608036,23.934518930189963,5.701183580489451,45.0,5.606848962562796
240.99974441365225,9.814598381334983,33.23760246616943,23.212475399561587,4.152950106709913,45.0,5.45159027879647
170.60541172015226,8.673960133477433,54.86805730699383,28.95532535895097,4.027867601857588,45.0,4.842581045634057
215.8010236772698,9.9927564690489,55.3611560470404,39.20270108672624,3.2861453626069164,45.45537587527589,5.240178403912466
239.0046637794366,15.92464571261388,61.23511861728856,33.83945185115196,4.731697647249563,66.91325262749339,5.297606299648267
159.30808401791165,12.384743832133609,41.61690084396192,26.766996165579197,5.202888017422886,45.0,5.978529697752833
107.0501030196381,8.58271929252112,49.4283935127696,21.256685046084264,3.7791644640101847,55.89691819976635,4.462228440307055
203.95765353094092,14.452690249260996,44.48472132590405,22.56616383747513,4.483840128647774,45.0,5.256473042409595
234.94603286583592,8.8954964071195,37.86783445202664,33.01964482595213,2.557317022888899,45.0,5.86806588318934
158.85237023882252,14.70956684708014,50.68019348344275,30.539156442272777,5.647023177552802,71.96045151320406,4.01235633101417
174.93754620454894,10.96846149146645,38.8745261164575,36.014660434596564,4.36883890868042,56.39954402034708,4.725494997931187
156.562487631206,11.909394958497046,39.48614288641655,23.92833644719108,2.074016395038496,45.0,5.197788064023655
113.5356543285358,10.581270768071755,56.82706143202468,34.72835298585663,4.571007652669744,89.09448840992746,3.3377367360453767
217.179552495692,11.18735521320126,43.20879416271559,34.42152556294174,5.663336003782266,45.0,5.297187601646462
92.14233573080324,10.96442852961731,48.67685725289682,35.83421885759985,5.080884018660812,45.0,4.96839274959676
80.83882608550151,11.943579379404984,31.35018297849077,25.270334397719097,4.833207622985652,45.0,5.260535187381721
160.0512833724317,11.366499875097205,49.35900464515676,33.25789705333142,2.9552923732067438,45.0,5.451704481595485
246.87909951045975,14.964107948954275,35.99890740665744,35.19208224472694,6.341035661568541,45.0,6.307961673321573
170.46715910534786,10.699339973655457,38.73420236178237,27.06143570127527,3.559559776183717,57.70067038556335,4.849187166345736
188.10522497282992,8.699376193468602,42.72194547283028,23.25557253906417,2.6609249200747307,45.0,4.384961101212814
201.96284294329072,14.095706925965114,48.14241231636706,22.89083334152913,5.2593007950442985,76.84540639398658,4.576325099658177
88.27923348537453,12.803332892084356,46.81256434878056,39.57454384697449,2.081586055161513,51.29413627737072,4.56291547526753
82.24473586874514,9.860007955815584,48.726227008781045,38.90302958779904,5.041422006533905,95.3196355271594,3.668111152177963
175.10250098155245,12.16208433662333,52.774577078859,39.31901248787567,2.27447608206276,45.0,5.354865184561314
166.72993664107537,8.65649699841797,37.6623294935585,21.45377133650702,3.3000490324649228,52.843230782004326,4.767029523130744
142.22462460619232,8.402188495504273,30.045153388015144,34.489888507625096,3.253716337173503,48.79764434159697,4.343224669188192
222.3025015077787,15.73749462241128,31.074150558264314,38.9869053427572,3.2239547846384786,62.60943692294478,4.680318923383468
150.51423711936548,10.272574205372086,53.60625335664514,33.28429133463007,6.063507308073538,45.0,5.456262929207832
194.6657662714784,15.585933437902568,33.23539351550973,31.456882394520992,3.397112046749676,82.11204466646674,4.514727752258273
174.5501410009383,13.762655579924347,57.71225842834747,30.769868110126115,6.266663685721476,45.0,6.108716502051328
211.14382531934567,15.044031040722633,38.23728278027211,39.73814067310873,4.191402789118127,52.9702178196326,6.093779850321635
119.97604384844934,9.083380730518284,44.69990282547264,22.62758635763589,6.043824282229524,45.0,5.5368388913951545
231.0784147310788,8.630793456970782,35.514087593973315,26.54822474034016,3.527013823326717,45.0,4.411867616180727
144.5695226528842,8.95026056245599,53.33996548108294,25.972280483757,2.69852193618334,45.0,5.594049581369699
234.6511675463486,8.2669249730715,59.26815439962651,25.54674768374985,2.784145046813539,45.0,4.181678363123503
185.4350189052468,10.151529010708565,41.2492647804275,21.15538968601184,4.863550848021415,46.99228559146628,4.7880003541369245
94.06011420245108,9.208092447691822,57.57433571868407,38.29834930524436,3.4513168045413867,45.0,5.707697519020289
192.84421955072628,11.07124167054018,63.80973057525749,20.114002583673567,2.243606985744325,45.0,5.402200871475168
154.3279829347172,15.715906299199087,64.66636186974333,20.56540743161741,3.918642873963571,62.56771647125393,5.127790304527803
144.46291931815148,13.268991459751176,53.507006345215686,29.88899693842005,2.128206704534584,45.0,4.972712817013559
125.54791763664758,9.060863015892568,45.47264477163957,39.362685134815386,4.91135439154278,59.34340439549216,4.716084328770914
234.18205276522,11.093320676684652,57.33840572495004,37.49931710917975,4.440063240512732,45.0,5.188755833118101
172.50891396835706,13.88576881901251,42.06457934754722,25.670751130924398,5.3001968979518725,45.0,5.474854909753686
140.8496457089479,14.635222227643595,62.585125736820046,33.42606841185751,3.6371628191634313,45.0,6.420512685026012
182.12190499588024,15.435384522287448,43.54115073974006,35.75503501204003,5.723677796512336,95.17295677611652,3.439524032125321
157.30508606134288,9.1166971681286,37.48038209750821,36.60411168483589,4.207752186257322,73.54042738726751,4.051446488346709
156.64707246544253,8.840968901339185,30.40026023345417,33.14421488289912,5.360581452587176,83.89657565904899,3.785307764050739
240.49070219966012,12.32543919827678,42.34606614883004,21.75968442846464,3.79062009296494,59.4677414551135,4.389403751774163
165.75480584618825,15.902495836421032,38.961815544453,34.6768189394787,5.276956237820127,83.34339105129955,4.705892658636993
97.39949724622872,9.247220168528951,63.778594973658464,28.6441910083595,6.001096344921316,45.0,5.816774677935582
199.9629320771996,12.347403222742749,31.98203027986613,23.991052185784877,3.8133765425652233,45.0,5.153992220719981
126.44904437519985,9.530063018607695,47.2236794394448,30.34268149014293,5.665952946256838,84.57912761182249,3.3758980014542948
249.43675050998849,12.873858585895626,38.90250837747109,21.02911146009737,3.5842933845297424,45.0,5.446703274119997
83.61496195539212,11.728023334589214,58.89408408175281,35.00755506406907,5.017358309722395,60.83112281760392,4.653772684595442
227.2852812568753,11.528683524584594,54.2607288526814,28.346645094193494,2.024038076323152,45.0,5.84226643016895
124.3453923557346,10.571273221701452,51.36710585090164,24.075187014162545,4.796725514051123,45.0,5.643690307809896
156.75618081823427,10.213476109432031,63.58152745816896,23.70764858361969,4.950616718915299,55.80789155021048,4.45533052140388
163.75221299301785,9.3022815584401,31.590741025689432,22.06641794307036,2.31272227819431,45.0,5.56708902854376
246.54335026336068,9.564400070668029,41.267534009074815,31.812300417532605,5.430351163974727,46.46990364206422,5.08695692854567
120.01742613196032,15.46754677788642,56.787740378955306,20.08680810076236,5.835848600854714,46.38295591562597,5.3891028315478895
134.1304202341083,11.475640893411432,42.49389409667822,37.64175109751354,5.773159218346763,45.0,4.617498446506104
85.85953221704291,8.118940286143099,57.743698657108354,38.101986446693495,3.9322088366515846,45.0,5.535185615606936
236.82531201042565,10.681332200901776,63.204048150582025,34.6311515348975,2.677970661151031,45.0,4.244273011322409
106.04882743527106,14.024584857512972,33.80668063849214,20.779324419260533,4.8713884004907015,81.53905829384436,4.0950502675796425
133.86570164550096,11.279901722147208,44.91354700937082,20.553695525867077,3.184168762834769,51.28163564940487,4.618871112457778
91.48291055843032,10.37229023180795,32.30055744745366,25.44737428555772,2.842000879883793,70.11292621814881,4.040639486488479
191.09826427410505,12.856865049981126,36.99718093480416,25.136780824657027,4.566958725014255,45.0,5.125090755454318
118.87901785866885,13.53695755509639,32.315729735085895,34.295754718479884,5.302575820564522,77.65867967314402,4.267454285115969
153.03879304181214,9.218847493705628,51.68797852442498,22.943412927441447,4.935896330903472,45.0,4.933357445435131
91.58900453642292,9.98856986050134,33.43513388189367,23.721598481163507,4.551097107870402,83.73639123914887,3.4783318791397564
171.88411662009415,13.320722115539994,62.97852155988814,21.971187445056227,6.064456767013105,45.0,5.577872382721562
245.9836536200424,12.127481065868553,43.56582077150582,35.90288933150259,5.130374321448167,45.0,5.35414771600454
106.91890722894128,8.54059725580445,43.7350211490666,30.066583548376112,3.73016769120612,54.26063169376898,5.372392684125895
105.2941079320858,9.90797447406698,54.6492319959774,23.21654670126689,4.544271211101453,55.15704327941544,4.684408552923745
186.8171128822948,13.327251120556156,55.178735037261575,33.985041790257306,2.1587838877925947,60.29262493041016,4.558724058078857
182.2912398852665,14.97679254712254,49.65998032432448,31.83845465301166,3.2980400214509378,45.0,6.781583854015874
246.99074163602225,12.787506233149756,57.909013479547895,26.441831425107207,5.359449241222402,45.0,5.742961269435222
242.02361888348491,12.351176873253433,57.43714694860071,29.140451910760724,4.578786905072942,58.05649149548915,4.718793922606418
176.43272796245571,15.145643535380705,38.33418691492827,39.90463068132241,5.314570121175207,96.15730529627186,4.001119439127355
163.4956924752453,8.159792426906535,40.55504274082872,38.09391891043192,4.052145699783377,53.81567460135705,5.154991611366359
181.56490812643807,8.290568755819324,49.27541151933178,26.158517248867327,6.402425713504331,78.43061902915085,3.632582355293671
200.44847971521548,8.459837432800992,60.4110794808564,23.51996717205578,4.351215892248234,45.0,4.379589287747031
137.35727552094238,8.299365868614087,46.07519543959143,21.89909460028553,6.236188892681928,45.0,5.033130793613782
91.9177714661742,8.901913768298988,54.58266828085546,30.69481449009926,3.34977287848272,71.71710119661647,3.917428331912829
145.10976907630703,12.223648320099986,48.42229577599363,39.07499774007786,3.2061801159161325,45.0,5.029906537159389
102.3668143503456,12.349803159324932,59.63066509368009,39.70864780792828,3.261609906103254,77.70131565765051,3.686365938563986
112.16908023178124,12.43627298512486,53.640694896299934,37.045904234258174,2.641866833016174,45.0,5.458056237702493
98.46604433536692,11.174446128311905,51.7230516127793,28.20717048652809,3.756159101264855,45.0,5.290008118112604
229.47550891263208,12.11690961741174,58.86443647741599,25.5175257448061,5.637915254155472,45.0,5.076771127654753
210.76077521928164,14.309050895550502,41.01647207481864,32.32865625612209,5.108753980008827,56.415374116834926,6.095604466463669
118.44959217021164,9.117403981713563,58.50838503709783,39.61161012952663,3.8967536292893534,45.0,5.698337303601039
169.97420104727746,9.101780318658054,50.79226741051508,29.54952606181629,5.244393819020438,72.10882247472058,4.373533672198521
146.29480076617187,10.245743814690178,59.86375865082319,24.30671280743967,5.657564288904714,46.60559197005122,5.320654305158234
139.4029678043306,15.293851622830768,35.8941409924042,26.4175503030684,3.835392642504721,48.81057801169506,5.863090851359525
224.25497319735155,12.841739390334675,51.14941608512545,29.60918739287291,3.612071993153428,81.27896667776133,3.289585941390164
242.39570180069356,15.76694709214917,38.72088661841627,21.371632254409228,5.152679642584353,45.0,6.283470319253054
218.78759469135989,13.57349825955535,31.92438029529818,39.08752306405531,4.989539565677978,91.47959867944031,3.567895124422135
99.7817759519708,10.767624289836853,39.41476995856599,29.14824764790152,5.6369004568594985,49.71449074788084,5.613259150169599
104.2896987931407,14.77184770575856,46.18384713054366,29.606174526177757,3.2975718992591383,63.091234828874846,6.070612792690144
179.9649481110551,9.932701690949855,59.4710109514247,24.39658161056459,3.135787671730565,45.0,4.563197346221946
119.91370626076916,12.560102056718874,58.79558008802731,33.73170109879265,4.164397123437542,80.15251164795916,4.087402748926436
82.68791669777603,8.359366996452595,41.69950545834879,39.603858989218885,5.2639429294846725,84.52749472048251,3.802400591715584
185.85871195992652,9.684552590798331,44.046993259442985,31.6674827716662,2.2175648613707235,50.41949077299088,4.667535067285782
220.6854824119868,8.460754717543862,37.59974896825673,26.881714813187905,3.513965261716643,45.0,5.805399669663208
140.50053745085933,14.54454356756882,60.77658633481586,26.725413126315736,2.0076674142698403,45.0,5.978987179743401
212.03142793339867,15.979777549241383,61.87741243803619,28.97182119042404,3.038567148164249,59.072924198569055,6.024147823550243
90.0479262531762,12.945837609476463,30.414529330401457,36.40803673498052,2.4181762315160364,45.0,5.416727585091406
230.5060487598852,14.769265128270296,36.34602225788068,31.720420294165795,3.4328926849400307,65.43330978488008,4.129891533280191
119.09254441731537,11.801616098173165,48.96203266570779,25.401576510904164,3.9078540825964394,45.0,5.531191925119418
162.1879918191762,12.12655711037748,53.81488475208242,24.958786488080225,4.8519878087710175,71.92013356021711,4.239061682053164
233.67496168915457,10.295227317252657,56.554125293657165,32.71986643853164,4.748898418187693,45.0,5.945661498027043
101.6337348052366,13.686489878089237,57.728732398363576,27.238957576503715,5.293341472524873,81.99427708912813,4.232134328881012
235.62154042817983,15.194548568284567,47.65960158547563,24.403804428012027,2.8127347258201425,45.0,6.274497734824765
149.5627149579993,12.086817339875209,39.69566167360329,20.1303408760242,4.295514114231756,70.46895072403528,3.458189848682105
232.30594220027007,14.259460989374642,46.45242912158585,32.089653796508586,2.735432760930246,80.8762635624666,3.7498288080066926
114.44294517605736,11.220080915982477,46.520963429979474,23.900792494217576,5.652251702166471,54.97997568934969,5.058318381631813
120.85275466580748,12.657487295958234,63.55134809959855,20.736041965984978,4.818937309033011,66.50885349809327,4.212491897484283
243.450083336276,9.836837950944377,55.78989904823013,30.13125699790833,4.995932153094316,45.0,5.105460015949975
161.32060532973372,10.630571255452328,48.406187831155655,22.339891239487024,4.891277891757176,45.0,5.065872004469287
117.5169768190117,10.104318865227702,55.66194914192491,32.04064637994114,3.747723265648294,45.0,5.136466603338827
93.17307798518226,9.169920970947985,46.93429721914173,37.13671198681591,4.9149807537214905,52.18744420261863,4.506595848001381
80.05497638373642,13.937155651384623,35.06735103212025,35.56426393382175,4.875702390346345,56.01653696142073,5.373944977119392
124.53681832885022,9.579326877652491,55.81961539120945,20.525062367639578,4.449113329458877,59.92914408668426,3.894746234107375
246.9472375544063,9.88343713469063,60.666399262651645,31.258480979353333,2.702698174851053,45.0,5.788192622879594
102.9818498603688,9.543737977887924,48.47335909429215,38.37510200226808,3.7532635578945226,45.0,5.8937842548519175
164.41629248462135,10.822835746792126,33.0736618961691,33.54036271053788,4.773580868817451,82.29014353538278,3.809313741864112
212.7722308189628,13.429058560476246,54.165619351339984,22.980193969816867,5.443546881588613,45.0,4.76465956559507
176.90846924076743,14.398792035820463,50.22873036650764,30.345632185374395,3.740816428564232,45.91429345023196,5.810052179144405
130.42449342554173,15.739720528415251,31.98822937189373,34.144233822872465,4.285984865135703,75.32928747980903,5.158252479773784
127.01840518510777,10.131894652304812,57.95503653078843,22.027870547184644,5.361004895323544,45.0,5.377135284160954
156.46127201487678,13.869900442990826,60.12837596811691,30.290987449916926,5.841581925149091,53.22703677423086,5.350924815495496
206.3597006822567,10.20077752555866,49.71664982182581,32.17643218226313,6.099692845010406,45.0,5.224782250266381
111.56032156395533,15.988190202684263,44.77552610586317,25.198011160393065,4.383472383585369,55.86089620491189,5.8182297208005
148.55302749155072,8.918313871506657,33.047369943646096,27.070646138045724,5.049563838568414,49.84026916925583,5.372077927406432
193.7709585347432,14.282936319698848,31.17454748141605,36.09888930981468,5.649208022909033,49.27581544133329,5.038864819331114
203.87577440572545,9.297598173299852,62.15757210878122,31.67174929206592,6.147304594721176,45.0,4.049259722609206
204.25528512028893,11.800538760734389,41.2921476150008,24.61868942939783,3.540836383444216,45.0,5.425167968864127
157.9152176403206,11.530915709440045,54.34035708736309,24.088407854572427,3.5732628206869683,45.0,4.476908715316481
173.3726554321962,10.5798741985741,42.84504267839279,37.08462434383594,3.906406422655447,45.0,5.344653408994268
204.2121579697653,15.108727496153318,60.48670550735896,39.83958318135507,5.533999088545089,76.45913583981623,4.555635178842032
91.0011894611461,14.60888225230416,47.93474661519913,29.38817880213452,2.504171796626858,45.0,6.15046036028553
236.00971760767771,8.989113834977195,32.41339767047808,29.594291157087333,4.743290213641075,45.0,5.480938582992714
209.7521133763853,13.7737575439666,54.71869500159561,38.79905889526711,2.2225444698198844,45.0,6.3125489373019
155.32318260133025,9.959965640202196,51.85250375524504,32.91767598603795,2.2677861212327017,45.0,5.253569683685152
193.2513969998146,15.446048976792282,54.35989099167404,26.10015768664661,3.2773944912031228,45.0,6.556853386616844
212.74368044196763,11.38022304565179,36.44853534974396,21.397500721954543,3.075665272298556,49.90848055674958,4.49172660444155
100.41919571727924,10.056793968388863,30.13157424324519,24.73036525157661,2.7070216615686125,50.54559153066492,4.53729635349772
172.83531478886778,8.96852004716443,38.086233519805525,35.20529625095384,4.337195085479296,50.30375237766809,4.7050321467006615
95.21421823850042,8.319086618354541,39.63504932066552,27.555255454335278,3.755685513623425,45.0,5.680767405675786
129.21036760987818,8.446267958029155,57.91718571488645,26.3460086725731,5.769469099034743,60.276031623692525,4.517991283305591
178.34216953056307,15.236324059599925,55.31307909627212,25.171804795113804,2.033574492135023,45.90341553970019,6.244597700125729
131.55492471151263,8.708321062721845,30.34079206584577,20.11114465958753,4.541823847296138,53.56475567989736,3.861470920959796
98.63056378693862,11.21187767274947,43.72702176124419,30.411379406912037,5.6785419257425245,47.71463950780449,4.053470524591594
160.27060188486496,15.367662036457356,63.22327308530538,31.203340094934426,4.574597387928484,45.0,5.535798599646239
140.89300345580125,10.97573491727837,61.53812536509187,36.22414419689815,4.380743921552715,81.05022242058256,3.267284367794697
172.0476496762015,10.110013570088888,32.666302423501264,31.480828741030784,2.0582153659519853,45.0,4.942026875662323
242.81685857123,14.858427512002962,50.51503065673229,34.88577518785184,3.0492642812093056,50.8781724317847,5.446126689598127
163.3634222842304,11.381317820628066,39.7473184229118,39.60236226908887,6.143610994529249,79.91534452147985,4.235383018569104
125.09862485021662,13.07785192540224,53.72865371931482,20.34359790738887,4.347021471366398,57.30839904731795,4.353072839352266
106.74809226182056,13.06795386965392,50.5902995546017,35.03361706865753,2.764186626016045,89.54486387239301,3.988118594334413
117.96843715018112,9.121423340849589,31.62806262616301,20.21518161975789,2.3496674097793924,46.14504315248499,5.16801430607918
83.8961129733029,14.150973060614572,50.78037049271752,34.44980329189323,4.151680693826664,49.737411927782674,6.128300733168051
83.40263223271586,9.295014359204044,37.48475881552741,38.120921306224126,2.0837571986659857,45.0,4.658127503377006
83.14587012290608,14.81732571940421,57.85800066517203,38.48420051474847,4.861340684070056,77.30782446689614,5.320055448888198
217.90776854146,9.20977493117793,40.36437481227435,22.156677782773837,6.073504970119464,67.84782051281991,4.45776819448807
183.0516561195136,11.200360099630474,35.684815588832734,36.18721460921776,2.056140792985845,45.793131101626486,4.24605008580645
123.30719272860176,9.717920962330378,34.15599653415474,25.814697000695663,4.325670569943393,45.0,5.785154355988793
115.7523806859441,12.267218464892498,61.345257396549485,35.06288440487045,2.874098594598126,45.0,5.675470589872655
118.86578073580532,15.242795666727329,35.08259684794459,21.61527217884011,2.8006433466952103,52.994734725726985,5.335607501625104
117.83374599004662,9.567201702252405,34.357137212098465,29.05222291972996,4.385798740301871,45.0,5.066277861937548
202.1618657456994,14.793197104917674,47.4467612872724,26.580684742066573,2.339084156779008,48.61846271447885,5.072611136071507
218.93430240953663,12.354445749358383,47.76376292207158,21.409591230572385,6.401488814684299,62.385602108881685,5.158579471566565
193.50805356134043,13.709944940588333,35.46379415193815,39.1560185949004,5.463002555381948,86.12054348600637,3.9370900360461873
176.17329377047344,15.825585454961905,35.93048622575668,25.5008714426694,2.300289506610385,46.50245551900136,6.051727143623131
242.39089991042843,13.257635032894877,38.2120711262247,39.29794492130511,4.635668694523666,45.0,5.17842644488479
219.1199798906756,11.792009732672469,34.71044795350765,26.21743169657634,5.486593261757584,77.36943671492766,4.118489639744924
145.45078562795302,8.534056615204632,40.97906117720747,26.832659980840887,3.0911968418734266,45.0,5.526945064759508
197.9029199247528,8.618066934025661,58.89047272908247,37.19880888975106,5.387095539639125,81.21526899588679,3.502137756978074
81.97728484253668,12.210819642174664,40.53680042335756,23.761797056046195,6.412165143252014,71.38061874845005,4.44028707841248
243.86107224868616,15.684236852121758,58.98028037285295,35.38104493391511,3.275081985028049,66.5801313894501,5.423758159847985
213.8468502446092,14.82232883818464,48.44578843341269,20.300738942036496,3.348929355440581,45.0,5.679818841126624
156.96140673667162,13.90260995277863,62.28643448888061,33.075393222557906,5.188740008416078,45.0,5.318353135961568
112.76269156450849,10.024583954317652,44.4385247508527,24.22798765088549,6.43146636264517,62.96691536351662,4.477843011802336
176.55714095164618,11.19341052949757,45.90587130428226,38.32236224737995,6.201207796370487,76.34712193539312,4.121631297575264
134.94696291870514,13.975004300206034,44.11612063865231,30.25103203325813,2.728862507348144,45.0,6.349338345386869
81.22826852133227,14.88744960257505,59.92596861840676,31.79008186481108,3.0376646613810943,68.96172552219765,5.1829493352577725
236.6985404788337,9.04073888261572,53.29372749945252,35.86597783072125,5.475642993074281,45.0,5.716327402558383
249.02748387194688,11.869235239315326,40.21292810832654,39.93902706062443,4.597962814640465,58.64194127417968,5.281489989568674
205.0057153276842,10.732708358010274,47.320100815472976,34.97654551418581,4.457752964955378,45.0,6.017119194810379
229.51198516272328,14.131015152819815,45.264118214553335,21.84273547261944,4.050646170755188,45.0,5.97309889599404
241.47884562765495,12.245908007804314,30.38669205523101,25.193152936947243,4.557516572519366,45.0,5.445469474707885
177.71843587351998,12.554950039207656,49.50832691047677,35.839337567118186,5.125455098617476,46.61560689546975,5.361139880553633
224.3231423572365,9.513002461483424,37.96950393036079,31.932465746242663,6.066455541509539,45.0,5.657542036599521
101.016879154894,8.500457818413807,42.1512018941423,39.30878119491868,3.161275451146658,45.95557144555079,5.477740827116191
105.444778805598,15.856413821940238,33.63777887942932,37.99521499316435,2.731755297626523,82.77605862301654,4.984436036640506
234.9952822412294,8.85984188335592,42.794433533108055,24.93468699301107,5.479979636399879,67.48950991779277,4.090402382273033
226.2780217721882,13.171540721591324,51.869113759309904,24.17359329676399,3.110317206288676,45.0,6.003130326799193
196.28505024022135,11.846611365469936,34.21008192551567,22.58183465488104,3.028517252560623,45.0,5.383094183953332
87.03062159900468,15.545202506003086,63.65640526231702,23.605612296100684,4.597595182232895,65.66670920616335,5.030466465648928
225.54864566774745,11.995077064667996,46.76246796588944,32.529680639786,5.75907025152217,45.0,5.361179812594447
88.45438357426181,12.907692331097184,36.53336976871257,37.108167037123806,2.1138244530931445,76.2662762711391,3.4721769073064617
141.16385255258626,10.68862067599197,44.511537884312304,25.761734673220552,2.2567521235238,45.0,5.2290695256743565
101.36879430533126,13.879832328733984,35.06344187522235,23.36600177587429,3.783123745045545,45.0,6.032877471375679
144.18343497643963,14.27384468344744,59.48348844437061,32.67591486194949,4.9958489564406765,45.0,5.823098786368279
194.9895900323285,15.509631035273973,43.27005459527769,22.37547706786989,4.031980760379451,73.74748760474854,4.527727987498054
222.84008934819616,8.49153836138295,53.422500040607545,29.742098282652,4.500781377132117,64.34048570720378,4.377680909769862
137.61273636574123,11.627914008269013,54.86558517411896,39.85360210866212,2.3351992227187326,45.0,5.0424397308648174
236.29555224631372,13.961801264135854,36.17108894999011,35.923541163669285,4.324954108201818,45.0,6.040536050317025
107.6960159474441,11.196882424994968,51.72660871107936,26.927777115729675,4.98604115341486,45.0,5.196687282571139
166.65149983188738,15.078995840898273,37.8888428333984,25.487857421374898,2.04655086050587,45.0,5.4970239217973536
171.83840792162698,10.119403505787766,34.67423343826315,31.805924507016407,3.731418234651005,64.45334930012689,4.351643502863956
193.17747329661395,8.090716934662291,42.63696002487888,28.085107829012927,2.218140697325556,45.0,4.941938294364778
139.10254769371147,10.114688067815232,48.79664754697703,33.49899724828552,6.04899371346678,52.73238385644896,4.957923377360755
158.39991876646155,9.357174142713331,58.47469950609114,22.770467804324355,2.0345819226663835,45.0,4.522823825273836
132.04415745215812,10.039636548599692,53.26070927411732,36.49931831227386,3.464398552164996,45.0,5.658084398842419
117.75221602850448,14.03642808927588,32.63653120646789,38.936618102448975,4.391603845200134,53.61784650627073,4.761037877684158
214.46994857579185,8.190450635590114,36.06642437380778,39.18617890702633,5.537693655070292,45.0,5.740016550870991
181.50489372146507,12.413180137989857,61.93994028232552,22.928005838865573,4.853262326324597,45.0,5.636531657448613
119.1976482728588,12.827744739346135,56.92462906116188,22.72193569685569,4.464461888232218,45.0,6.035711932795673
87.59458784322459,14.95769794098968,50.14514528464869,25.02248074730605,6.1394683262497,67.28549139728688,5.202107516030953
149.1032000986561,9.877532290139005,54.65819324535831,34.24177776918251,5.802411975462115,68.7490557167419,4.6643248495129
248.86305947766775,12.272156719191226,55.96874400251278,20.874314906886696,3.940188792491882,46.90273807814359,4.572354691407921
180.0903552969079,9.151556864785356,33.12572875788344,39.77549044234368,4.411568234650584,79.76771890495328,4.036650720328664
219.85401429234295,11.253100133422148,33.09566889019187,37.74600727086237,5.688901301855674,74.66290529956474,3.972705823592998
100.953927291713,15.231339372026142,41.92127472633351,28.675207437487245,4.181095266935682,49.59611694542354,6.292937140300296
232.57929205455088,10.425372357842791,61.24350730065229,27.5252057014157,4.993776292248327,45.0,5.2698946507871085
192.56162546159624,14.58988342539254,33.5529364608046,23.293617073381867,6.447443094562373,67.30112834398625,5.123433408044885
235.60213219822563,11.227415562075445,58.18764986190183,21.938125863389075,2.699594485224101,45.0,4.075843935732877
85.92098398063023,11.162598469868628,51.513471804071216,34.01161399751999,2.8870883354195125,74.39543407848703,3.3483775069232267
114.92104496482555,9.425874778987904,62.19302854041,22.189830101243924,5.075300275489489,60.83250481312508,4.259879805911918
91.97268311264448,14.644425759438755,37.04067010268554,29.76107288309022,5.397719876390285,78.5955662344089,4.565884690392939
125.30413319704796,8.143883703520071,32.28996324152256,24.22031579562271,2.861119866999585,45.0,5.335806828415109
196.8484792163335,12.683136461312529,57.459779247083375,35.1680162054813,2.785311720432461,45.0,5.832708807900765
203.19774320353508,10.78336484315716,56.89243948688894,39.50364384002948,6.261918404443816,81.47234175487826,4.046879704083967
93.39354649359612,9.473094727249066,49.69065070124961,29.87365756105048,5.641598890092983,45.0,5.540905336551693
166.20906118197394,14.32056092962928,59.40662060398822,25.38136479738021,3.425981187681092,45.0,6.292232579251175
94.96499581373372,15.952957282060408,31.37271682979729,28.267254871373357,2.112124817764768,45.0,6.412078769926243
170.44691353302346,15.662656951835322,35.4462090878975,23.054778418811765,3.173807881926898,45.0,6.900590065109332
161.04556762730647,8.76962607561735,52.5358794000653,28.974101619784925,2.027526039732798,45.0,4.722421449587749
234.1162527686748,8.219278158632243,54.2269660011748,33.015386297186424,4.930201284959949,45.0,4.896811595603412
220.62702425642516,11.045931106758625,50.36581429817177,25.695418236225212,2.616861057631053,45.0,4.964031125909603
82.83880332687598,9.420471534784776,56.90322300531798,33.61824877572362,2.983661504518071,45.0,5.574304846354741
248.88763558319144,11.184267002053046,46.46208557117763,33.41181169467882,6.071602263417512,52.72752942721175,5.47114996477057
193.1838618949447,15.877987699980434,30.961586873323053,21.799601442633666,2.157314109544952,45.0,6.341494342471574
85.72137915630957,13.863423123933796,37.948866744048445,36.52163585722062,5.400621384160719,51.042912849020304,4.906292671570553
109.33185296237733,15.637371498982407,64.34592979091516,23.267111841555565,2.9224646619869485,45.0,6.121337984330724
173.12080313323676,12.6400349612673,62.20911810163928,30.10559908169265,4.489928030621163,86.19857514244553,3.85919330183492
227.51482918026244,11.136178294973146,31.523054685372244,28.15420133302907,2.541978095349398,45.0,4.373718311631663
120.61476899733157,8.537809191355072,32.09669385394906,39.32068234457819,4.521501478664924,75.92099283083256,3.251814001382276
112.9706816496313,12.119482695104605,45.63787829936102,22.924137933658955,4.356398167362996,83.81618002262861,3.4250354822281737
158.02557945653425,8.177954874726925,41.35980370361202,24.83507073899693,2.830548664047916,60.90463701218405,4.292806575300646
95.01915626232424,10.812083885803224,35.86532597595763,26.89402449927199,4.237091011179249,90.80513388795475,3.4919621749523717
235.68681570799487,12.579615943442398,59.46633595284071,30.564725997098957,4.2295402009846885,45.0,4.924436859267092
116.22012046780748,15.649719984147543,34.17457673740512,21.63815472802011,2.697238248315593,53.8132215129006,5.649768448453813
150.1886374121649,14.018621183126465,48.66013183041504,32.932161151256096,4.725784662583249,67.63732325103406,4.904105656283312
213.4855851963858,10.655529877560124,35.572677849602606,36.84013635522277,2.9566987080284406,45.0,5.431873346504284
159.25856106691626,9.285578298320338,49.57507163433414,29.38163873045721,3.769305806605321,46.7330437142488,5.12666010908978
249.3604292718459,10.909689549591375,34.79572936244354,39.258548941701314,5.7859956837715565,69.79786468478466,3.37191413282243
226.19548628401984,14.629863263543635,49.94751226878231,20.287569710464798,3.1403581146701622,45.0,6.149915317357841
146.32518506108028,9.846336344644286,41.5248328842563,26.73160394849728,5.673343158751512,67.97722792675631,3.634614977814788
134.70944612809194,11.557459654080445,47.61536568341624,21.217899854703848,4.94304388879106,45.0,5.210704471504069
209.96716525084292,14.899635909586618,63.29735506134708,21.813741454093265,4.71805664586971,45.0,6.572959319953297
208.49137459518948,14.549314215952329,42.181460797849326,24.873116005083386,2.164148044174705,45.0,5.517355164581595
238.332801175349,14.498178782865947,61.907640009861815,33.84031016063959,2.18673421841282,45.0,5.064082698974948
152.28214555636637,11.50196616875678,58.254766980451166,36.29777883899129,5.7937751870077605,78.27852304500256,4.270924358520771
199.71045066547345,13.468194728888797,33.907025313117366,25.96657413880238,6.264384479864968,64.30034472149877,4.779351977401767
125.77326165846765,9.806232733095404,37.90081744081714,28.780494826947383,3.9479871903375487,45.0,5.245247475982843
176.0491452085995,9.397618686100484,64.2767992336043,24.25577259989813,4.951463041278124,64.81266622047511,4.141896467702875
123.20343880703776,8.488077368309922,64.05702720435046,30.18300476940746,4.601494313724966,45.0,5.880824209879718
127.34587293073272,15.222034047653814,53.1680787835969,39.6503161217117,2.4744362367479757,52.40432322569628,6.11816756617938
164.75022891549446,11.637064013603805,46.92798664804208,36.30750686378953,3.36849520727403,59.82513075641981,4.285303727003681
102.99389252172077,12.792123263645786,45.07801613526785,33.63870348995388,4.0668290906710745,45.0,5.061940221862765
214.7984212541513,13.752429196862137,46.23702428082675,31.854422815288807,6.446893284545545,81.29687144110753,3.592587087303871
215.9472168657767,15.972829260643463,37.09985737732597,25.49767372066024,3.439254034154552,45.0,6.917732001722944
137.10539211141685,15.798341971893096,64.49575248597776,35.8254304628875,2.794278144096858,45.459324474166266,5.54010006819799
206.37483291025472,9.630427531414648,47.57561697714619,29.78972271677607,4.570445896891999,45.0,5.580474284488558
169.0823715078253,10.037600251092837,59.72708483424711,30.447282672220624,2.138262340218302,45.0,5.188219205421861
156.38067071803226,8.916302144425623,37.15791095956956,25.314902849058228,2.573762419865182,57.85611688933496,4.184175196113207
87.05628622958007,12.647432537878768,42.386511241927096,37.23157008391574,4.581345587272557,56.62181411333263,4.4422642037346085
218.7348365316692,14.937386311686865,62.43234040939789,32.21003919540454,3.2079811747681912,45.0,5.9525972890001295
155.5906491865074,15.260341883541647,45.03791732768024,34.07031951788409,5.154483902850846,54.06717117598918,6.704715860130426
129.32766902083665,8.636388393169483,63.78036459820297,21.120549657578472,2.250297450269678,45.0,5.353811189989937
185.93962517276503,10.788011117710411,59.62268992611931,38.95338112116505,5.003811637994169,51.97246533376039,4.791968157838304
156.12635295470272,15.283886260668124,50.99268232922999,32.91337553947552,3.268865495232901,63.9590172489479,4.501171468989137
227.9212852900381,11.731977346797448,31.427804078634583,24.052944413068253,2.8250712418955075,45.0,5.379018901106591
219.0198814953837,15.161862496191416,36.33543640898543,20.20294229944488,6.26030578734864,49.46859796901517,5.636033774907764
202.97083374697948,14.912005742274054,61.89841367320248,31.029886699197945,3.36577447895934,56.4220039649863,5.008396240317316
212.0475262025784,14.337750885546695,48.6953348205456,20.96022638103264,5.076296993879303,45.0,6.18865211726536
230.03579855631105,9.852573100172586,45.30433863935604,36.06754788301022,3.1603372110925925,45.0,5.4906303993927015
174.36040191763828,9.380094174911008,57.80900766864784,26.375061750354277,3.133779323508388,45.0,5.621835120522425
132.47332825092147,12.88493285913488,41.69081394408795,20.55889501225208,3.5626625908394347,45.0,5.408889020031196
222.4479156991781,15.667776217129225,51.09702949955111,23.64305494288592,2.9282600890209536,69.17499860539571,4.684268221101076
240.47533734917243,10.663145296286448,37.26970797298724,27.868700724343924,4.263132480169043,45.0,5.555003089334121
94.85037557875708,13.331964041429693,33.574121713454126,38.15616272028602,2.098919780453408,45.0,5.661830468938335
202.4905324065476,9.929126198752812,64.81192960734221,37.817259258078295,2.0763656302188283,45.0,5.441976512090591
190.29435292187057,12.08845467987851,49.1918368078496,35.56040414665687,2.899404155336672,45.0,4.672823255862082
136.65765276062686,14.66015897573266,64.37725898981589,23.6207795616273,4.25698767731731,45.0,6.614274727414893
87.72394709726171,15.598150190795057,56.39255961323765,27.081698977237195,2.137765698979085,59.17946512411757,5.328048197769553
249.22826924010025,15.750967805738377,30.26115380431792,32.7913220377966,3.5687538359794333,45.0,6.797662707932608
182.9186003736036,10.493572122781393,52.19660056028708,26.65145957942383,6.336322898693283,45.0,5.633665515789474
115.77077813451866,12.765259174917691,41.86468026508372,29.32866512637606,5.7604470804488885,94.5718974237736,3.550042173135263
191.19977067312377,14.086776399370866,41.183192233906,34.19705123651955,3.549012434177018,85.7669695137608,4.06025164452134
100.57103209740924,9.485875244399304,33.143321787637724,31.125301949625527,2.2270616142038167,45.0,4.899250011708457
238.21604135411133,12.310917603936788,64.08410704292527,23.07238224368881,5.274437874476408,45.0,5.831993675870926
112.78262060838394,10.192932984970966,53.589600557029165,34.36045430649408,2.6478770767930087,45.0,5.661819984405307
88.2056971477456,14.904905581829755,58.94275753056128,26.11796734314102,5.5484280626868285,74.3715504662426,5.340150734275186
110.81350669792512,14.170638932395926,63.44239935860857,20.71307813606213,3.803151206541103,45.0,4.97266210363003
236.65793686414733,14.719342466649806,52.7222471125416,31.41935297127168,4.984588244981059,65.77091450403785,4.575584495766099
107.96327499286252,14.60192556767744,34.59680905485499,23.82149617578591,5.208634785227137,61.03806095014821,4.946411362211578
154.4814467703637,9.786122496528,58.41920465659656,35.5127576666454,3.6357811442158106,45.16769756117158,5.229861641989361
217.98025184196476,14.900168799815052,54.10946089258029,25.25468333915098,3.119746328071533,45.0,5.736380395938163
186.37816477464915,10.750433827540496,33.292286492782885,33.032472489310535,5.9722222370363625,91.45274226684784,3.159047397001237
220.97485087618568,9.595283664942214,32.84275519968947,24.20624399203824,3.7889258255850087,45.0,5.419340945736933
89.68192817234085,11.512615732814224,60.85265633166676,32.77505636915939,6.131825981161265,45.0,5.18143456142305
239.2101348268107,10.193905301922964,37.476580856895566,35.65878026491687,5.988406863208379,70.54169269807981,3.8062791007245913
94.01584575607166,11.977491031326371,52.16297628065725,20.161448198182057,2.414458970274244,45.0,5.837803278631069
185.3912916518838,10.96655387059342,40.340914767641294,39.00549017494167,5.290452357025474,67.63442000871558,4.059249038098189
195.17180050082817,10.49042313372898,36.47092580081514,35.66008551437439,5.915716053446896,82.31026178019036,3.71710965895005
125.60260075459938,15.466707569159976,39.280665291836335,32.97621801771611,4.268716069335442,95.3492516876458,4.687563043567777
109.61938410101102,15.905100688779848,36.95735962332122,30.164681673748632,5.030932792858242,57.96730470345385,6.193011194599136
86.60065628058658,15.811048589885928,47.71987448429768,27.348120180337474,4.661832098465437,93.49280834541844,3.9173099736799672
168.14845829907972,8.688641338474433,47.77856544772854,36.07842299842249,6.190138031659099,45.0,5.121278181990434
239.90142491949788,8.728534878545155,52.14133310538578,28.497260846739444,4.78820979398911,45.0,5.6083219923699765
197.67942919526303,12.81040735802902,44.0729821323375,28.916524787382127,5.7551553341885135,45.0,5.19739876918638
149.36540309902978,10.99133399264188,44.13295082384219,23.14392326111788,5.176021294957181,51.28472032735926,4.9739917911136295
107.21952436571918,10.536051807444045,43.31299040934201,32.56332072528582,3.950665848190991,45.0,5.551125112141467
158.88965722039384,12.379680556162414,48.74189879780989,27.927406163395915,6.054258538403341,45.0,5.338941353479767
129.54657276965457,15.11942146753582,43.79737370554099,39.05424597909823,5.1470255887603535,69.32431635148755,5.722367741976874
226.24217380258935,11.50444526803952,34.7136139122139,34.222755689060016,4.175682749862599,45.0,5.12212472142194
97.32643264167108,12.902893444851411,37.05111674505504,22.38511714138287,4.647298443611168,83.84023664048273,3.780609590246539
129.04102963609867,11.956737547882524,39.569909978619606,28.72154150451359,3.155747502156417,81.78698997243751,3.4242163576822024
82.40801598125385,15.063219443148691,36.278803943145405,24.43067272439584,6.214423549985513,94.72642212674984,3.971703342364042
132.20698328734764,9.946657166496522,33.45458240183259,22.53777032876597,5.698382889630816,45.0,5.822208740688922
152.41151559577582,12.558132255318505,39.553679197497885,24.859328835970327,5.356606017004595,75.54173969002863,4.293344034856055
170.61459755852354,14.843194063867852,39.224028203800685,23.227164082433617,4.935476750356925,51.856217691866746,6.059046013648616
160.39754805449303,8.514714149240733,30.564065721700864,24.59862325047058,3.8023574524362216,45.0,5.427011600891678
223.38049975723024,8.39012589041825,46.42311238558096,30.86575646549668,5.140083001004805,73.9588410427672,3.601559367853861
151.76290980335295,12.665280193951372,35.2087999798729,27.09284001382732,2.585760161774996,53.46801249097549,4.353698012040514
242.66938398886464,10.366898060267983,59.85526353145288,32.35419427995808,4.00854705764058,45.0,4.445815101767881
92.4173626714274,14.90873831547828,63.31132531928829,37.66253473831319,3.1634112098316365,45.0,5.527108496123161
243.75290447564112,11.348929459517642,42.34029950248519,36.89170452618178,4.142746667371189,77.34567683855524,4.080216049919913
154.7610166148486,13.091881833341962,37.808560400725575,30.167390406490387,4.134692795789056,84.77790970361022,3.261083836467083
122.77041014556808,14.534312579421975,46.64468904364635,30.47597415244225,3.638740158280353,45.0,6.548850119942401
248.54879693875827,10.62363237743448,35.54322775968574,24.761818491117214,3.403028082951263,45.0,4.523369604459338
165.41944483321222,15.99337869567812,54.80250862635749,33.325140977876345,4.234556341658852,60.422267419960704,5.574361482911438
122.35798950488652,10.672697104331624,31.25654919655067,36.57585289887241,2.7567885015099,45.0,5.332487393554936
208.60266291346372,12.509348457021652,55.72774643133502,39.1961422062754,6.177676515124157,88.99356199616041,3.5527763858546924
171.36636889914558,15.79200131737188,37.04587651042596,26.794112533924142,3.651244699383496,72.56448147510717,5.402258353563908
196.1551780597621,8.508093938215172,61.18107215471762,25.843249723843574,2.251478421128452,45.0,4.446079157606434
157.62930402155592,9.267771012326223,34.604694825519914,30.046619065360524,5.604955335465968,45.0,5.518158798800187
183.86347827782225,10.946084005244773,53.8125540311022,33.32930870590258,2.4466549614792927,45.0,5.438705704907727
165.9174250586494,11.51559942268324,55.55192112815365,22.52038773887086,6.4099084416840375,45.0,5.944264877505335
125.18827996990862,9.58685777851236,30.175655210496696,32.23710727115994,4.1889155775419145,45.0,5.509767395759928
190.4360752076135,12.531741101236843,43.35502878453825,38.02921336795797,2.219972193265617,45.0,5.193782997652079
149.46633516160057,15.17441343879482,34.42281606350893,30.74997528644341,4.543049768130424,45.0,6.164402161689765
86.43910232079033,15.031208604215294,42.28550710819362,23.614442346967586,5.951841176864093,45.0,5.985384947302471
108.87860304736604,8.835922537487741,35.57443428389841,34.23440326664061,4.610480832340136,45.0,5.255135997208928
177.01867357522536,15.729566399681785,40.29685493686165,24.21504689234325,4.109049063869062,54.49957544753714,5.702824805245494
227.39269683697972,10.922405420059269,35.81148748564146,35.4435559675144,2.126259654194802,45.0,5.218583895349349
225.1140676717448,13.065942057699022,46.292043077674265,27.923270523098,2.039578829809093,45.0,5.630256960031003
146.7649580813777,14.87321501774387,40.039368342048895,30.99943399552372,5.386457518615579,45.0,6.4224583941814295
245.8038942587786,11.318442281872452,35.31189350915204,32.60914530326476,3.88257131856955,53.91502527779258,4.422876269942902
181.26946308063447,14.499108645709164,60.31380939294186,24.258777111122075,3.8107048162617367,45.0,6.122824220268802
125.8208052278194,11.2191248802609,36.66156002768274,22.37340742180489,4.413963048485097,45.0,5.433009051876929
217.4460735435479,10.378398596255996,37.26028465023075,20.02025020578093,2.907461875883805,45.0,5.99195280552054
225.5751345616889,9.331699660355984,32.68299739068565,26.578282474643657,5.00912565431074,52.0158273806582,4.391245089171264
185.44876354785555,14.949338893944152,52.92784248390962,34.04150797489301,5.308183556580049,80.50200693300673,3.744509271864884
118.81660194724154,8.084689597972602,52.8239308755238,38.19323543472163,6.470946172239948,63.00006339833879,4.250636038567485
130.97527021000792,13.580805190469253,64.38329333362566,35.65028982586648,2.176924957658472,45.0,5.505793647156651
150.9753859115582,15.891877577914654,52.50664128126843,31.232539039915835,6.072917267273306,45.0,6.590461741509619
153.43140891771208,13.340044719504052,46.27034351036582,22.96477034241319,6.037594607447262,89.05786895413469,3.483875334943411
157.69491471146836,9.626773731654971,41.411675228825565,26.115558029752947,5.326199260325933,67.9514077395021,4.109621481143137
93.89482013058046,13.357147142122225,40.98140693256991,37.00733130663677,5.448959138899458,98.26494397537326,3.6384770833447337
183.76914037076443,12.570698262293298,57.31794381804218,31.72505629337124,3.944758614174992,45.0,4.93854337037436
111.22922886533124,12.9173716624656,64.26364707515128,32.18856668460386,3.6107783957330346,45.0,6.062298485749363
90.12676274285192,14.436707793297694,35.646813027231886,21.03873638010539,2.6937686452035434,45.0,5.979576935041074
214.56341853812623,9.568213824244507,60.28862832204384,25.535986224271685,4.096492045128464,45.0,4.905449684936968
216.71564944122647,8.5066449907189,59.16470907004609,34.45024495887761,5.620033098196881,45.0,5.5661914984374175
122.8341726047377,14.836125514087062,55.55684194410671,23.264690188411823,2.347645004271884,45.0,6.744119971209518
239.5145474281505,8.591169745547656,43.38175358180843,28.45229692513874,5.060586711380333,45.0,4.920660067442964
87.11361647254017,14.959614461925163,58.34193595732471,31.85188560755356,2.6214973742815584,45.0,6.100280893740935
178.45089761286488,13.19733677149165,33.56324667274556,31.13027001212294,2.371177032915687,68.32763069862607,4.35348187988729
168.19640953824288,12.920703778073111,35.58495890399334,31.323129524203136,4.064129026721856,45.0,4.704566922929189
91.29468488985256,13.141685159435404,51.004592452961326,26.990735564685227,4.39851012657771,72.01089822053306,4.903664731996308
185.18776498490627,14.400621633990257,35.714728934648114,39.02236005204243,5.044442996882748,71.70293941769408,5.429368775773831
240.3481656068216,12.949730540541236,61.98527016885179,37.07199919478533,5.852757275541904,77.02097548432441,4.614189485984053
237.23980488892477,14.521793935240664,37.52009991929495,21.383590107851177,4.76678050081423,63.352051092509576,5.610208791578493
115.89991918039516,14.939911423282473,40.14703586363427,20.40126045026146,2.272144198641925,45.0,6.000792868281973
175.64824902921566,14.348080515829482,44.69067239972716,36.549494314581786,4.2625742597654135,61.2393466810577,4.509910844578698
182.80515519896065,15.316571549014778,57.84526741499525,21.562655526525468,2.05254972844122,45.0,6.231886259982471
123.80464390385086,11.05674877683362,63.696169597009,31.153481059812137,6.432063871117543,54.117227609544514,5.388664368517357
162.42200485896194,14.289216941456669,50.01985220789262,23.502629125480045,4.873659454085559,45.0,6.118710942413005
159.60567420082282,12.991263621142975,41.2026991028736,26.12228198433712,3.0138213984651583,45.0,5.908953587742042
240.90418292962772,12.567266964344334,32.373296797512,37.823603999906666,5.343896832698363,67.50577460173429,4.495883201720909
151.1487918874387,10.831572332971476,39.04374747851067,39.91294872202656,3.877460131346099,45.0,5.291013163419386
190.2492402673491,10.583366170568466,54.64669528431202,32.42494802328951,3.670150370200957,56.19646426968913,4.241346538990069
220.5870033857869,13.500666094740122,30.478617556707192,32.482194359160616,6.187185581802576,84.59929087686764,3.467621382711282
211.833142383313,13.274610239681968,55.21594953014627,38.338770456825245,5.492463794080612,63.836413460277896,5.090419984480458
197.2407581324099,12.452657111833105,32.082891522584134,37.88231131172495,2.864890443999245,65.04615002567502,4.020970372977473
160.1862332688737,9.41025231761681,55.70677776520149,22.247956474222704,5.088736057706084,45.0,5.278084954211424
155.66558676672196,8.297767371375823,43.52735612590084,21.959411536388448,5.593344080899078,45.0,5.317714650688297
234.86741527184347,9.99166403555077,34.7609159619018,37.89943317488366,5.508926850415547,45.0,4.475297647986899
183.70805486976957,8.349130649612631,36.0840184284552,34.086481083281406,3.9988232834093473,45.0,4.705613231028046
165.11723666409554,15.82720017285241,54.57350848064071,23.785991572085003,2.275211850876608,57.173519125847896,5.348592144645636
86.96451147372355,10.896300965146306,55.66617554062533,32.06320238286768,5.258467323130072,45.0,5.410330581229227
249.59053663950388,13.71493604150784,41.35284253644422,27.761608793832163,6.155995225474344,45.0,5.979939395329511
152.60663790276303,10.863326349863604,32.57473941629102,29.95830698866903,5.58787930511037,66.59353196320883,4.105066890930313
180.94961109364613,12.906019879082663,49.194308644839126,28.195325330640188,5.815956083087789,52.23847074858213,4.664197776158197
82.2972230708071,11.66514162573766,41.13206325084473,23.22963176627344,2.8131374964767053,77.09130113956813,3.90528789621041
159.11170943243116,12.25803217182365,64.1490094148662,23.45199825678082,3.932967882280036,45.0,5.651842829493492
172.07339341646056,10.095402839244144,61.30860998766336,26.84074415026649,4.407490694827834,45.0,5.091531767230608
90.98195957051114,9.18079715340097,59.24594291846182,37.370019837783,6.437822620127438,62.03372182392764,4.840656573904464
235.50962207763968,13.828450435780589,34.21582764144288,39.723095166498815,2.1448885701345968,55.81737379688472,5.327408188418896
108.73434344405048,9.077838994134794,64.89224536200246,38.423915811287614,3.265277375537619,78.53275801194678,4.005545096835331
161.80705150775856,15.75804752932136,64.72184474599757,31.149218904222167,2.8694389291991818,45.0,6.705659670117065
161.9617417270099,12.586469722864145,51.46537619239382,26.34350978349204,4.275186391855444,45.0,5.812540322283544
150.1458085234663,13.407787075372129,34.477584556102386,24.264643643012025,2.265291111253001,45.0,6.011836775058875
80.70926432445756,10.970674722217652,31.498560413702016,24.76815433042359,3.43845223675483,74.20580983769236,4.320538401190017
104.11278539134094,14.19485282553714,33.186447805503214,31.514858768967283,2.1580300421165357,45.0,5.909223629164631
81.59136088563037,9.50027383472391,52.267954435888015,25.486618390125912,6.485100341254776,75.94296696913176,3.362597705891776
140.65588588512318,14.115500850796288,35.03531160618576,29.579373334261668,2.367214637819914,72.02908232647647,5.133162185116701
140.80303156538275,11.294676878578343,58.88603725131014,38.77134969908301,3.1604424639068496,74.10574271523032,3.6642297183033
91.14793574898908,11.53216848995616,60.17311221222333,21.774999880044568,6.124541242173223,47.35579689575159,5.545103900532714
111.67484602419216,9.251815806714678,47.674696108915455,28.23791149293136,4.689276263503377,45.0,5.11674657101584
207.9124442245245,15.66131147005079,31.501464735391654,39.82113541761729,3.353762118189271,87.54613526777479,4.451598697439473
144.6977877135622,14.485093307303917,63.032080036106045,34.79065977652119,2.065876727679131,45.0,5.580478562324429
181.3186268541033,12.789765701290683,58.61281767325602,34.918175854795976,4.514211859812723,69.17223435961401,4.395152712869623
210.8461873554533,13.662705017979732,61.803809200592056,29.10453036459773,3.867508449128549,78.79799506005857,4.285767035228837
126.37168077134096,11.484883679753285,57.0914487701532,27.383932608100658,3.0295823829530084,61.94111945468544,4.641692964314944
174.50676562713628,12.216892074745438,51.12057733647951,36.28525924540905,6.216070645512472,76.21411537751236,4.358340297789121
194.88587477338007,15.668278525784585,55.048848425536136,35.58982340604091,3.3253916866453785,66.84546613001562,5.407307445372292
167.6377860597268,14.298641362775218,43.72083209834666,32.970359872558134,2.9967733329114514,45.0,5.555511297153879
246.8584610193868,8.883999122996173,61.12108641387755,32.49177723663799,3.241784636902439,45.0,5.820612379090672
224.2807969440596,12.57424380654846,32.760751423654995,27.66169568703417,4.807292320879478,45.0,6.237203914524571
186.06596390227693,13.32247287666856,43.6304760583085,25.914565793198197,6.068164156634396,77.17767252688415,4.106557360613484
246.21654159082692,11.69791016636464,49.968685888147874,21.554094740664222,5.8107051034540245,45.0,4.930027889090281
147.68642643083888,11.367103079641527,39.83549156990145,28.410952793329585,5.13621728399343,80.52667714711586,3.402179479638668
202.8483521457335,8.101928249897556,44.58653812377978,37.38550668849269,2.877496145938637,45.0,5.6017594261795445
196.0410119719637,15.00148815559456,44.73812571396963,22.4163493090692,3.545644436801849,45.0,5.596466312842307
161.29997201610325,15.718893040788572,58.99858211476362,20.532582201424574,2.925282146368361,45.0,5.618295013656708
89.24965990883352,9.372621371410826,61.46350723677076,21.213808729350543,3.46183868541737,45.0,5.693966382186565
231.45304437216,11.773671435547024,46.35294284975262,27.232932119602552,3.1270574403087648,65.93707483074826,3.762309882221067
238.018947530366,10.495772985751428,44.00656243765281,30.904112354440283,6.146227530917455,45.0,5.569245626397965
220.30359276140405,11.052067136091985,62.48495710536464,32.87352961150236,4.035045065541749,45.0,5.7901797585034895
247.88495385362648,15.01062776833904,62.77143864692052,24.029397994647617,4.5226780733323775,45.0,5.821621329247618
87.33676309659691,10.797923937244772,51.03093828287441,38.97647556584644,4.10728371577384,52.459192471225215,4.336367736702595
210.45470992873604,15.17095612372396,57.220450002951466,21.09874698054667,3.70565152846734,45.0,5.918339982136478
188.30023169098197,12.905968321444004,63.97520673843593,27.854144461765365,5.1857323911767566,45.0,5.548411958219884
90.43288581238724,9.236645832879269,57.06550911482363,30.77555446732168,2.132346688268,45.0,4.496423461661797
249.546366033016,12.927633286848124,35.02805229174937,38.562307935298456,2.832483476798978,45.0,5.618794960114711
242.63677951432837,9.512552465066776,39.17747930073521,33.97767687397841,4.736671382670467,69.28738599041948,3.835207636160453
127.94235220657312,12.479607553359152,53.99935654291409,37.71835892219255,3.4277112753452164,45.0,5.951502520595634
82.47036427117418,10.339612117930384,63.37750977821063,31.290143295313342,3.671774482231016,45.0,6.059977581504013
172.74126394642846,9.718042408268522,41.28207144344584,21.6914651085802,4.1681858324473176,63.15259688881972,3.826881033239577
82.3537520754929,9.437088871285932,64.60333614137704,23.305951720558227,2.17929143492847,45.0,5.867760022910577
177.0461301044419,12.261619416571763,31.587660582780032,31.72264234689706,4.330767317161447,58.595201727565296,3.8299060306687065
218.54790988938828,10.88931421643004,59.21112892409705,22.1741672344902,3.008679655332593,45.0,5.486454565983635
172.6709220829253,11.27130142548501,59.98308168266294,35.677395396724165,3.635706928264722,45.0,5.355520014337816
224.244625292016,12.983193440639315,56.88549173510755,30.777767396304228,5.01408835454424,45.0,5.637082315155602
148.61525123157134,12.470801069969434,51.69299076659495,37.05055123377294,3.3303917007542285,45.19215676197164,4.970517183068332
98.10652622048568,12.21296432850372,43.99039461385754,32.430681570766225,5.960669968779667,45.0,5.811562242707893
113.28042811263848,15.686627758003198,33.75432161152632,30.48170013553253,5.150246493856513,45.0,6.19459186584859
115.13271991368762,11.233945419895608,55.175132723305225,37.85846605646552,4.037681211441329,74.37180455254584,4.077076113727989
180.5029990878989,15.82688388415651,56.97913359725464,25.3343866928212,3.87683831493472,45.0,6.850472241344132
99.318310780135,14.633217926978432,54.21577152118387,28.288657242033104,3.9344786959255726,45.0,5.622525357545438
231.1054731853533,8.797153525901177,39.32336956317634,39.56505863110982,5.183675465696334,48.5317710408702,5.786116126228893
202.73185606880537,14.626211586785528,36.080209498552186,35.947934790518936,2.3270017420867064,77.9285112641894,3.995302558467877
225.70152524354893,14.847096209383864,46.3560352501064,32.44330011274631,5.381895910726993,68.65732781732797,4.987687774058314
204.4010128656216,8.762582879166986,41.99868951017602,39.36658563652141,5.635824256949515,56.18213789551184,4.880870424715712
229.562881678831,8.927282650042837,64.01671377986611,29.481702041722205,5.782595127986124,45.0,5.768588405810139
182.57715663053085,12.521912916694752,53.56170155302766,35.77160017398612,5.812620961622228,45.0,5.35071755137665
180.57310357960316,9.706613407773228,37.711134399867376,36.63765429938442,3.859855823699912,45.0,4.588487369559239
220.5599148420263,14.18135961055577,33.46243524988588,23.235922782660374,4.702915577011055,45.0,5.543383780784014
96.9518715003348,10.032984640631964,37.529219351755295,22.994087985337703,3.7066096800938526,60.135951135108655,4.829144969193829
160.07629069833683,15.71195319449589,58.993340530066135,38.5790988569398,3.486396134431279,47.13215895738677,6.204356970357988
137.6378891185381,14.48977861523531,38.59431531019362,39.73644885713925,2.68493460854788,45.0,6.766632778008757
161.05610316799408,13.65779168367544,53.30062650410859,32.403565179988625,2.8072113022557885,45.0,5.622188080751108
81.63115031814957,11.833977270131523,44.534652430267045,34.580022463197025,4.178188935857879,87.67683577620195,3.5289265303109074
121.13516250098807,15.95760045622264,35.11846561396672,31.15139798714278,4.071117813969034,62.85082117643172,5.226803724325926
186.9981447874597,9.501880019849333,42.41373652233605,37.34565405620346,4.841167462551862,45.0,5.395455910168179
206.9250077007057,14.6890648277223,40.44381012051407,30.63338118137642,3.551366085167163,45.0,6.267002989459321
137.5050639259207,8.739554062519455,63.11915731069583,21.506493557626225,5.373775961163282,45.0,4.92757952071114
211.3227925942515,14.163502516339468,55.51643092942224,36.288696240465455,5.985594036116794,88.87856055940584,3.9558204093716256
118.16713340747006,14.09903772386222,63.15339879222354,37.053580916466686,3.0184467608577807,45.0,5.361350670815689
116.74687147098696,11.849086951985324,42.91473354330373,28.358513998552077,4.172417104691774,45.0,4.733883400906343
207.39048766889147,8.550021838924017,38.46371428210451,38.619412080243215,6.48300871702585,83.89390008874933,3.825573141799861
240.67506420653731,11.695294015004489,39.017392082632014,29.27623708200596,3.2677338524862902,45.0,5.018281981105811
135.34378831854033,8.568053511229516,33.27449759205147,23.95904897682938,4.839335917227203,60.8264320585727,4.61426140016534
122.08455951012382,8.42442315968476,31.31870269865356,23.57023475141477,5.438215193447454,45.0,5.196007241837125
234.49271175317676,14.415812746411373,49.13726092235767,20.5190255424077,5.129899540046337,45.0,6.073782982138043
186.6475927105284,15.137613829808435,61.28595764145973,23.29014266891351,2.7834555792317945,45.0,5.691171130519456
158.4518408612998,10.691673789912295,53.55666938540816,33.89192905468764,5.766485677351342,45.0,5.202134356887129
171.22358472172192,15.00803150668711,51.49162686611946,23.092526255943625,6.224613209721402,63.7258512490333,5.260896421693183
166.1547105955969,14.749839526360256,38.14495491118276,26.26936151342252,6.211468727164849,93.35407114807482,3.926334857301984
234.13753057087865,8.061146190379382,35.66297474073493,35.20882312668734,5.355256658904509,77.97710942194047,3.2429791514134285
173.05902863608213,11.604302650876033,52.53130746018444,28.719267745701234,3.6862003120209135,45.0,5.243569521380936
169.63770192565792,13.602516793894932,40.87196258176144,28.75811151741478,2.659627674899116,62.36265064683418,4.665989979831432
88.8859266488356,12.159929993431014,32.92550788017496,28.043813967046745,3.235781145069793,61.85780473140865,4.826825596787855
194.8549754039797,14.938998149168372,56.852265937737286,39.4196105342908,5.579002154231066,45.0,5.677451572050679
226.36761976260783,15.476782660683622,58.42507654168192,30.518031571777744,5.690347349089206,45.0,6.598763484463252
102.94526887265822,10.649729314223729,41.82503973462535,27.06256457227923,3.942149437386132,48.7328214149261,4.583213554510701
170.91850030732735,11.839527682330711,43.714148974479045,25.454382495271908,4.128209718544557,78.52687648828282,3.745786590617578
212.92917541820464,10.671665627338,44.90629899070824,29.08925900072417,5.915161429700586,45.0,5.574787127226038
223.4487570954064,11.120144424175429,34.64313330650124,26.492875383427155,2.958079130578726,45.0,5.750978442534255
185.3264020702885,8.893269196120574,55.4536347748998,37.25335486982063,3.7306585128955696,45.0,5.150388302304636
126.88673446554984,13.931984642863496,55.33740889058658,37.54854306142183,5.242948967607967,45.0,5.775354500443319
131.51279979019895,11.490979615023146,38.3091608780714,26.26509733265099,4.256711275044256,45.0,5.505807352103471
239.95142035687343,10.177322972394665,62.722918070324624,23.55845263073226,3.6382266868868216,45.0,4.855386702635269
198.9777353064617,14.304241048572573,31.602149288831257,32.28773481969391,3.6591688824607305,77.27823152983224,4.79472695512981
128.3114931536412,11.591229518074815,32.39658876142843,23.749983476585022,3.6953990746599903,52.33039947413263,3.904133343464092
167.25150561740423,15.348484864383504,47.774725072494135,36.2499542028478,4.028627528541827,79.49458669474872,4.336153480197886
124.16097600865136,13.124223766579792,38.06662868893328,32.93391642059986,3.831724753084222,68.95362274208392,4.0359871197289285
172.42803135173085,10.31364849663255,60.96895055351095,38.41119840551779,6.227049495128728,89.37016872888812,3.191260761571092
196.1144139916337,11.976074819811354,40.99303644640684,38.50241504088004,2.918593673688693,45.0,4.618586408695085
187.2328801728802,9.75810367722242,37.41265613957259,23.026668608774244,6.104226323229471,75.79938379844232,3.674487712866133
150.7631386597987,9.800276934274937,50.27759513474396,24.570330815923448,4.814107700162303,48.01267369690117,5.1440336701484775
135.27377775785322,15.247777443233378,58.91938070748819,24.503030710605632,3.9730635305360735,67.64175557522078,5.133323188534882
107.43198302866212,12.961323289539042,36.016738381216925,34.98913867918424,4.029374801535393,45.0,5.908480090664456
119.574332576069,13.241470816782284,34.67246800545317,27.112369466976062,5.225241837888044,55.9609323927379,5.677148862187486
208.8516727457532,9.990656622046007,61.32045173562378,25.17333099506341,6.085809844576846,77.0377026744417,3.851213068719076
174.99738155030477,14.237788539921972,58.395970840294055,21.525292482589485,4.574220104480283,45.0,6.369621764069395
212.65100958896147,9.545307109021223,37.55343359633925,30.43439759974901,2.2415371587124557,45.0,4.825642981345062
136.7700525794411,8.312730969411165,48.82613608915683,26.925513711387254,5.043716289932055,45.0,5.058538127153529
194.71147882757307,9.382286067404351,42.887260968750766,25.70524081232893,2.5547346870696264,45.0,5.059931943627538
160.87725783284355,9.316644466208366,50.88201076700175,22.651724553174937,5.977751424265976,47.67614224576574,5.216989995695036
139.15613904220996,8.891450880140795,40.3570002657592,22.241365616184247,4.244878482169149,45.0,4.904153734992324
232.65450931094557,8.08792662781935,57.46370545865997,35.183598617933114,2.938594378578464,47.77014800569495,4.672926828270094
110.41871113506154,15.179982093386222,53.25266118549332,31.305133433343915,5.873030214434771,50.71245302208699,4.875409950189741
134.0207486388452,9.186774123107693,48.76423698040119,30.7825326400096,3.546217963011299,45.0,4.410823305371688
139.6258141494883,14.965915464335644,58.92738624145564,24.71354154218071,4.627689933077749,49.58754505102975,5.560994409741573
152.83100447518189,9.803136504242024,40.76161991190259,20.02400645341352,2.9052086832830795,45.0,5.556874781841263
104.56606476715606,12.320654463957547,32.39001873746505,37.47219196426784,3.7601075409730873,78.25561878726836,4.442316824880204
155.72102607813224,12.979198367941573,48.78644840947069,34.30399181681773,6.278841059762984,45.0,6.047745865358035
241.04938221189803,14.424276968504971,42.85998707728544,20.75371855070612,4.297033987339936,51.60520539163072,4.952091884214829
248.355732560831,9.631522823241216,42.08942610867149,26.90793970044213,3.5241392115009798,45.0,4.518671700116059
81.03595531992583,15.738741987269044,33.85286645648197,25.090393577987,5.17853037696078,74.83667623448507,4.520934579347903
206.13561475190707,11.736721494074196,33.75974838031226,22.341528312119287,3.391965335204147,55.28277673839159,4.280024354426046
231.36825403548545,9.917869459341958,30.647022057311453,23.92338712925971,4.803697171255974,48.12502818441623,4.723041142304532
245.42963039546697,13.669559274852126,46.22413639441037,31.845389502389068,6.405847389539732,91.8216592928607,3.5796868563387783
167.32555727906205,11.217926342653389,35.15102873326508,23.17349593378466,2.1547662736546807,45.0,5.371933596508841
132.37357904004685,10.724887888595688,38.91957114437872,29.00683971390641,4.345229098237551,45.0,4.998028460440779
182.74379906141743,10.15784905748948,42.948206367723,38.697694654063234,2.6409897388487518,48.35669843269695,4.367093518758586
222.35360908059124,14.527229520107804,60.704866886884176,29.990332562378587,4.608913896316293,45.0,6.118348555668357
241.42096904820173,8.325531447993187,53.64546051683551,38.89646332962828,3.381399753253868,45.939139102469206,5.152013649096283
152.03881884101398,14.712736236597044,33.98808809749478,35.16137605933171,2.133900109458907,45.0,6.078266758896639
223.91473806838263,11.748976102507845,44.95858026001765,21.24288657108497,2.62345945608726,55.394706019174734,4.189776905867646
202.6364918887151,11.364011647273738,59.642669279293685,27.05400396464732,5.997380597186085,57.1638613127887,5.090607707788389
156.20573694259085,15.558327114533943,52.43464433031054,31.38658060245668,2.2388828975918984,64.9757296503558,5.056389028489013
179.7609360097769,10.005342350252588,62.77405159666702,26.335207442658128,3.838337114037397,50.22626951714078,4.198410697876434
230.79834970707088,10.59028853456978,45.2880639503707,25.331814173524084,2.329524519517712,45.0,4.680471005302436
105.9445893645658,14.658817424299762,64.99683228027571,32.68778142401311,3.9369271874477225,45.0,5.809714456928992
243.05803207551045,9.793045071436644,57.21484902632752,21.091896008790197,4.981953771861299,45.0,5.318567866472211
201.71418132772817,9.798359434750008,49.38114111915259,23.98810420247193,3.170055313887909,46.22332756524322,4.002684325761042
181.3297983628908,12.153711684608275,55.12260561236603,33.870563435448375,4.7995204886645935,74.1070397232127,3.260965781370688
211.339023965149,10.920406739719107,38.2067686540532,30.26417512595129,2.8293519035649823,65.86966856707444,3.7569938586087934
238.34649352633025,13.326144063583692,43.91616754444024,38.12415556095644,5.199152000561448,57.21373711849853,4.942925217965405
156.53129665942112,13.84261085247276,59.64613494339685,29.955675077338228,4.374413887144866,74.12375317102801,4.950067557383404
153.16268879826077,12.182522610236392,51.71213015411308,23.44741394568628,3.8188473152927607,45.0,5.199386002100196
229.90478266490857,13.511981838836116,52.37369803353129,31.375970772466516,3.392929934597213,47.00268803401948,5.266042001008273
236.34001625440155,9.682748526219122,50.67167384216234,35.973512342968434,6.366218331778798,45.0,5.837172129196679
192.2994094987937,13.217986175987846,45.1270251143594,32.878001545578414,5.3219859894836965,61.1869014577418,5.553422802405313
102.8192276606778,10.794186352641116,58.27628885886759,23.425145293262947,4.247692774465322,45.0,5.465959155637506
155.54460539197373,13.693761595009278,58.33302212074059,34.10454813804488,5.612573165506947,54.80465856662081,5.614161376027143
223.149554694629,15.7955516382197,46.79679234201656,38.78083639233179,2.420911153515557,45.0,6.668215054798024
204.01271536340585,10.3977125094992,44.400755744240094,24.648725731821425,2.4451475291758498,54.62471256991055,4.3512247354648
211.8934293956521,9.999467551462509,38.48918973690383,23.28196022432541,4.525582719578644,45.0,4.787273095941491
89.98732591397558,11.815212390819712,33.65618321658742,38.61276813868843,4.380265778453129,77.86020439027247,3.651375759460196
156.87254254349645,13.525045736663465,47.28469653045734,25.39404533597248,5.089905825385244,89.85115581926819,3.756000840954079
96.84402490902453,11.095838288257326,39.30203934466839,27.50840819511176,6.365918272957218,82.45689989647896,4.294449809074489
169.53267770597418,8.230814808348587,45.421460661730976,33.86458820155912,3.989788207181904,74.33790558031707,3.32160878008005
153.2476351314929,13.753162539733786,54.08901500702555,21.803472710267133,4.930634792525339,77.72814324284457,4.439789850148692
84.36403462913182,12.741645180899544,32.66990906079398,35.919884395219874,5.9217330856639405,85.50524940705809,3.851447874558924
117.5006933526446,10.125737733700532,31.701064750297167,25.003433801185366,5.525252129054785,74.65336050351814,3.932760690430984
183.00731672933756,11.61755762499538,31.5101788284537,29.947578829033795,4.250232591836846,45.0,4.172650790657611
176.69943865226384,14.995317228903096,62.04346310210792,33.9188681254321,3.412244921680148,45.0,6.303329533836193
127.1690453788692,11.158880945902188,46.30989349658452,22.110323357862395,6.249454638140398,45.0,5.309283040054448
145.1208148507247,14.038642440637542,61.731491593977616,22.49784790498467,3.8517523727652936,45.0,5.638057578929418
243.19802558444684,13.818720217512013,58.54168082210407,32.70120475329019,3.303654435574068,72.04672034417341,4.309203755806363
226.40016014599348,11.933652114529504,37.18013537974673,29.77571838922345,3.640659090184943,52.39278913934082,5.048880446027985
92.02000027571054,10.611721288671584,36.3754912298814,34.10635796658143,2.843102743809798,84.23497252278031,3.440876602587429
185.6835252017076,13.346145067144937,55.83540385872571,32.11664832035719,3.336040967914258,63.923020036795045,4.161645789313505
175.9736733291999,11.925922594398312,56.63145241898238,36.1022501460863,6.294708175097733,85.47418442218338,2.79836081101686
123.27435106479996,14.734285810797958,39.31424570347925,24.805718577091103,5.487468713710333,45.0,5.387339855796576
184.91392339913912,11.75083655122303,48.83510137325197,39.446276505455366,5.671820241316714,45.0,5.531655076634406
114.53319912818,15.255893384204096,60.24326687013678,35.859403080187995,5.865193416824187,97.2949157436268,4.523226437194704
119.39043416086687,14.02665122360666,42.175848189603336,28.32895687137184,5.336032841069136,93.13533931916405,3.225749600410674
239.6651797519398,8.469598300762089,32.95987915293664,20.253402683667268,6.236838357635407,45.0,5.713689568536847
160.21158683142696,8.570109048211172,50.15155996845057,31.11521532199763,5.4503515989272255,80.48981302419915,3.770079540365864
113.49042003696351,15.10043622122608,51.061520171705055,36.802975018956445,4.587868012421862,45.0,5.878482826644998
144.86193912040676,11.324611644384648,55.28413226716053,24.017592097117124,5.851368285661719,45.0,5.822962012731102
233.72670345925425,13.319081869272482,53.8215495148448,20.45153667626365,3.1894381484574774,45.0,5.114686928193144
105.51653571772906,9.188111462011475,46.912169881981896,37.49626473168043,2.633262952661649,45.0,4.875973375558353
242.36828839602967,11.633993481255107,35.52847488158009,28.725748625642787,3.2005593171151068,55.56117024772394,4.311640441370206
214.32649195801605,12.618332234150962,45.71630224363258,23.80487409355962,4.643262355280964,45.0,5.750521720956844
240.23919179462555,12.095349732487293,37.086290822074034,26.258752770984223,3.1949490241282774,48.56738424133325,4.337364919302381
116.51024895957347,11.8892515291506,33.60360679217011,22.20997456806537,6.402067020096834,63.06731701085009,4.462855300258664
130.47459699116905,12.516646019769494,48.74451987380035,27.04091934562633,3.562455176484122,45.0,5.300267799106285
144.51794640804496,9.773473075886807,64.42111139864619,23.47155586246189,2.244381635887182,45.0,5.241155932753454
104.01852481629024,13.854790430957372,30.67754371754849,20.63327506382879,2.784819806657823,45.0,6.118840740916395
162.03933815163117,8.445512494831856,42.62607666553184,24.17733040637968,3.3132114001225785,45.0,4.807255076495871
160.51434444684145,12.629015415980284,46.26186009833005,22.41064174498872,5.348896008059234,45.0,6.19876309231266
236.1705536011684,10.237482687390326,61.659636365688144,36.54549077595369,2.332173642652161,45.0,4.913519978676723
87.7890191794927,10.830055187290595,52.933893295029605,29.7665919764324,4.157040014606107,45.0,5.406138320399451
103.07115456090142,14.678826786380482,31.72475265441044,21.815813935769867,4.431261582473038,45.0,6.808642858256469
201.63399960245533,15.135113658084984,37.657111214107566,25.85218000228275,4.938787431422577,59.97761564478176,5.51516044250188
222.60046378526133,11.743216954014963,39.19756485703164,27.68280377143591,3.2506109784597728,45.0,4.848831537652744
210.39542102228435,12.483459965242794,49.08970219696071,26.65765320580583,4.787303150309161,45.0,5.451072692088836
210.1907914108344,11.5221951840554,33.384800463050674,29.21756853402276,4.529187189556051,59.508483251443714,5.035881798024054
237.4480604371857,12.749539219960198,61.08229988919686,20.80075836648131,5.660639158132958,47.30908948169096,4.525265851963484
230.9169927283022,11.011460698424449,45.29346763255329,20.24701515462417,2.63568906180898,45.0,5.251635152952101
100.32349311787225,8.174952522610917,30.192376798011715,21.1398054644138,2.325842458207101,45.0,4.543118831419487
162.50706533906617,12.986088373563325,54.39521468979987,32.099758220574,6.174049826603223,82.55420788179538,3.9341428139082
224.92549358612487,10.248576732048267,33.075687994227515,36.04482826644319,2.823725544670019,45.0,5.569646149055864
188.1922513057304,10.337720399609644,61.94916158630464,29.305746765770145,4.458590567474005,45.0,4.517350155643885
119.5435960367831,12.573127627009056,33.30988986022205,24.08638068546801,2.844750823384896,45.0,5.328626779076708
177.1042173331942,14.516636462127757,42.785862027588365,24.300876339428623,6.233756329390576,45.0,5.299251918874576
158.7831837863359,8.47886423905417,33.866858307874985,21.1717643223362,3.1594714050376087,45.0,5.35250937406764
126.047388671863,9.724787555643427,43.27444508141596,36.45477193896178,3.8033869355988266,71.93108428149662,3.679383679212396
151.67314716799314,14.885935170690429,39.52250958473503,33.9004121221269,4.564051571624065,46.47741191783327,5.92226823903265
134.47059708306875,9.96672058569674,56.42907718130842,27.35120440132229,2.078525538127969,45.0,4.42385444599187
238.57907165354337,12.014393986829672,64.35007560916952,35.463621909846474,4.263557064225051,45.0,5.311606318944188
94.41790876544196,12.559920451384592,42.55003713121707,25.80726941931185,3.713275765013062,45.0,5.670259791756875
117.58343430312743,10.604225356767614,54.255306247176776,38.09721465585672,4.139179960573911,84.20846865402095,3.375783766224705
224.9108498644229,15.719583702278523,59.379652675871,24.86215309689308,5.796164877889138,68.36016870514479,4.785177312032987
96.28268935626627,13.442765657945095,30.69580611759356,37.911864923994905,2.768045719558937,47.80689324465462,4.495768131309751
198.1268942764992,13.524872281166996,40.187504146413794,24.40229258748411,5.935698435341858,49.38468053113776,5.326206407744512
137.47963233311435,8.626916542131093,62.39070832438296,28.712492402478503,3.175778335581932,45.0,4.9591862456412805
199.6129206113225,8.649084975649483,53.40603492643697,35.4228254661936,6.041536686904399,73.9696267471033,3.604421051858776
127.68453684415374,8.018726059169454,45.8840430263519,33.98227955625712,3.8834562176742153,45.0,5.629613023492331
93.33958106992282,10.68620410429344,61.2550130504747,38.516380739055386,4.09795056514186,45.056984669969566,5.921160309303636
136.62624917860694,12.426779119441488,57.35614540048311,33.29317180505968,6.0393231403361325,45.0,5.218300758655262
93.4887050394542,15.336700689731934,31.51519224623068,28.5364231546701,6.212354779340271,78.41614068529672,4.578938970379833
165.98771291215752,13.9281813523586,57.41687493865817,35.00624062794553,6.18797901596214,45.0,5.921766029411744
165.47719960913344,10.48283283017242,60.68740512480172,25.473852292033364,3.631869945581596,46.99531542039092,5.0316976914421305
144.39260480836816,8.982461788804018,56.94895098361111,22.875930588351363,5.687431367550785,45.0,5.999577502409917
197.6112024078801,8.915543856151901,60.9003077716944,35.22911506235445,5.485872043054846,45.0,5.145122562089744
226.01489805289216,12.398971403753542,40.854722020855725,24.051692954390123,6.3831040976663935,91.62848376165265,2.811533808736358
220.27672842870615,11.11065662558752,38.54675658354073,21.267654708823823,2.554566014125476,45.0,5.414087751223262
184.22245167919957,14.627588563145023,39.43048925883024,26.226925754455092,6.0078481910925285,81.9863401013885,4.6388534063478986
168.59996212574978,9.061016762772365,41.74375316503509,26.46886257286513,2.7107890600972726,45.0,5.330632291233478
110.00965070293688,14.677199214835094,43.64274482532016,28.3821851398025,2.438783911902493,45.0,6.332669923391036
169.79859119035598,9.35002656542105,40.2185832033601,21.559127070487776,4.477653903037647,48.28209606484032,5.18754603396307
230.468287110785,8.418333312425716,52.7469051734699,22.06248403283593,5.9166750633966,45.0,5.239324158659624
210.4785636147932,15.831344508353029,36.73763399402991,26.034355801206985,4.69236661054592,80.28761280669032,4.314382280438564
184.656409524447,8.949530330070392,44.55024018963036,25.10610639551952,5.530794584982455,45.0,5.613721729357259
217.32464276183123,13.895689768446992,45.20586021898245,37.56059698250077,2.6337358369048043,45.0,6.419647906548159
230.23319710525823,9.258179345171897,47.5010957399052,25.11658268173769,4.927584950909275,45.0,4.834775603703566
146.14783244465747,11.500601654420809,30.870456741841775,30.82874336075268,3.32028378190496,45.0,5.564250948523007
138.10043949273998,15.691916976274529,46.21768062263044,38.16108061991795,5.0239732018354,53.25147316637215,6.136409670125398
228.1927046379001,10.97718500785616,64.16421914437466,32.50207098233203,2.906109621437602,45.0,4.321818405967088
130.59870871355534,12.444659088030264,38.27974103393912,28.094793162725917,2.453449113134073,45.0,5.657849160587418
171.55328883004086,11.222045589141253,50.39290385338935,30.5786424775968,4.961016108873665,47.63295019146526,5.302358842820933
109.516220452194,9.685531147634292,40.68451050265144,29.822577352857977,3.122951967209456,45.0,4.899617083257075
147.72784255499366,11.033741539257106,45.185399790392765,39.19219792344898,3.113839679047606,45.0,4.971594808264749
90.35202172612978,11.88403404178119,46.57639737513684,36.797608882493975,2.649314086043124,48.454053698987366,4.670617461322417
237.4927345070666,11.715333665391142,50.50886660120114,27.65862318688863,2.110789135104906,45.0,5.284305448698612
174.66066795617684,10.707877956985392,44.68473350239336,22.078329501775148,3.2891723202965637,62.270958734818734,4.232917680113627
165.31732414162627,15.2702254797958,64.67793178305772,28.81340229466907,4.220997568033265,70.82212731384934,5.05756827486826
84.58959244934258,11.526722874554396,58.033702572406,31.0315987803574,6.37359265486224,45.0,5.221443896227598
128.62147986352755,13.873612238273928,40.504416688967815,21.26213927144606,5.559825016668297,45.0,6.006378340075038
230.85668244724363,14.728163687665958,44.20354371454475,20.371800104828917,5.23377734218991,45.0,6.018391005922867
236.3955531819453,14.879741707513984,40.61671913647612,22.16858918010861,4.3905072419130935,45.0,6.312214508959354
168.46950093323574,14.379532080993034,46.60204769993021,22.424427917146208,3.347675611148982,45.0,6.349757786615728
199.6775530425145,10.287112025800727,42.6457234799927,35.669115563331616,2.5601156252012336,59.854530570206485,4.774936783770114
173.02534838171613,15.954949371403266,63.52888498392773,30.678727699634024,3.76428330543341,45.0,6.645195650979028
90.7548767020506,10.101491962029144,63.84541930743774,32.03583524804991,4.560017098012516,86.09002616737007,2.827907534711912
152.86269124730464,15.422745080834805,50.69914557658261,37.24871925407314,3.550710468106753,46.10222474438177,5.741252168982075
158.30999757307518,8.452217700265527,48.27938268064719,26.166966193545598,4.326303670446595,57.79159795077307,4.140858198903939
185.3027492771369,11.235137183209403,35.387111790961384,28.04171395206641,3.185059630821654,45.0,5.358196110574401
138.7254839297319,10.90374130677613,63.38713084448813,38.837020198912285,3.557412880501129,45.0,5.156657990445806
189.256891280668,8.888673824178559,63.64538598602714,37.01996170566747,5.259825938260694,49.04230503669896,5.2961651076692
199.5245809619568,12.788274107687704,63.89953798390045,31.367426059196223,5.695785688498747,60.52081054910272,4.316307915031187
217.543869593116,8.648746283435516,60.47815896009271,24.69979672823703,5.737731712174281,45.0,5.29132737083898
97.38233089261747,11.58150499226102,49.904020814698114,39.33188597422309,5.197479092183386,96.58684423191386,2.487288126126588
197.639987715571,14.064348597256648,37.96141761040721,23.03498308286012,5.136599969832368,45.0,6.206768893137024
125.379724762306,9.40378689181748,35.10187132323326,29.89368717721775,6.254549024424073,94.78332385612376,2.953049544198878
134.10452298059792,14.347616782747542,40.4140343412665,28.707858545176844,3.2455428034155758,45.0,5.389379717596087
97.58921667010308,14.442507268365972,60.48062559080899,27.312018107737757,2.019486506477413,54.22316718262803,4.989648788109574
203.6320041116621,8.369773107096751,50.23887350270565,31.735432676355465,3.4605819107315123,45.0,5.602892583888378
99.36551443573713,9.175544828359806,48.99890309164874,34.576282548745695,2.761998014794472,45.0,4.816612636871657
222.19355068882405,15.473938534432934,55.19070750678826,30.63975398395169,3.8095588065046018,70.18083772679293,5.521582559558325
189.4677765096523,12.620818055692787,50.2925883549904,29.18696125741921,5.435343486500543,62.32674255353654,4.583590956163522
175.68984265703435,10.65735818757274,51.1723832930078,30.620789243841905,2.5427987954976343,45.0,5.027714011022484
110.5292856191635,8.189464919250547,60.82716820932953,26.02558368629377,4.416929447664302,45.0,5.119701484849358
87.84875842602021,15.056957333068697,56.56562474855319,32.731521166536346,4.11266866216193,45.0,6.596816566795049
97.67548360733592,12.709895204394794,52.03199292961708,22.55689075693153,4.877076404405594,45.0,5.920844380149687
187.0964325515997,15.761191185537632,46.01500302505703,36.59691113369004,2.561387916267211,56.8408230365808,5.6376542924153625
186.9899511542152,9.871274303832823,49.883083827175845,27.7194148247749,3.031345825092417,53.863065069229,4.237996913652698
123.44385415245836,9.46436442051936,41.57135827518342,25.895007153581357,3.264559493121625,69.61224012429781,4.027588685642135
102.82933284574762,13.284879849036145,53.12007422060128,29.58175251383607,6.182003831910492,45.0,6.186540893754959
196.2321624415679,14.669927417311897,34.62953874315932,28.79414368029381,4.751221049810653,45.0,5.496148058979445
161.63827952546916,15.062802340240802,50.0493707611078,35.42600309445377,3.107581174150557,45.0,6.027694331116498
141.5716892207358,10.80127570844606,55.24702165146899,28.4674965574806,4.165572535885895,80.79712085093236,3.666397317701048
193.62147690916515,11.064887064806635,63.34368602500589,28.006122133340348,5.614578344911815,45.0,5.836414564362142
140.09805805979167,13.65203288112594,49.401448561366536,25.1576757471486,3.043225870994844,45.0,5.094825067123491
131.95368021156776,11.968422803480893,55.700869905523234,33.710149122662095,6.105946208914418,88.27555514681511,3.097665231349893
119.86704202370066,10.751377628632332,31.852081872452136,28.396064986132583,3.542278527954502,45.0,5.821357718785164
212.9857624173437,12.005535239605903,42.6510668205117,22.504039890196676,5.237167374199813,74.33740183985793,3.705912896936132
104.13009410028208,8.356560640557234,39.00045760424507,29.119997660851794,2.3853430389462957,45.0,5.160585495915137
202.932684767704,11.157225404486844,50.24893268475205,31.903588890912577,4.783870734044456,45.0,4.574550461231364
169.54862215090475,9.933204555702783,51.53114988828277,32.681433490723904,5.350759112007369,49.539627124245264,5.553387146076798
124.98626102331352,11.377803566591792,58.55831396360968,23.909607939535405,4.138118410561379,67.91585961601277,4.164608199742474
196.7567717290185,10.52407619679784,36.198728392880575,29.54677436504999,5.523901720282006,74.21625605762104,4.099077089349839
238.49896075747748,13.802493286043862,45.7920652602426,26.50227763012932,5.603686349560856,78.86545248722629,4.038102678688799
165.85074031494344,15.013191646406598,30.10817660593893,30.601598487376528,3.7519184204205,68.25002981279826,5.208730565026094
159.4463604741374,8.34831956722512,36.85253037567052,23.03984481038941,2.120992423673519,45.0,4.822832382898119
90.8974914554951,11.922277294419173,61.620694940875175,29.86660282836869,3.919097398159412,55.18191238340072,4.093014510717324
141.39482001803228,14.075708522225948,44.02670435149128,23.05782011265309,5.397276130878334,47.62836143059638,5.751179166192539
171.67562085436495,8.884456020603295,55.35515181500348,25.618358825675656,4.908647473632248,60.17246412809361,4.85849667648345
150.31329202068943,8.527299441834446,35.02551821990816,24.58615876089206,5.617708058440695,45.0,5.111420375870656
100.26874139796143,9.94183135199798,52.93016128603208,34.097002252310666,3.3488257340880967,79.7649479279305,3.021757340414138
249.45895251253316,12.227085795141292,53.19144667472182,36.51324271815388,6.16710344011159,58.29516050412129,5.475574247333199
233.61240799743496,8.104766360645474,58.05432521800135,22.44123199955401,3.6431771885959616,45.0,5.178537260061757
96.38572106664527,9.9242483127579,41.02356124566225,36.29056054697086,3.916971300389145,46.8418914637934,5.684936866653628
218.9196327322562,12.623918019222629,36.54268078842912,28.12843606621337,5.02293090183133,45.0,6.086276498920411
200.3969281980673,8.69500555908537,41.24695362948742,30.59320050494513,2.9518830534335825,45.0,4.893908709702559
139.42047085413563,10.38455666333736,63.54130632668119,31.059848764501734,5.025204511119062,45.0,4.684005167628834
111.82723698943173,8.267622264984027,57.646161254480255,36.814760946568505,2.092086723481376,45.0,5.066000830912731
215.22446379534333,15.416577300332648,48.73342062581385,39.90182613625201,6.004876385291095,45.0,6.26367411999138
207.8559431522439,12.146815015292198,35.07788776532138,29.24030644170067,3.473694579914338,57.36215349371867,4.027988298697425
149.81612444230447,14.788112164008083,32.25956531652623,24.919855862325072,2.618832578316656,45.0,5.9774933169678
111.45781796722972,13.612415556004294,60.22108514627369,38.8603918448721,3.702305977815856,45.0,5.70300418694279
231.75090777085015,13.03586373677302,30.530516419813907,32.0601363118855,2.071053422399095,45.0,5.583712365159755
207.03692806100548,10.11688873528853,40.030864203886914,26.397610411031696,2.048360078105702,45.0,5.204061849158999
143.59596917972465,14.180498344403238,30.45242411116232,30.853199807760305,2.971765385674357,55.10722273223168,4.466040694124708
202.06252684489573,10.04255796689387,48.61477202381434,36.10790268623093,3.212377342695561,45.0,5.632677046928357
150.14807712493985,9.27676390844049,40.82932398268721,36.73292658452189,2.085668039145571,58.74635216747252,4.033999111463814
244.26624619150672,9.6667796103943,32.440332474864135,33.22820989103484,5.21317944591779,61.748633841617085,4.858501644148346
220.2537261133684,14.692888081299506,33.90646677648037,23.38470510293844,4.054088101891411,65.47965883675356,4.9183512429675
141.89749103698463,15.946843857399184,42.39866609089344,20.594762410663005,3.799746471649525,72.61569653786775,4.819932190528824
82.96221826574883,11.576414423312864,36.95089810619383,29.07476551082508,5.460850780905969,75.71732801772391,4.304885763829001
141.09354575471892,9.954649753326471,45.665580057843954,24.044456098100586,2.963264659092774,45.0,5.623351376798066
161.64541573922804,11.24248323525786,61.48914974611005,21.789149237175163,2.232327268982207,45.0,5.1086324671597705
161.443887721296,12.38111796146642,45.38296258750978,27.758973221184128,6.37326149819524,52.277039319244814,4.343740140679011
157.80578550202802,10.066821680920004,64.90182436081574,25.3649846113904,2.9859073212809104,45.0,5.504358908116332
227.6320995112548,11.7866017635297,63.62871423196672,34.83828072895703,2.366288889907503,45.0,5.096125523565898
115.5273455392299,10.207058005203804,62.36215821064136,36.9393355100847,4.286365272423864,80.30048385621521,3.543527449492001
145.78948140747386,9.259676868279008,39.45739648970972,20.262662366937512,2.282868620273466,45.0,5.172042358102347
169.31104825287397,10.745283101035897,63.00127662316667,21.210219542560274,5.891151557319727,59.184234114047385,4.357436483422099
114.5565863894295,11.624069265208718,62.25948517716161,20.04646268925552,2.3991885542727496,45.0,4.599760815211059
98.6409419558257,11.075606588914685,33.83894277038757,28.769642690365465,4.7015191506923175,45.0,5.818854052978651
191.57644156993075,8.78273220865413,35.17507836239765,29.259755077015768,5.540557438527766,45.0,4.753601600155408
170.8286430261098,8.097517284294321,38.67664106942708,25.827568849287758,2.3882117910827563,45.0,4.735481597985981
220.60561290902908,14.44000564827357,48.42387403075256,27.218210778970587,3.921765866415728,45.0,5.111309833175597
217.0107864388297,11.160576882736942,37.31741137362288,22.489638730037203,3.2820678853065424,45.0,4.741752897707684
213.12170681133043,15.730006609075318,34.54763856282706,31.446376488141468,5.870948933797704,96.4317360319412,4.420141200690705
116.46135662215282,8.614926408301297,51.24570567681961,27.055413953377403,6.425589644671799,45.0,4.906390435141216
123.79009882139954,9.663267305157724,44.06830999079582,36.38114139852188,4.948067102550903,61.20714721416861,4.785162827533898
180.72556477750615,10.004871006603498,56.81396295094359,23.13697225383018,4.370349238190885,68.1117219979354,3.815733213859433
183.6798010066644,8.892012109288617,61.62573861054435,30.626942870904323,5.894145313448156,55.334055021839546,5.104161696318181
122.42778311711469,11.037097216510492,30.875916812003403,20.14714741261893,4.227011715637005,60.91205138378874,3.9170782032365823
140.19033158160696,10.854451408304602,33.08104302692231,28.66255366474397,3.1517062594296954,53.04720272715965,4.306705691907951
232.79302892392604,8.827758607379053,35.12118933039222,32.90577131154681,5.622055075426534,81.947343383813,3.692882273001657
202.77014644185545,14.727942561700502,35.15671413748666,33.87325789700192,6.075854703795689,74.84761504420649,5.2500770231322
237.41485559427304,13.480521094815169,59.0674081050145,26.080647577810133,3.778380893373876,49.691734796217965,4.321988978799066
137.86006549404897,12.601355460713666,49.123583586587,24.868591264727197,5.848456339671543,55.66378095484525,4.560324855057713
221.40942599019263,11.550044554539916,51.47489025904659,39.49103615110138,4.76861256057609,45.0,4.380652274100052
102.5756891014682,9.92058370947174,37.45931976277859,36.65849963599043,4.73581606316369,52.81168439453601,4.884799273088358
103.86950230618176,15.2773800437645,46.83548517344239,28.118589834250685,3.335302310971998,85.16859354035562,4.409201279609876
103.15234076750384,14.174909133484675,42.80112998784365,22.40828036924087,6.40619781051585,69.01234770287321,5.260832012239986
107.90793842939448,14.43348005922284,60.9376470284712,20.81745291449176,3.1166915326766524,45.0,5.740875553184257
181.14073702166223,8.000765446983129,39.05938857976445,27.00392640698384,4.016810673073895,45.0,5.214097769927303
183.75687886312835,8.682848210528215,50.75248556275823,39.51615892391707,3.884308330727177,77.86581537833497,3.428567846757794
228.83640418323205,11.357098277611676,55.58867956799419,23.7380991247668,3.857959505121011,45.0,4.883731272080533
165.6162726836317,10.273440846307755,31.44334976576665,34.73563877075394,6.310685778359881,59.62832137266181,5.284711636099004
207.35576088920035,8.573893717431012,35.04510416018037,26.924398274298937,3.929276510705,45.0,4.680625384502886
177.4927583693265,15.69542445529832,48.47014418531454,33.63603845549464,4.042537317083674,46.85862427610796,5.872041867652355
235.4999836787186,14.870565154276967,58.52071573543894,28.490814082135767,5.842783845560265,63.980816722508905,5.3111046138638525
210.41490415747867,8.058873103947299,52.44058626312261,22.392965108392456,2.7419768536687474,45.0,4.889177984032932
169.58766810918877,15.91323259358669,62.39929149848231,26.05998549114781,5.2771308340196565,75.6777014742543,4.75460934119108
214.3949865637311,15.506894581662824,42.2220140220648,28.823404767346982,4.717054382529269,48.56873339889827,5.586464594941243
196.6726169498294,13.59439702842119,63.09847304072057,32.462981669425915,6.413265674442437,56.48364648191044,4.253489804344568
121.26613026630665,8.696593033328659,59.65930816705904,21.79684393227079,4.27533575155466,45.0,5.272978827450306
190.9900140922089,15.818328039482063,34.43700096944769,35.9147576127917,4.618080199575796,45.0,6.998206641209807
130.68582253833586,14.81052711905376,38.18229874291712,28.93439164314084,2.8480973547317485,80.75455336028155,4.932792556308771
119.96244764065952,14.003049285803025,35.3774447434312,39.150930579501896,2.125645137636262,45.0,5.618813766481622
103.18790408832862,11.078065259975238,48.783017601484,30.576831692393107,6.473269328711218,82.9169082508896,4.208692179692679
179.10318994894567,10.97141472276194,33.363593097048295,25.335797690191782,2.1020939464970643,45.0,4.524703956338906
196.6882994611484,13.368334951923432,34.555632909958774,33.56621906985187,5.182573230556285,73.01105965786927,4.87122441077037
138.24835708562523,8.917615791810276,34.99584613913022,31.575255925857977,5.338367689064231,45.0,5.448613629673472
197.1768984346424,9.381037910167043,52.73357287738559,29.62571375877519,5.287848289217884,54.67276220614865,4.048557648186172
169.15273309822828,15.939167668669736,49.00277734202519,23.76877053229812,5.527264368335009,85.86656728130716,4.4822586388780605
195.68874293885744,13.207209591894124,54.34760811831492,28.43018359355603,5.500180392189551,46.77480235731124,5.1590727813337285
114.81036220552964,11.85444049176853,40.325074789233554,25.46933485657592,2.865324417513128,63.302003876094496,4.076071437904153
172.81703099008217,10.17924683476238,43.92398673853487,31.06853221564309,3.987589558307267,61.95968828838767,3.854496433238196
98.21805844057644,11.433137662685809,30.102102725400275,30.508825282751616,4.468182390558525,93.69205929945986,3.309464752793713
191.01766612208849,14.459597573673785,57.55963470348795,30.83114892584018,2.14893484515126,45.0,5.510488909410279
146.9811744962019,13.136743871977805,36.30178391555088,28.979277115735837,4.914632040834391,45.0,4.698684260446884
137.21259410449943,12.362685268066798,59.871527698324655,30.551590362505365,5.085411277095979,45.0,5.596081723023353
204.5943771525181,13.921276180095226,32.202373869430225,26.74426257359269,6.292785494368419,47.04789411596513,5.577475184894956
213.20797280768105,12.999854444836366,41.14787802954589,33.625580699752874,6.315217638551142,45.0,4.357366747132451
100.76561454382554,13.845611822179428,33.64996954699673,26.4615695820252,2.210063871375964,45.926259320037296,4.751399595769253
87.15887776587759,10.694614666701009,35.09502056530522,28.45630248967521,5.1319684042863125,45.0,5.978188168802969
167.18725541569452,9.017212848451717,31.53997150520881,24.19518591557013,6.438683354606425,45.0,5.306159253681839
229.070871409965,12.063242212887335,57.17812626807549,20.597638833695896,4.521097639632549,45.0,5.532600680999041
247.47353231282116,13.58747475021744,44.43454010073554,36.85645244174048,2.778915617399246,45.0,4.817176716371526
237.31620068680985,15.290237821031042,52.65587447065598,33.56396012095885,3.0274618629723,45.0,6.418448450185732
102.9631658466966,9.720688077736485,52.60100781586569,21.624431710730057,3.24611718123817,45.0,5.287443071566203
183.63884184048945,10.974308554512255,45.4135993460044,27.301912368881982,3.4664077891760465,57.41087030048227,4.185008162841422
82.05811312425602,11.89315191615396,30.82159797104136,21.04113919238762,5.4168812863952045,45.0,5.23892342443385
200.90727826969243,15.843151613853774,38.65253792671088,34.54107220801133,4.149988416910681,54.72857193024255,5.505810465048662
124.66367093823756,14.465127227778712,64.92259066572345,25.41597133616174,2.268374791472005,45.0,5.714216025031941
188.47117878619636,10.697439750078969,50.98151017225817,31.01235651107584,4.696532628751274,45.0,5.3220563961739575
134.80367939074478,13.424003040036348,59.402515073127866,21.22922336864366,4.342997092646516,53.01416944420052,4.641151345232572
112.47093872093755,14.5765423722883,48.0476247009788,38.15087233735326,5.273055999876595,81.55278625147766,3.9959081609919815
145.16102688048898,12.49529830292292,49.435000111245486,21.686758243355065,4.034352907839839,57.7140045977478,4.5360283018080505
241.0818836542149,9.03055247883096,50.69081148882136,32.2038501922962,6.163221981509725,63.12584208840892,4.732717050501563
239.62890871684763,9.515935425413442,39.50391325363676,25.078939539586138,2.8357910015105205,45.0,5.918084214002908
222.85475829536807,15.127869047610185,60.57139034854265,31.384787055564868,4.375912742069461,79.51978785877077,4.203813820930525
113.18838155801568,11.238576429839938,45.6960137899126,38.39901604757368,2.6402216505729106,45.0,4.931031804386649
167.08611975036524,9.00341807031264,41.20796186630778,37.28226563667315,3.919318482361264,46.33953125626215,5.40089616635281
105.28704597555787,14.76869836267108,34.42535973180035,38.54132514967873,2.40533778704192,77.48481404396826,3.936972265117662
182.2655960903711,15.514923139332623,34.20153357599875,36.4019154344807,5.122006292116568,94.17466525692734,4.257181040372517
119.72674053162076,15.383489547067938,59.43529641179392,39.76632012431392,6.448999355664946,94.7605433543622,4.469184634750365
152.1006313004816,15.525099307724084,56.844100466825495,37.57641379810965,4.118901902826754,93.474634926411,4.254236934250109
160.75809056267587,13.821766088200423,40.93782711434917,36.32607551992913,3.123411249514707,45.0,5.688632404067584
128.4159474067718,15.560010479153895,34.98444390753258,28.50164372414084,5.808952152223307,45.0,6.403536622051478
214.0149259949346,15.20176463847964,49.94417636596943,39.28016924681543,3.1729783835692515,45.0,6.503809811102833
130.13147111797414,12.652084916603886,42.52896824512474,27.881708238164972,2.0778207109919924,63.8831330343636,4.260378465221815
86.78557306956125,11.203106616574368,37.54279974338994,20.75130502523099,3.304645676783317,53.61295401010757,4.628213814995444
192.522855676852,8.584781706870011,46.21203332736725,24.61431220618072,5.527583748164693,45.0,5.651832613010459
189.75844477393105,14.628689521704896,49.569974982734585,33.17252638736015,6.100491963980332,45.0,6.216335847789967
177.2584055728845,11.277561903129335,43.29456292484424,33.7507285086039,6.252956677506257,45.0,5.692689753372815
82.1800232872802,14.13982058519271,55.48319310616296,39.41141755281122,6.019928478465422,93.78788732458705,3.4176146671827734
149.77137179681998,15.806851368510744,53.56702275186461,33.893659887134135,6.327255858184312,48.1147407382429,5.572124952004071
86.70243422426904,9.998457512255657,51.73090393938125,22.702773226696696,3.7112018661049073,45.0,5.250232077957289
166.96416977882836,8.722996298687054,35.36182248560144,21.65013440241833,5.802784960400547,45.0,5.875313980046011
126.72095442012058,9.18335757993964,53.92792871706576,28.713509250228636,3.5169659916608724,45.0,5.680280822547724
227.79219384956917,10.65317150776662,32.81091915972985,22.97604067734419,4.362849263814329,45.0,5.333525613785466
189.9460715669177,14.68884597644312,37.06995367457262,22.12344965240681,5.590991564344516,45.0,5.709913001696972
172.31831920456503,15.74641557027956,58.01789581900765,27.389848022878653,5.319085106043434,79.07810439313371,4.866712849859978
190.20949682726643,13.610874499651228,51.11197397759996,37.44051432264949,2.5866650161248668,65.86117572660551,4.380421456987014
85.13083473812894,13.41006116634449,45.18634687295295,28.334288923671128,3.920993022262737,91.65308343911435,3.4660595552809115
100.7520686023966,15.206111052111506,43.96285647278071,25.992954223847025,4.9733989764757816,45.0,6.024483766157964
230.1410636306183,9.751040272661225,44.86852893813726,23.10011191786781,3.8828880391493534,45.0,5.06929962800008
243.15024850995863,15.550602010960302,32.54387098734443,31.77405331722596,5.503723250016472,68.82786745389986,5.191107577516583
184.7105309792468,11.693831864181115,33.520298317877874,34.649608268699325,4.907028411547449,67.41977806302872,4.205204821752702
188.57306520536724,13.675402660783607,40.40363709414123,33.25332543974722,2.941766916402559,45.0,6.431923761150655
194.39609677962244,10.802090695449673,33.75289783182165,23.40885772241642,5.733304072870363,45.0,4.9257850997700405
183.1130450967356,8.375373468827432,64.65856854099874,30.284075795956657,6.307423042876261,50.49009841406149,5.108696060542757
133.6370110950753,14.40534804613234,33.247078856735754,31.566671901822545,4.84422112411821,94.78393335379356,4.315360942019349
212.4972788309388,12.306643471924763,37.358720378459736,34.25650887966165,2.371856297204994,45.0,5.876567422553437
239.1991161682956,13.313652151628798,56.29508509149551,21.18724216879044,5.013737323673206,45.0,4.538686918536984
211.37576830511983,12.75510302371725,56.228274474816594,39.32295737680361,3.689707984650221,80.66290623488837,3.881482562141284
118.4245589531669,14.746420176777526,56.3962835329142,37.08935368067258,6.455979618265881,64.32833669345037,5.801302884262132
230.78070678872476,8.89964251452682,53.4554521120003,24.242367244611494,2.793190481396448,45.0,5.29000949998502
217.8648052152776,14.19725886120919,46.63708427736471,22.293373968909044,4.79254917252361,45.0,5.823858490175882
208.41922022519984,11.137407080286527,38.207880368205885,36.02194568593197,4.137164058705697,52.10573691783584,5.360391833925444
232.7200692849909,8.216613694931645,60.61864751403043,24.67653492453777,3.4202585246716826,45.0,4.863518410833937
159.919709478267,8.079402870701244,34.074391110442306,23.838190316747745,4.562053797020936,45.0,5.225600266212252
90.65894463374282,8.224030860971565,41.253404457567214,35.33601196858577,3.5642011089196632,45.0,5.835671749283893
173.6629651377536,12.43722261599543,31.00133091922936,38.72969130224351,3.381732727904338,45.0,5.764382345827638
92.45361723979435,12.383776080914464,56.606630335418046,32.71620217960152,3.988451492004148,45.0,5.440122166592655
165.78509229768423,11.26324850407875,36.48954882000717,28.60823295974837,6.077427161704508,63.495550847189854,4.055800856163813
203.44959030060312,12.489817711446063,50.31201426579528,32.28749124323534,3.0741687423629163,46.129066819020025,5.422709529919661
238.7358828835116,15.511466907825705,45.19373270838937,23.86075454419793,2.914142083959659,45.0,5.75627926151035
193.31730327240092,13.491472921137197,35.0988091342973,27.4976053931762,4.336488185738507,45.0,4.8528210155170335
229.51509814947545,9.768770516215332,41.03892179269763,28.470498235399987,2.1232714815616918,45.0,6.023242178409495
205.09956901748563,11.641383293513016,37.86185022769797,36.75491600477812,2.888041072596224,72.17505306754732,3.940591109576928
109.25445889962047,12.370238480592151,39.47344552104569,23.153277328358424,2.5297139079094824,45.0,4.456359811505958
82.07320669529393,13.799105032376715,35.364649081611645,37.027152347817925,4.666816728507293,54.17006756320578,6.184279976498627
206.4168138142906,13.996671909876168,34.93107697724716,27.87967992853206,4.222873311713547,45.0,6.308704965824726
97.48329852417598,9.748469942539792,53.05679186097062,38.40255401046035,5.596854308388116,65.87017626137333,3.746041838435823
230.3831080884127,12.5128094068807,37.236000811772286,36.42183589241147,5.757784953011009,92.27655800784244,3.3120502675154384
150.28429887150185,12.658457674708574,30.43289163927004,37.84135850043282,2.6136676392844835,45.0,5.739046477505786
104.5111473456076,8.805414810675115,35.44909720686416,37.90656180525629,3.411267415218189,45.0,5.438843411114206
98.84886630356274,12.326298852084076,52.144903091815394,39.60859275224456,3.012152750796343,45.0,5.01715577621902
190.02796630639045,10.27719942787294,63.49426780675475,21.072813632052803,4.546274134980129,45.0,5.834077787807182
143.96952771641836,10.186830436944648,39.26868886379482,32.81284643155131,2.020538610724423,45.0,5.746679807723911
98.97367372692038,10.433095211370947,53.32604304292403,26.020065036182302,3.429774987171851,45.0,4.280588631403776
188.8929275374856,15.95190212772335,40.92860551096638,30.455653615310453,5.4027423070682,55.472532582499376,6.249834706824176
88.7457579056009,11.729026909151235,32.85762984609412,23.70663834049876,3.371639902366023,57.544076638620034,3.724912923457396
165.38824476299925,9.406522252335233,42.92873217794824,34.71320330790103,3.165563230429464,45.0,5.274514554095156
224.63091250164243,15.556058328562152,59.18454451398005,37.740949009516,5.592083757864698,46.53117051345647,6.025367009711302
158.66271679294687,9.96577960712131,58.30495206184823,29.401471581707938,2.2727566543896947,45.0,5.422565099670559
233.7755525476755,10.29221149652406,64.16956354094509,23.106587728667023,3.8457177850895534,45.0,6.0658343397391565
134.62390036837974,14.329565922576236,42.89007306481643,36.65465199082767,6.120640422475254,84.58781554014314,4.765219126653119
230.5767650890115,8.56291644610259,63.20049799090569,38.36840103004515,2.540775328731171,45.0,4.805183725960646
172.09672607313473,8.152649258935613,63.20841284817184,22.199322440777344,5.817212634836849,45.0,5.155007185438226
81.29318239508618,12.575178319964971,33.350783953733675,31.998363022871075,2.1603378254526846,45.0,5.943238096934142
128.53898669747124,11.499796677768757,47.00053755180767,26.77927631983976,6.263087843137723,76.29292015211276,3.884428338548684
151.17887829475393,14.548441479606808,56.5102561489761,31.892328939930756,6.405100140304398,75.09358402905777,4.587333214134582
149.50616063277394,9.447013176738343,38.77916753203292,29.22334001236513,4.349289936045387,76.85934838697295,3.569465705008698
242.99545735864956,9.695486764970108,53.94281514214266,26.30623816985081,3.019195259153721,45.0,4.765259123940584
217.70214850602613,10.776812484677263,62.01665284410947,30.07812127717956,3.975511185648096,45.0,4.698600251113918
137.7534829616726,10.616429957630832,37.31248696440399,32.63630654829799,5.539557909849132,49.07467332885192,4.967988084012841
212.84398747546643,14.62475842805048,49.5800494805486,37.88879384382537,3.2453499648493818,46.515385122994246,6.048660662338323
114.60699334445763,15.964705525884536,50.448300981719406,28.13453024155872,5.414267722517719,95.113553109769,4.294102216763301
147.87212056629676,15.823456912317338,63.06137310316469,30.74445356585661,4.426185862554804,84.88365767055835,5.214880624532642
214.759153242898,14.051323282585026,61.22900215518133,21.881035862726097,4.895300492687337,58.51869803446024,4.3925159910358325
97.4552808119454,12.342726540001562,54.27619761429024,31.087929449758445,5.204428898665235,79.93040773018159,3.9257821745547545
120.08536216781675,12.71736891841774,51.31767611081975,24.150633127032386,5.143857348441961,71.60902462410866,4.372307918093658
223.1276244099689,12.72217008710673,41.67694598860644,20.14875509734633,4.18846214132392,63.07804820158229,4.144254941770129
212.32626598051755,12.708320863061529,37.72791972902196,36.3149248682646,2.585131682636673,45.0,4.938098960109704
103.92313844936638,8.776876839192928,59.70576039574333,27.971697434147416,2.341347082177129,45.0,5.555739169241459
217.20780148323647,14.010283389112136,47.8559422719957,27.998169013357384,4.61527592157372,88.04576640043312,4.298986596275709
221.1485434391097,13.986234960534844,56.83483445358459,26.30248105912728,2.62179592199211,55.6371203722982,5.508969222000328
101.9364556781412,10.755133420070733,44.44434977740541,30.68708893599743,2.206321858643123,71.46135112454989,4.424989490522391
105.24232960294712,8.165055177844568,62.85445563793872,24.75860704191847,2.814549549320119,45.0,4.5497739408589215
145.87550937005497,10.1709766923542,40.40585350142933,20.32921024134721,5.83883804073786,74.70383851599209,3.4142388814963
149.94480972068004,8.32853677682726,33.16961024566265,28.15528793509547,5.612353973633356,84.1197157975234,3.8353649012116566
202.261103108937,10.63572964446062,41.88644907382373,37.63745749962893,4.848865836354599,45.0,5.76724055315171
132.07716519385357,13.373772973446869,53.23743544578507,39.48290285838959,3.6611085080116776,84.25772194000157,4.110826018050513
94.17722207362816,10.15835231699472,48.91833742868785,24.142131552086106,3.758323549658928,45.0,5.8509892400655
120.5167020282419,9.84979890591016,64.06996132149544,20.0336914547421,5.483635032691362,45.0,5.425334550593915
220.15175559766732,10.87896148424442,32.64133149311041,37.80187107449541,3.0329574762794884,51.53465446548209,4.744510160054404
249.3331476890361,11.12974176185024,62.95457918442889,29.598323015657414,5.533164694207426,51.81951120571464,5.176479411667435
131.72335201895982,9.446711733126662,63.366952922995154,21.918772137173267,2.3834685421735227,45.0,5.135475670098565
158.8048117029402,10.118432233786582,33.9997990543329,31.216489895383667,4.552211501585621,45.0,5.871940332634649
233.8398478314971,12.497841320125808,37.32192458016296,21.03103204626534,4.667521873860317,65.82483377020287,3.6659199538504046
201.36330443606067,13.557088837375122,57.40003142444172,39.01116447970189,5.667170127198356,66.6541429108954,5.493401137291823
195.73046700265127,8.749749683712242,47.04294068545832,29.847439386116143,3.910973428221686,45.0,5.4393364956481225
188.251505078939,11.133361993542144,58.96966108418937,30.798633748638792,2.760941313603671,45.0,4.348059870668168
132.32481299790885,10.538565973915798,61.809219780218925,39.24540141084603,5.697046259317243,45.0,4.945147830537976
187.31455721567275,13.680892963769896,62.25573609809552,30.15371620206569,5.074937705443961,45.0,6.002159306506082
90.56013054565923,11.122605019559956,41.10965751708859,20.79726298651861,4.4570909147370985,45.58360424427564,4.892193860618305
234.0498561238068,15.532025581530364,44.09899245434761,39.16063162813445,2.461201337869713,50.5896630212509,5.920478823998087
216.63344060405325,11.538722604845525,57.53369573708028,20.33326329804484,5.3808212481428495,45.0,5.027764215586975
235.84695636386607,8.005929024506203,55.87546044469982,22.823173540337844,6.32864977627587,45.0,4.789525471652793
203.2304656247001,12.391642011945311,43.70020400687383,39.945929847038514,6.284698843957644,61.26293423860698,5.220230399422282
196.91009797619364,12.73886142007746,46.92428418827738,27.71368111724049,5.35360260551591,71.83339442132757,4.809067493619211
94.08601744309324,10.018825295755342,40.48698817515989,39.11833665878618,3.42459146716578,45.0,6.049523838587632
105.4072274817218,14.733861292282985,37.25699622845897,34.12046615711953,2.296471787860967,45.0,5.661511286718618
179.6291168050789,8.758344100402692,33.323181481505735,21.67334926736624,2.806733344185932,45.0,4.183769631425557
90.1454103725998,13.688474163527108,43.89997691146906,29.58603777124104,2.722520251098289,45.0,6.183227271989766
242.86076285132765,15.44884803350503,46.97614322239857,27.24372378649223,2.8207931669033943,45.0,5.584887279855186
95.73636026596488,9.11291039857493,64.7139232765778,29.43663847355591,3.009465332518457,45.0,4.177926959346536
169.3986127886817,15.40914684149926,45.15289132373259,31.256847374188112,4.340173192186632,45.0,6.358923603214365
246.8116225349269,11.436181532379592,58.50628996832337,21.059564809215253,6.0670716580533615,45.0,5.078850652723472
173.4158584836129,8.526346829600055,32.60526538974345,36.47812741170272,5.847942494419477,66.25024818770333,4.434329306838071
100.15999818632712,9.36277029782818,43.59244528239882,29.756538109449387,3.216419959665278,45.0,5.309861775831235
142.7789125034173,13.27887498115726,32.187838865718305,22.180459748364623,3.3478135784672003,45.0,6.423315256212407
212.4279385195099,14.723580240141402,40.35393269887104,35.046550015049675,4.994959190754451,71.65522294881784,4.907876247179187
203.01720868834636,15.351113268175393,51.60537553347695,30.662297602005523,5.557191692358725,65.45888204906683,5.666809789800262
110.93863732466774,11.423303748229968,46.39009243729616,32.959677939043665,4.408538464349479,78.73326217097627,4.133778258944949
128.9565463595555,10.963857023006478,59.342878433187536,21.021520230089557,6.282739911229232,48.36191827911057,4.75929080047709
99.23374696812289,13.26534755497827,36.46127915780879,32.94069151662368,4.769099483993273,45.0,5.376835994997837
247.685021267168,12.211102807243089,31.483928757627474,21.900347320373143,6.197988973778839,54.09669830825046,4.340018372320178
113.65648753786697,8.593302068466112,51.81400128694102,35.40861478712979,3.6886937229545262,45.0,5.007683546006437
183.5545598505082,13.5408067063523,35.18379424021297,32.34099659128553,5.369385483283959,45.0,4.887982400993501
93.27136658575074,10.43649347953302,32.38074067427489,37.77418687071135,2.8331328278867827,45.0,5.4869036280984425
239.9257095782299,11.607171572775547,52.338436093924855,31.075265859751774,3.0050882454547976,45.0,5.986002967144268
215.0983082724129,9.80531263237258,46.80121327435955,36.71511521009515,2.4680213349858224,45.0,5.575216255615301
186.0034412076563,12.467953581279671,36.05242598568545,36.246814057847565,6.011449163207026,72.35182111464324,4.0046889617790224
199.3069565911657,13.690431957488098,55.14769680466257,36.1515044437812,2.8618890029308903,45.18082860103186,5.6717887644818505
125.30634123987744,11.642441599254806,62.37735169975775,27.200885126673143,2.978093280610298,45.0,4.876249596609494
240.77683598682893,15.767153069602044,42.215825719880215,38.8543612272219,5.531826611758,84.29100077585908,4.146761646062217
142.92785140143295,13.577304554304614,32.32938595744916,26.86360854248267,3.030930872032748,71.67074906911996,4.007844759447865
152.65777397419805,13.32181468613294,30.275272399981365,28.30447930920796,2.73315026922185,45.0,5.027178109378605
208.56857850516408,11.706786198974402,57.93548000578092,30.45459391062928,2.211458144814633,45.0,5.502436548518492
185.03799293039145,12.742435498798944,55.8940277700879,22.984366374677137,2.13719142036864,45.0,4.986186799754412
223.3545035786366,8.314893652262157,61.81150870473911,31.209832822543422,3.742991083385004,45.0,6.025930530110685
127.55468018961064,13.576380258917062,63.92204307951238,37.55768002109264,5.456907083214817,94.95718333039926,3.57692864332706
103.83629168275604,13.37986432957982,47.63689004976492,32.03281700961469,5.23175203192771,77.63974426328893,4.702944387205176
84.16138790755713,11.730031565550584,36.241731840649486,37.66197833514629,4.640226437353816,45.0,5.589247335793408
102.86448782273284,10.591347230290229,54.035246473673176,29.794322913773257,5.632590400344712,90.6221232174356,3.815288333828793
103.43539578642974,11.38585506847802,49.84885295822134,38.62356533648813,3.104365371023307,49.19343787310344,4.633328711740463
179.81004687496466,11.285901309561474,46.92214385364892,35.143831754152224,3.853598335396309,45.35500687073615,5.395844173628851
192.9039473742068,10.54975642404122,42.40418069583277,37.19050951264377,4.371085765284856,81.76803245529098,3.388968908245859
131.4631605070098,14.258669865816897,45.4836893477706,38.89335198322516,6.384115525834487,97.62842542820292,3.492910862480394
196.86534560849924,10.890815504909462,52.22521226269906,25.447694176227607,6.060428928671794,73.46640765000537,3.434889198288375
210.69904928139545,11.269707558188223,54.12252656566906,32.39258559449327,3.848356757425166,48.17758691821241,5.299439091534843
101.7578520834968,10.417254220954463,61.46581765394771,34.3791470521208,2.809222275941596,45.0,4.8259960440176055
93.79065083114624,10.986466236900696,35.21850072859289,31.466481821991884,5.262102571910826,91.92238555378374,3.1263210890781568
132.88497781436467,10.737660704997886,47.25484607942455,30.606751729680497,4.541142347696801,45.0,5.0886081795892775
146.7140124407763,10.34658780275712,47.51377234486432,38.60346343809332,5.524712438603687,50.56211493199223,5.648585897578207
138.8296985819804,11.989885097607123,37.61373957223314,23.522012874326027,3.125252056422751,45.0,4.628052036186184
94.79820975596598,10.168473844640388,41.87604278307331,31.69594172861521,6.456374117533045,69.0133638878877,4.671722103529786
95.4139339793784,10.620177987378025,42.82938365284591,26.04076997553511,3.560136803054218,45.0,4.663732396162779
205.4258195203858,12.974214582037412,61.22186349464772,27.568995469954583,5.939967823509905,78.58657070409323,3.901030556703422
88.14065725624909,14.72584605655886,55.940324836966056,25.13886430135974,2.427756014287919,45.0,5.199154738149559
128.06914551681177,11.407008720954224,37.19639031573469,36.45930602585651,5.568430337296998,84.75983403610174,3.363526728491297
130.1665722341823,9.394869130361997,61.97985695322125,22.336145518354908,2.4484139700817567,45.0,5.538705192963315
153.21572904897454,8.426055588085603,56.61379817376593,33.60486908028685,3.613206490094448,52.72046624994626,4.4268803804966925
159.43102704538157,11.48039165846809,55.033769420797725,32.798724484629695,2.3192404296371656,56.5872590272558,4.055466780456701
120.3030096964326,9.026800176227448,31.823336737898195,36.44004073897862,5.379853741219218,45.0,5.004176575914917
185.1457474896214,15.521407615376823,49.7444443770889,23.25144490552785,5.926871149094159,62.53837498867346,4.816074590703694
100.190847371003,9.088822348187056,59.71447682262979,34.01690489045231,4.8260817075790445,60.494634029070696,3.8900288164927503
94.39062367060151,12.439100298834523,59.14856624075615,38.2137491690288,2.1595995710054825,45.0,5.362926577628107
144.72698439051828,10.834511542226435,44.27969412494898,36.34076805735797,4.7213191214405645,45.0,5.836818629583943
159.2883974648057,14.975582474017996,34.77212687230958,36.16137600859313,2.340604356182592,81.50215393381252,4.319748774120067
145.58845980812112,12.695890868597235,43.352037753260326,27.856688426084197,3.2719067335236742,45.0,5.442054296867175
93.93864375979736,14.21209362140634,37.27887920248395,23.91656593742505,2.5905107648745336,45.0,5.810737980752263
173.64826534551068,15.888338600685284,51.20377269917954,31.41351872697765,4.004141111328167,74.38625932074643,4.855894129937386
186.10627265925189,10.002659348094896,62.70825713869225,39.66845454994032,4.558626975005536,72.3659466468885,3.939845273349349
243.2222937499297,12.39697993008186,60.35255845352644,21.697026322063685,2.990665360664398,45.0,5.278535321950902
150.42576403894142,14.943848274323958,44.225716345198144,26.00065395280062,4.400419514423592,49.482610150641634,5.114229736869263
227.83759573017244,10.236846495061696,42.75073913020135,35.36096171937557,4.842841157716004,62.989988692769,4.941661207783439
233.4928963901232,12.217517182529424,63.14744383689401,33.7141557755797,6.067545263966924,77.67458116776761,3.3174685908428376
94.35583210643745,13.633564299122089,64.59414112170262,26.476036470384653,4.584221048730132,64.85639788103757,5.150961027743434
151.20688953692127,15.49085858009408,41.88864436912569,38.32599225150573,3.3278947571660167,45.0,6.1830382621570745
206.6401659012785,12.019869625586256,52.52741836464014,22.95281205375566,2.4429929968606405,45.0,4.663231522443227
206.04705227807983,9.771802274565472,60.58741774213748,28.123784768361357,2.1885526625193776,45.0,4.865052700972361
138.5267896790967,13.572818571275183,48.70954282949117,30.022472682856687,2.378909292043142,58.67983681963666,4.461201535320851
147.40076240193932,15.895879629859,39.1037527528834,25.38963975248564,4.5666518795255415,75.56189627915678,5.472502057667297
212.35812801430572,12.05211378193109,60.924806411755895,24.88946003688706,6.450981048151514,45.0,4.573692405990466
139.79461290762035,10.312292639376905,54.08835129988199,36.16871233372774,2.5366286742414124,45.0,5.030784527885158
203.61016291602385,8.651976113533953,64.59298464058237,35.35955668066046,3.507430688802013,45.0,5.19777537583607
170.7236428914848,15.610544776159966,45.26896432085484,37.85228185157794,4.591227632387598,49.76247163265624,6.595120840243927
227.75317480499388,9.419176463860042,61.57698750260826,36.4705450436126,3.1510252582130964,55.26014895904108,4.437615208880256
101.84980099035572,10.0515030556332,46.61755914735559,22.28874140134661,2.218865048622616,52.29306238173559,4.435540736140904
191.9755541332706,10.525645784175303,55.89934954958426,33.78214175373064,5.173608803585267,68.85277472123414,3.805389851295384
201.50634599010127,8.395828221983937,51.10278659111092,39.264554508564274,5.422266333693209,45.0,5.584522405451889
190.82678908372543,8.836812176726024,50.88659162274992,28.704708603667505,4.022853848408241,45.0,4.670060037945779
160.8513789307904,9.133049241493332,53.24094065400464,20.17989520795947,5.093565076761509,45.0,5.370832204554386
110.05898512970865,9.687453524986973,36.14107326073688,34.9807179131802,4.064801346159994,45.0,4.86084396030283
199.1951346863717,12.543020569056187,33.87222331601836,35.39146323282651,6.2340874982126575,96.39557382616736,2.866854795817599
159.46056560002776,11.229888156123666,38.64228346798824,38.83289825708365,5.858602102154555,66.11215691374082,5.083911993690005
146.93013032755675,8.362173906075519,57.27318834566385,26.876313475122988,4.872555409852021,59.21325291717484,3.9991706134386575
234.20429813463707,14.454624874695169,36.593252756176106,37.855183125703874,3.8752640338784494,45.0,6.098341794258191
94.7779886446197,12.60357061837128,31.89304587662234,34.188548931692594,2.5494240810495463,45.0,5.530814170493191
169.46735871905656,9.131625529434643,47.10483024325646,21.993801713816676,2.8893308726899574,45.0,4.418311934181128
234.71534051906465,11.350563416622832,37.35140322416183,29.849240553570656,6.487001923107812,74.61057841163161,3.64815977319529
196.30483855213427,14.632715588677367,35.657368135446845,31.920536984998748,5.4467540634972655,45.0,5.826979845048825
204.48115423095211,12.612626109966024,52.63669803180306,33.64219393162645,2.759617464387337,45.0,6.0794359801048845
211.7964929510545,14.683090300246771,62.10361537271092,33.3975688285792,2.799326243873316,45.0,4.980636183218517
214.76978038771017,9.086366767951008,34.58796150876078,20.85653666811537,5.437207325326264,45.0,4.972647851092344
226.61432501367528,9.389546593435934,57.8003949615836,38.62728140241912,3.4940915522812315,45.0,5.485143414775249
241.59604042895984,9.041325197425898,51.27489676131546,22.47716395535504,3.270995566868677,45.0,5.586696466889316
203.32454909943905,13.184760330884806,54.19857709589748,37.50631062510298,5.443731433179353,93.258099161932,3.6710949976679
126.48302918414844,15.838317897715054,44.37680530950061,31.94035776389178,4.884324452577687,52.31715042871989,6.7087536353291854
197.72488981647265,13.609828684174303,56.41711433801032,30.80524410555116,3.124487475687352,45.0,5.63863068297324
242.55158346301928,15.309146733720985,48.15084058550774,24.89927952516927,4.905087714837021,45.0,6.110826509656738
180.54390636484072,11.003769392564989,50.07428891872995,25.780311893610044,4.363424638254823,58.04140160534572,5.14070121050953
199.3702125288327,14.135183465440786,39.347811271295896,35.96514922699642,5.007347325422495,90.4031697523424,3.3431484917910064
83.08267004728741,12.622528015280412,55.08289197368281,32.21612034118739,6.475765899888133,96.86225693654826,3.5810449296350417
87.42885032841193,8.037320524372964,53.9959006799726,30.392962427170687,3.053296184142531,45.0,4.89032307121056
159.16109431515974,12.529637334435977,34.592882285376525,39.32701764464687,2.437484666416058,45.0,4.980514797222389
241.85354919082985,14.483212740409842,55.455558003278064,20.44885486075712,4.354875039750067,45.0,6.3920661957401546
145.3448302110664,11.688795409733352,60.05716560942342,36.05713780454903,5.75288283931808,87.91605149987784,3.710147756366029
96.80835447590162,10.722573583866367,50.94150646995686,39.38597364506131,2.250817287536549,45.0,5.5193968466167735
168.66496635792902,14.265957273154092,33.79424559229242,33.85480480266923,2.056482306190791,45.0,6.368786056689036
243.0278060516463,14.547711770328917,38.15127378265615,31.364943134686005,4.946356640603968,71.91522119860709,4.210955604526975
112.1401056749312,15.202607395539502,51.07269411434327,31.886380743956657,6.13389863491415,89.0825535396931,4.46298561332071
197.98128202989471,10.552829158690448,47.58536897596567,27.410467681082917,2.9527884700075884,45.0,5.255199611585246
80.67622203785449,8.705219682567762,42.58592762523197,36.52263367169303,5.0647957820719895,92.95443946658924,2.8961544518721363
232.8437739042554,8.828632742460865,44.053778854054215,35.872295675795186,3.993577856895649,49.45470780216977,4.545142307537812
151.54411233726094,12.669390403849594,31.134110698080494,24.331272765711912,2.4829767494425394,51.96737716074491,4.946094625304651
129.47909860959956,11.537743790979146,47.3365522876221,32.12300453887443,4.115636364864898,57.62375883391293,4.7029050142090725
216.50230615581523,13.948024469409493,31.62619213815896,23.948436819004613,2.075311710404038,45.0,5.407000840872076
111.36194486633067,8.902427712096527,38.52868346536556,36.36982716685036,4.379271492968529,56.16638403235644,4.296354542539523
224.10966014066105,12.880651701901831,36.69131032397956,38.13490215339347,4.7869930520901445,94.16327989158,3.606277152386865
188.78613806474027,9.291460639336442,59.562415509313865,33.683015506492474,3.138631054269635,45.0,5.1650110914917615
217.22532875388023,14.784237971595717,34.83205370861684,21.916263289470667,3.3983540767438063,60.870577460743206,4.957395549187686
248.14427690150805,11.94946434925168,30.15295581006645,23.679515372261022,5.619042404601233,85.40340155261302,3.0051967081076185
119.41791247295326,13.52884974452549,45.84674742800074,29.06680582204709,2.214152306218525,45.0,6.131938766785833
214.49913188683277,13.2332068390173,32.40873485982378,29.69663896014301,5.155268019681927,74.37831436115758,3.9100680434906265
142.20778298755968,13.649367172163627,57.13383046014911,22.87457141739732,6.217334844037515,75.24980731279598,4.058748488829778
199.6547576129252,9.0169903355215,40.4489235110917,29.917036935677693,3.753502660470621,45.0,4.702428777309201
240.9582474491883,15.813912817168893,57.11520500647936,30.06901215876653,4.9384152798302505,66.72870465181384,5.369833297124779
100.54315217822872,13.574033968342128,63.24810633053449,31.29372774286372,3.812548746638565,45.0,5.1789782623246206
92.92976882611964,10.393530331967602,63.66597995393733,38.63454645616095,4.92569655005849,65.59992101801126,4.31628452665577
89.82207927176353,14.004065413026847,62.97197676228888,36.15940932882653,5.002745569716491,97.71500575494092,3.8445251939791807
115.3970855816591,15.379923904923658,50.49722095669336,39.0929901112943,4.307038153971082,60.368456873900335,6.146076964199242
224.0352870473452,9.841441544912684,61.3878841913921,28.27126187779701,6.195475419646006,68.32941087681353,3.9285491787651328
140.60921990285004,12.861418437003929,39.21273917552149,29.093979853298404,3.552405302472317,45.0,5.145684020259185
211.25332003088417,15.56527294603184,47.27362984224777,31.54741396861386,2.127082648014547,68.83937609829118,5.10421744393043
168.26712948325408,13.552568818980392,62.63073357835539,21.976194869749527,4.765857549118369,68.63889091910673,4.737993611343933
215.19026211759595,14.052144998722994,64.03968898386643,26.27568371079296,2.578276543700938,45.0,5.309050122089295
195.0745424630701,12.097798955000536,34.243108081677235,31.607978835151187,4.98989153844178,67.10791422802464,3.964628331681757
130.04610289049526,15.305491210344847,36.74240657720257,27.74982947647955,2.352018183125039,45.0,6.753780924452524
201.18781599151487,14.401566462891314,58.67178308114848,25.92137381373353,4.641447914158031,45.0,5.563173859805591
172.2070314906205,14.883840804747654,31.400134706197232,39.14812854406682,5.192282253618619,95.2448428961757,4.260652396153441
82.5542004233729,14.554185148773886,56.91540834970142,31.463553962236773,5.78297323984282,50.59986259962088,5.686983215575629
249.47494075088807,11.096175183073342,44.80596566266762,26.747574072002585,5.365944853496211,45.0,4.698376331097179
217.58374956627304,13.41442080167287,44.6418987499458,34.76750904222882,3.714823896699844,45.0,5.931511451134847
100.01501004327822,10.058786128241197,52.82455485107633,27.938356933269084,6.284229329177805,45.0,5.17651733515404
168.62866160298302,11.54105854555352,55.22163467738189,37.194269000780736,4.1320119883587765,66.50641462331564,3.66630300231752
101.28629834801916,12.155795170203898,47.56312104674591,21.40183227476499,5.154563503527843,45.0,5.622994714445013
216.64122258706692,13.564500756593592,60.759919102239294,22.360012219551425,5.094373502773489,66.28185419601567,4.584914853350542
168.3438507559199,9.213561763449947,55.88784570634744,31.2217082698698,5.181316666769767,48.51975833043648,5.422669905283471
97.71141610467934,15.51856438593828,53.14522792183358,34.05189682366704,2.893655233044987,64.60002097584626,5.060482261566849
99.44688280151158,8.517056167388958,53.01130569424217,38.47807906138943,4.091580697540211,81.92476425820719,4.056957716621076
194.0758103811702,15.345249770797718,30.80665898765988,26.25038267597648,2.097090875148849,45.0,6.2171828737988175
104.082802080584,8.072755297451515,36.03097025954428,22.23426530926512,4.161775269465643,45.0,5.987550716728983
145.6227046192145,8.925412268119489,32.53666547851184,30.65641898692555,5.052699286387943,45.0,5.274093088442524
221.98294259345303,12.464560516982251,59.58659854129635,26.07599189418861,5.889743652036319,45.0,5.92070393315295
115.88498184917614,9.648944868622026,44.19615695761406,23.09644669136192,2.026497046497902,45.0,5.683177494251339
192.0952360471689,9.119046271768315,33.37787837730985,38.25702573679345,4.761866433466579,76.17576730161271,3.253645085507926
92.88772386591246,12.520449680365674,60.33453530790222,33.97273277900167,2.0389452576732743,45.0,5.600900878073992
166.12162198789946,12.034361274132849,43.18450526886808,33.69128105901976,4.412637945094209,46.37517811614257,4.609708017266287
144.33964479024024,9.229106449426194,46.69765605608842,29.33069153687138,2.768822405138854,66.3680349805222,4.039504823845789
238.92482030329464,9.95595079434876,58.71132604468491,21.355711562437403,3.696706246318136,45.0,5.47001446871934
169.76952511345488,15.016961459589748,48.8769167914993,36.6319331416124,5.727803521745028,67.72570317428371,5.291649847187692
86.4774368380061,13.97431148815419,49.24056765917002,28.866623814206296,4.178686460008227,49.216661671468856,6.2692243019429394
92.37261600276332,11.224946716610688,32.914754490874394,20.54971907184616,3.5053282090405258,45.0,5.044127492062859
216.41141722443007,13.717035173606725,60.27545746672036,21.545915524617747,2.3977324467718657,45.0,5.808922688881962
161.11499755599888,10.210980895990335,49.81032364213341,32.64626289801407,2.6241950765574,45.0,4.78661662137383
124.57118404646286,12.20083593201641,53.923193122306586,29.485360507813937,3.382309990624345,45.0,4.342455363953906
132.34708127547634,9.99321433022081,45.13599479319801,38.68713190200015,6.299270997311126,93.38725171223876,3.4661400919433905
115.9388697012238,12.249599547153936,58.093697180341145,38.94404649089991,4.810133250521785,45.0,4.357589823348579
109.99972534007117,11.40079829936237,43.520279017161926,37.98477628886096,5.708573257862913,87.3806151971942,3.7677163227327215
222.14791924390735,13.521319298964007,54.464606035518,26.161580377348336,3.936367233799757,45.0,5.781218028826075
178.73329709201562,9.645353751792094,54.8233132694708,36.34283521503322,2.268946609357382,45.0,5.3812523071064025
196.49528141953056,15.533628972775592,61.06923265054501,33.47140831940001,2.2154531213150905,45.0,6.267436023950914
215.8605749611633,11.734147094050932,54.83013093948536,21.202373733457563,5.5294347475420125,68.2730863476356,4.358873441537192
129.8801879983628,13.945118210609722,54.05055817813458,35.72541944950261,6.095649931071743,58.908116197811,5.4140431032080985
163.9240970478785,8.69024980527812,41.5432620714425,33.473320461473605,3.4827885410503923,45.0,5.452857332752096
129.98501494183068,10.847741259745348,51.90742277134086,38.72161432501056,2.965519309273016,45.0,5.302342412233232
154.47621705415867,9.670366599226412,32.58128041429459,29.00892391568621,4.817474545315877,45.0,5.260409336629446
186.7797625711313,8.292507358221652,57.123943772846935,20.92045766790708,4.240148166228,45.0,5.359749048315936
101.81308105187176,15.499195450556808,39.80629375814532,35.210402390915505,4.065544805529552,87.11752907307277,4.390090935881892
93.23116371649598,15.58319410566735,62.35409996569801,34.24286741916536,5.251421200685337,45.0,5.393099785678052
140.0071774108779,8.288650451259235,52.37666489483824,27.81633920180233,4.372313427033921,47.96728956438467,4.528914684122226
90.60372512979332,8.643108375251868,45.03445854892392,29.79978040920968,2.6453456501124744,45.0,5.445621006683652
151.8592872253005,11.314667840727218,46.47762256893936,38.65375426509818,4.762064864251293,61.45896822590504,4.095200622918046
185.057657813664,11.18340070185235,52.06413479701067,27.39602451102897,3.0262813446522485,45.0,5.725861045372151
164.84930792523932,14.680671270913615,45.59275874479408,36.17052336997132,3.720655139373502,45.0,5.994415029956873
189.6030683441159,13.559381729477014,36.184075721690334,28.37221489556725,2.418952728076807,45.0,5.189796832194004
97.05229479206032,15.801846052183649,54.70726756857297,38.79496662513337,3.8957399617413375,92.92047447933425,3.732225644944873
212.367974522509,8.738055556169215,31.51830144020104,24.53677562477086,4.692004207807129,54.82881904401783,4.389871914288899
152.9090858680531,11.953893297311811,48.8641792790069,32.04628898805068,6.215034431305037,95.73053059324644,2.8932702045054888
118.15389051345728,15.279268661177236,39.519161243654125,32.77978324891208,3.1648338403595657,75.95256747006664,4.473295200934046
147.64925418383763,8.355042542209965,32.09339386187688,39.2688127360385,4.792034622761674,45.0,5.79334995958553
192.86740645074207,15.852562404421882,43.69304518927066,36.22086348625009,6.2185694286763615,94.7071281341914,3.7734864752706097
182.81957355621492,15.27322435423038,54.36210439920588,35.08296744156566,3.2039536824954267,45.0,5.880664156530029
97.24548345744522,11.225459203123185,33.767613949608275,37.25534414816581,5.563276170278813,79.56571507851969,4.266053577723268
124.40902802712192,9.347802314206062,41.92413949202626,39.71362251430142,3.841943200824709,65.85133886495392,3.8177321011196046
194.4760589634443,11.069791546760747,44.76261748044752,31.17847347754759,2.7962854467114475,45.0,4.3806212730633645
136.29603502540473,12.446600385616282,61.69447909516204,30.788017717984108,2.498682712856082,45.0,5.533998405704818
165.65435135580287,11.804977871908658,52.710496680800446,25.936271095377588,4.770906382259019,79.55954754520617,3.4348778376473
140.0492665334285,13.759463751095248,38.29218044756204,23.71432179837003,2.7360167643216147,45.0,6.214521044612519
170.75864001453942,14.484039388390354,58.77094451809704,21.551539573365417,4.1802788313096855,60.11790332459257,4.772014864067817
230.42604938034825,10.928819425149811,48.98368741301521,21.20443296169311,3.231969781986308,49.80546442746021,5.086454571207638
88.94391035390029,12.711221293870056,42.1926171837017,20.64702297377975,4.881392520673064,45.0,4.912580693132714
116.2591798937809,11.720176238808996,55.291940355488265,34.22783973605514,5.77460347309864,79.90805361067504,3.2992387813636244
103.5110353097227,13.977070009921968,54.853970110047,36.20247983367842,4.534651964523296,90.38866690652029,4.2914572472761385
148.04819680847743,14.44432789994364,33.3296452526059,27.80290901069104,4.9464521889724224,85.29947770197496,4.480181847076624
236.7316338622116,8.588326158967055,47.88391788469202,32.95684661062398,5.249261727779771,45.0,4.584616823037168
236.2074496137769,12.336302771531969,51.2550347229096,30.76642287441409,3.6931068084971,45.0,4.436761309330164
221.4898236188384,13.729593192939769,58.93734334490785,33.66879591523313,6.147586097677332,53.95176596190792,4.74018825728424
99.73183628786498,14.21875154216933,43.31391221734495,32.379754563586204,3.377997061349141,62.938413587566245,4.666229410410251
122.84629636714712,12.393937766718649,42.184963503852856,28.694473866439417,6.198749220228248,66.40827362343636,5.048731209335968
196.62360824944267,10.43109405007868,42.569664776702055,24.88264243658644,3.08067034520818,45.0,5.181514317768453
144.47664769250866,8.201150381832488,35.35567832010879,31.47156859165028,5.598324414938212,45.0,5.761919633212106
170.18623133857145,15.067589842510523,60.0150745882715,32.546236751075085,3.745648714836369,45.0,6.305028452800952
178.36517248736394,11.359098135593875,32.48311734392437,20.716033744732524,6.303642213801104,45.0,5.705956585513885
131.09356119168078,11.12537076428462,59.7162297017801,27.260084382459613,4.833495213841478,63.85558404398832,4.092512243109029
100.46022506895504,13.170624552230546,40.664849483183296,29.84469523474469,2.9558947966514406,45.0,5.668821421990634
131.84322825129465,15.64278054503204,64.91149212697852,24.440817786777565,5.175139654740159,67.7554793744143,5.520111383748169
165.55657832468,8.499217599287459,31.290538265388538,23.152497902480807,3.1113520134711896,45.0,4.196491473871601
83.16997857273981,8.834667985564097,56.72879899076047,21.644537568153147,3.3750922162925017,48.28187410411784,4.452685838033729
127.5322547492821,13.732645869665848,58.13288882715692,36.13950712009165,4.568565252920761,45.0,6.321977417549563
81.17437512385067,14.832859616126258,42.77488264001189,25.71398106760899,4.536844206432899,45.0,6.021749777106889
154.5219073101537,8.905313747495764,35.60849691739321,33.17707405238373,3.527948287095227,63.98688098868164,4.570607940943053
230.9417261773497,12.001750091864889,58.81343039687063,32.72562758546864,2.6588517555174223,45.0,4.424555054664856
86.04940130805716,11.755751999864442,46.408913437658704,24.651481484773925,4.508099277305281,80.77053386997183,3.639890805442515
247.27605756986569,9.735239194541991,64.30707757656634,29.45145854105593,5.030713562460441,54.03056890001413,4.491804229796147
219.12874919825384,10.82562115783776,40.91093491335216,29.92357721927708,2.311600566837338,45.0,4.722887366581739
140.75961940647346,12.455675162087667,53.73647420844328,37.95641716826197,6.391737435256624,54.235107207149845,4.92378063972051
242.2854960263305,8.263274428412622,34.494058954404274,31.37938959801167,3.860676588907399,45.0,5.042623446809103
237.1068726991136,8.008451799995365,32.388685506911365,30.612967685294716,3.607165836976016,45.0,5.40691058749344
168.09038658731038,11.391435777727256,37.07368405506057,30.49494070378599,5.1628750619906185,45.0,5.7375395100213655
234.0716909563564,11.514773509568371,56.674620235336576,23.758672385779043,4.359551482892854,45.35227933441649,4.818319655996085
105.866626988436,9.369000691255916,30.00486703449108,27.014232119129336,5.880349542816499,73.4402811393722,3.920870232494774
169.81898556058678,10.600501026611456,54.55198426409579,27.792266464341356,5.201887916254025,45.0,4.489942799886672
173.45265179854363,8.228184340813565,60.03569225421225,38.20742135600055,6.392989803008407,50.81750327933558,5.460432832476688
148.83678925780225,10.594646841968055,55.14179668783797,32.75146661417668,2.264054704059524,45.0,4.878240861166526
166.2289964230605,12.302680368862973,58.18864047073719,38.44989874387278,3.072112971195708,45.0,6.029483227361197
210.564527842356,11.207501126508694,54.7851210848164,36.27143945826407,4.368043212654932,78.26652749315896,3.6046913610968585
107.34884149773292,9.956542029541785,62.61451972935042,33.53813767514527,5.962694617438928,81.1850506074186,3.47799247832272
180.12088730644365,13.904315058189056,57.365534401130695,27.278878921189328,2.3551252580943336,54.05971428293213,4.503688686206273
246.38737415266465,14.4973133226793,39.42157211975178,34.5627954429277,2.6619003040982974,45.0,5.321844204477042
181.3845711915838,13.18974511705985,33.22893775807522,39.53181458773981,2.4791127077316184,45.0,5.501158535649806
101.91316995906632,11.478131731367426,64.58102513696993,25.010586139023587,5.198605314576662,58.67447146342286,3.699770462171956
191.14852693615285,14.169771503314692,42.31218056669577,39.55603806575279,2.2256157034903348,45.0,5.639248647869412
146.08346124064946,12.264655013181605,49.93221681589664,31.69844127252516,2.175351097111688,56.12955464234039,4.548894439192239
151.91189214260783,11.874884474684656,34.22370878121161,30.668090021385552,4.139353137077679,48.53411876736183,5.071388964936316
232.0521487363924,15.8092601446922,54.779771068513234,20.96430002364213,4.301824678617189,48.3655577306627,6.2620965374720745
159.0233753607634,10.294506179051815,52.15438568267206,39.29579743951921,2.3543990091206943,45.0,4.795304546577478
194.12039529317863,15.02603898951153,51.7194722780236,37.11985450931479,5.293621582603331,90.47201622846922,4.193667996009232
148.3227627739351,12.071912506575057,37.99323376268511,34.90501662897886,6.142536843040975,48.27843453236248,5.27250739873155
107.8416542863322,8.39867539146068,54.03175665852068,24.91613362336333,2.416271597904412,54.35435805718096,4.19846772501483
242.31621353672196,11.375622875249071,57.282544062517175,21.473660756943676,2.231504413314032,45.0,5.667619891542042
187.6626876128396,9.642732689200988,55.95624556731365,33.138961305265084,4.577878655097964,55.80533526308125,4.483553437728883
187.8833135563786,11.28828432885676,56.14243288927125,30.53279993582567,4.085523832114934,54.69293848273927,3.96139978252897
175.99989786389455,10.333603860268752,43.89631822659013,33.24465203996938,2.319795080278414,45.0,4.826949853827014
173.55717104153345,12.169800921910404,44.67991131516904,34.053055172259874,2.06931814928019,45.0,5.673344976695107
195.1958884773951,14.630090294444704,35.72406147878624,34.04595714168903,3.244497077520802,45.0,6.7206265981392175
232.0950016731064,12.128958816889291,41.539889896771726,37.228911398982,6.08802531845974,52.4838208277364,4.910030164971014
245.92857128106905,14.3388918868025,54.91375566371492,27.91251182109782,5.179736619090205,45.0,5.540091330773732
162.40587112306417,13.441963018833906,52.61549895873244,25.316556495478352,3.0619335343099734,45.0,5.611732822184225
99.95897485622386,13.901808348509032,60.01043281752965,31.03300853234935,4.140566709818757,86.24310015306256,3.843820036495452
204.79550857398397,11.48529431109244,60.92864665664104,22.09440116153576,3.6662283111412335,45.0,4.291541838603468
175.68353467918712,13.445581555467632,40.33340282736965,26.583218938745706,4.066460397345654,45.0,5.56173727466248
177.1145779949457,10.73612016242224,46.28765415391092,23.01650373565814,4.851847195532073,48.79209604080798,4.088202735235338
105.148699917371,15.814754166731667,52.80957588835743,36.48624959514845,5.874476320505498,48.39410278084216,6.749605928701594
224.3555119525156,12.191153639665991,43.41359848416725,30.98720278083345,2.901685054627524,45.0,4.730459108341314
211.09518922454703,10.608866823934925,36.28851618083549,35.01588999550235,4.484704381662331,45.0,5.206716981300934
158.54985634734734,15.922240556952511,41.30538486995747,21.88375600947905,5.323720769553932,45.0,6.59342697853411
228.88365038128453,8.226160411907284,41.436458478829394,27.74633780662634,3.5649040835465438,45.0,5.029162216884183
112.18941628451203,10.505070904363691,36.45239632290047,37.59777689487357,4.593695958805489,93.19978067951378,3.3558834121152405
202.206786603942,13.33371136512805,59.76917777147391,39.4013576937482,5.270753993828201,57.44149418930573,5.138327851953443
221.1383078128624,9.275186203776904,35.28876369782618,27.26372281086219,3.508692433447496,45.0,5.278335980958186
227.71440315604323,15.105197667812062,58.52700696645576,36.730427454241095,3.563405952417076,45.0,6.184099290137741
169.2770753558659,11.419169696603864,52.583798884514,31.73405431096799,5.728819504506994,80.81257964970924,3.114786287378744
82.87416297744,10.38330579512247,32.793562836777426,27.46127858957125,5.804798820135498,55.33901527762725,5.003588587996202
126.6891195595412,11.711941211434128,50.42510113956979,38.26035291686205,5.148992369175237,67.30512075020644,4.267670676827673
84.9075557153222,10.719486621677923,63.26510035133044,26.20907051809945,2.240499387723908,45.0,5.61030020884057
181.51979351571083,10.939260877939306,41.30429139996933,20.31617416788565,2.501936716685537,45.0,5.4592154618937005
93.6472746513341,11.668170390759704,50.89344253569446,25.0147636386374,3.2265671694549054,72.45377807174394,3.915667673014365
148.10299175982328,9.367018901419703,50.739095734158965,25.438846537685382,4.11142754740352,45.0,4.443959957139207
237.87473290018147,9.939364992647068,30.86502063544766,21.0856091201637,4.588626893104989,68.92079272434404,3.2818507042949405
97.78699623223608,9.000110061474226,30.977023308786528,39.346852178474194,2.838039330723808,54.82034042686947,4.5922377966938
111.1134412583678,8.37802701199567,56.726168645904615,29.16105962322204,3.39840748188046,45.0,4.450264649777819
93.54983406973255,12.745102979705935,31.409975453707936,30.82208664287589,5.34005359321757,45.0,5.463277251512631
132.50413673707615,8.661318521516392,37.58041642346959,32.261126241338886,5.875611533746528,45.0,5.63659249771124
210.81948235575535,13.239750863701438,52.0868160276858,38.31552703643823,2.7463832301535223,45.0,5.25057335842119
216.01949465627192,11.130066986251167,38.32169267683227,25.948746166460303,3.3846174730090395,45.0,5.015399186494598
217.8030836888011,12.204678673923755,49.41025495834344,20.77025830493868,6.128620436843503,45.0,5.085826599310403
95.6367780910238,8.3176205425288,63.83792586040031,22.148485979870795,2.2892221337023395,45.0,4.738519645365714
89.73733779936948,14.266881990205466,59.765899902366286,24.2989139678621,4.836652114514669,45.0,6.09049833312492
213.4510738897588,15.049183987008472,48.19361207816211,24.05904325722693,3.486700622596532,45.0,6.174327765114448
246.660932750214,12.89479426770568,35.16705697867141,35.330940677513595,4.659247707033105,45.0,5.811409121006124
245.8627482548607,14.474864865217048,45.05089677998962,30.617891082183533,4.976446918789007,45.0,5.217349062164891
223.32315197309995,9.293976484131653,54.64306434223672,22.46580035710764,3.48601075375358,45.0,5.358471167409537
154.02989929627864,8.28680854935802,31.1964209942854,24.35627227749964,4.15873158114921,45.0,4.383918110080716
135.10397623174336,12.63312376820082,44.30829080367454,30.138865434638543,5.719998225669459,84.65915859260585,3.1345530424672066
175.06784281503354,10.813947129010163,34.663760493875834,30.08210278103183,2.446154484806316,48.37218802939071,4.479833646461289
148.2111933685029,9.723814992052803,35.65382474211316,28.63763287216312,6.048196778821215,45.0,4.661899464344224
172.53797796802212,15.576212325184455,34.27730391358902,27.58634071218266,4.236487331109131,94.24871301353674,3.973832499449959
124.1881259834052,12.363165197400546,37.563880572889374,25.05546316723465,2.970367551810118,60.70688135461495,4.219607946342848
90.21862941044849,11.5359364141504,37.23001128090955,21.72970848625714,2.1472247489841068,45.0,4.991316577909753
147.98995847463902,13.993155698626106,53.614240323223726,28.9067140364282,2.998165073965236,61.87961310547809,5.437349520664736
225.0895763822161,9.390777103385409,49.55393262709184,20.848176545305385,3.360862992228804,45.0,5.154000703311725
94.127435751307,14.874405259254264,40.441718354917015,25.168952785136145,2.8026956265666114,54.284751917084485,4.95640642613288
118.0321737483111,13.050723805265491,59.941616823834,30.242164388497216,2.458282287750724,45.0,5.262192539680877
173.506116916116,12.872091851380167,39.71346549126369,33.012863947297355,2.11482426703808,58.0978293209109,4.209245948962792
157.77750418289423,15.86172505828774,30.30937364682407,32.58829360700478,3.9129785838482887,53.26619991628037,5.848964288882179
155.35756469374894,12.94051191137732,32.21481686475549,30.69869507063449,4.0611488322746006,84.00363419936366,3.5116800604513125
106.38193609241084,12.220900378385338,52.21638909131117,29.21312220156272,5.248770693562269,45.0,4.459445016286471
151.83573713459873,11.904188398417244,63.75782672447584,38.0853335585774,4.445347385743551,45.0,4.349189200497174
160.48613119242293,15.797109356077977,64.56270361919636,24.427977434716,2.095457521091206,45.0,5.708758881248091
158.8671459140479,12.636196220298483,48.201225759308855,34.2158294900438,2.4281283971322334,64.73018443786927,4.451247492991077
191.6854714418558,8.091078575367249,38.79430638319089,34.32439937003119,5.80438044791126,52.57433783386357,4.984942008397095
166.46440451719485,15.663980150540862,42.7622477677011,38.56995721495066,4.104036289585592,45.0,6.30204155576882
159.82024290738644,9.13512285662591,58.07939569395981,25.300538486915293,5.4810793195994725,45.0,5.005980054255122
92.85065111837616,10.298200850945594,49.062042117572446,27.197033273531098,3.142201012532503,80.46245355122187,4.016200571292037
243.42690690186657,12.059809685747275,41.03525303848764,25.548614413043047,4.551544660200422,53.63831707486817,4.433279962595694
170.98236567310968,11.8122467543957,47.6654748200385,35.68529364164934,2.9618939991770383,45.0,5.7184737353281445
187.76275626746985,14.068222293340192,44.03304778130271,29.26649518269225,3.548133420267613,46.4184883888918,5.314757422402666
239.07314868549489,15.150672309780408,35.94590922896155,25.84097794734293,5.33508370980989,45.0,5.429978244709465
91.47416330856962,13.79439876523044,32.0578902893509,38.96326824465811,4.491999089370946,79.26678225470647,5.247513402095979
133.73533902205995,13.2328354791538,53.18500552673474,29.71592856726779,2.713845833063823,45.0,5.15845359660131
171.5220045249283,9.616638269345662,50.47137930003636,27.271279200678,2.071734132085559,45.0,5.231980963714637
180.80966393688016,9.623288214717084,60.03163192696575,20.06624715777394,3.822558808904372,45.0,5.003498755690009
148.8999810768276,13.13959792327562,46.30272330326581,39.92599036474751,3.2996085738795724,78.6560472794589,4.34612411228961
162.08106225049968,10.065866461621548,36.51216041153841,36.35026988877404,3.5326828785731834,45.0,4.931207410133231
108.6550710706748,15.716364482960554,49.03867565318619,28.28129290885669,2.8036844717786757,45.0,6.342448939352437
98.10471586087084,10.291736470721524,49.479594911682,32.897246434254726,5.698753729560279,51.355229335151385,4.289196543884054
153.56949341626017,13.965415832980376,34.92657354897374,36.96848955166293,3.310642314342197,89.77344341954534,3.4756525759637107
128.8412629669288,14.863543073397778,52.34774162558827,25.038854466103988,5.095739392076062,86.6379435303133,4.569104910193841
123.0923552046962,15.2687337000278,50.72388482251091,34.349085964437634,2.771329621284877,45.0,5.974435465427755
146.64603609034867,14.41206052737131,49.38428959277742,20.006071443810093,4.61650722865479,45.0,6.028856535340145
111.21174059807608,12.093454949522345,34.78912515925024,30.35198752281368,4.183573481272769,87.78169004664704,3.2298185077018835
122.52938414220908,10.364095213515991,41.007120255587694,21.485084561979654,5.930524363484931,70.21731957389133,4.246837555368176
105.11707454397266,8.384725005544473,43.12736908815563,29.20279382043418,4.955341578915142,61.0854736201164,4.744551003880289
179.02252500902398,8.115607806265185,49.85407253949356,35.47756809627844,6.361742344360136,70.19086124350613,3.896298585593829
92.54390305760032,9.30732692966039,54.28000043315614,39.189845951836816,3.22077593157351,75.262403872324,3.4672706785493674
194.4263666036627,13.588076281513391,56.075709941187256,36.34524267429359,5.9252086663078725,90.25760381980685,4.199026894085042
181.7096582015565,9.27192580246203,31.980414601039225,31.487025659333742,3.6256690619731904,52.36130192382742,4.049386083360739
199.75663521035452,13.080315003720548,38.26175309609063,37.7202383214424,5.857068406754927,95.08430664779884,2.981220894649603
131.86399271632837,13.874275376777398,44.45074848791485,31.27359559119257,4.0468969630222125,45.0,5.741703596814341
238.96762890244307,9.174101004970918,43.81649294183314,20.241359319491227,4.912316599641252,53.659239822959925,4.168682192594535
194.75051958036877,11.931577353209097,60.307342773284745,30.61197123120269,2.83752810701786,45.0,5.736671037784166
138.31467835518697,11.02726565345539,55.0188511261905,26.527890361428582,2.453298501119913,45.0,5.116283294945683
229.785128253475,10.551842853082212,56.20262267530371,23.17662479931329,3.087168450194373,45.0,5.012686702878094
221.3244748687856,9.388682766783628,52.855467030734346,21.197171184106804,5.219703787158373,45.0,5.752004366653093
133.26303160791178,11.06700391490581,59.97477100809661,34.214871573467484,3.446898505563269,45.0,5.418383713494083
210.07242321158003,11.798565674611666,45.28101829068732,21.14495842507137,4.003544211867392,49.05531915362995,4.163217355393197
104.63615086252356,12.65023183467682,41.23405502414277,20.07481808724245,6.424444988669489,77.44396497487196,3.942359615585844
172.2858833799281,12.866015367120028,44.75549311306583,29.79086951440524,2.083024741961366,45.0,5.804857890192947
241.71315647278703,10.850619367162988,46.473735936052535,21.43049188713214,5.855722999267249,45.0,5.831958770211518
179.5646742700015,13.952204914360204,35.37443347700183,36.24355542812438,6.217009713742359,93.96069664700562,3.382391179859903
91.070084401113,8.558899635809952,33.61911350440092,20.54553328057323,6.352585015851815,84.31654709020947,4.112035200387808
157.41483121560907,13.106573380740954,62.134974998441606,35.88482016616869,4.632599541976138,45.0,5.775468205642813
112.67718124720967,10.70220918510972,41.46256930345974,35.37614948543199,4.607795430431667,85.61826861877995,3.018878015109665
94.13672426809389,13.830979127439686,61.53001315643005,32.76577462423568,3.94977836136273,84.72322722393601,4.539438857753419
192.98341543768328,10.91454644156661,57.275920807674495,38.074800096087024,5.858080726854195,84.123148959046,2.846922703265251
144.12710394455289,8.182165472172127,53.44563831304899,23.36324707111481,4.678679597292357,45.0,5.392993838883793
227.98257123488077,9.404517242170169,35.51044013364614,25.91874181045641,2.789559740457478,45.0,4.844432677508895
226.69333840179667,14.913959349058224,45.47550516707378,22.08114643398025,2.38216205699335,45.0,5.71218077240208
249.2675399710399,13.685424210230842,52.69936971157675,27.75459614805101,2.1726381839270488,45.0,5.4437536200812895
177.38405948630094,13.747425345511896,56.45856679838773,32.008712012923866,6.393586260952375,93.45865779156289,4.296710452223973
246.75397111953865,15.623461126722225,63.13979263098631,25.418380255942463,3.5392856343530044,65.34480994043092,5.381322132491492
249.8349033589869,8.545280103551155,58.40993960786364,31.437810897395416,2.795026625150753,45.0,5.13506735796606
150.38057762033682,14.262161783613044,50.73267130654217,29.47384862548856,3.6710944687490112,73.58521852138615,4.479910772848261
208.81661844999695,13.00057892770337,53.86665201436783,35.22416404165489,4.5578249447767085,65.49918090403317,4.7356077320044205
135.47758785870116,15.404894200196718,45.429143560014026,27.98064637979525,4.305993136763262,45.0,6.879882866405625
147.4185056575227,13.3497357297419,53.53264301180913,21.68416053464259,4.9643365609732655,45.0,5.2288885979122135
88.17580988785727,11.741096187407638,37.14134968712549,26.4111550076767,2.36821458062456,45.0,5.623429880724126
137.59879677452227,10.357400848976056,63.80474760077165,24.79010900570929,4.202710673475794,45.0,4.8715586874506
207.40386784369812,9.138005295879903,31.97723844311848,26.1301100051989,2.270811130229077,49.40253504812748,4.664531907874968
164.6058025601239,9.311307940385888,56.07344196135324,32.367648443467004,2.196103979577656,45.0,5.240385545993611
201.1386093332572,8.112669376592613,58.09696865745807,34.23103825157407,3.497341472657701,59.56536946585557,3.7820808957677614
131.66303261822708,12.796290234283491,38.99614126324856,31.572049823993677,6.316477218607426,90.15062025621567,3.1708166123160466
222.1388712472691,12.307840558319096,46.4879749135779,33.44330570664715,2.9606968982803608,55.09735497122272,4.516881319984661
109.8522497378884,13.58647738421354,42.53816451744082,23.669072251119395,4.3235930234970095,45.0,5.735924023189154
173.33742822674336,13.99566916816284,58.63447893551118,28.23211213520814,6.482043763942003,60.22658607522141,5.454112340435978
181.1835454475573,11.62088386522328,64.8964276997423,20.551399690883628,4.711395387985137,45.0,5.54155228732413
239.59049683012395,15.67768281030865,55.69102186848038,22.30980885947396,2.2124795840090137,45.0,5.512570048261061
99.9319123577686,11.170897326204283,62.45559651695146,36.88576570464174,4.406875647756766,58.29009774357834,4.330751613917358
127.81043646961214,15.796808065355926,45.8758620903088,21.548772278208595,4.033326299116335,49.00293997237655,6.560655720791287
155.6483403220131,13.767567064245394,63.32219977407588,26.80386254249428,6.430988651868134,56.10471304406186,5.488702156459104
248.1158084647637,11.300297233100018,58.606017521934646,34.832937830753494,3.663661837588135,45.0,5.407168734168238
244.6485941125319,11.30129814240465,33.39766448848924,31.14124864112981,4.810622031988546,69.6192693360971,3.681153802027451
168.68075015847364,10.314875331089858,31.957881072555995,29.05913125734377,5.82580848857612,45.0,4.511203387289941
124.13816252955972,11.657053884229738,53.77676114336307,35.05774901800414,6.30233058028877,49.1918928368134,4.698541393851524
249.70505235088964,14.722941436848096,62.49359328842179,30.32410422408788,6.469617122931337,45.0,5.939942097358394
234.36151522135145,10.949327059800192,45.44384975503644,28.14131321559949,2.4221813855262675,48.85891897417466,3.8651958944165226
135.2072837402206,13.519738871059811,60.86049220585329,23.68092788834147,2.0422968271548347,45.0,5.472912175370686
139.0765737257716,14.055330029752636,55.07522022207962,36.960953485667545,4.739658559103679,79.06481280368007,4.251249636906564
155.69531651922023,8.978953301389232,59.033805822842766,33.61213956368187,2.2914738600443583,45.0,4.902598900261909
192.8125791601563,8.227036474030157,57.087612585071454,21.477408344047017,2.451512117058713,45.0,4.903387049364769
179.1648301046058,12.74435331887664,33.970969150629024,21.233384159998227,3.673382319955818,45.0,6.034060596505828
137.0089563655971,14.492867461047028,30.19303245014839,38.0136466874922,2.6073176751986384,77.9604597018852,4.053811385178924
194.7846568801652,14.717274056539136,45.22729080031769,34.518705468756,4.346118667986851,83.79096745057463,4.045721944157866
126.6412462202445,9.962275619476593,33.92485934814345,37.659133953324016,5.063784325703122,87.72380401902532,3.2093645401262787
143.444817434965,15.745898751816068,31.885010615951494,20.028102045196665,4.317746069425923,77.45573592023118,5.363359713223504
81.0098451582242,13.737830582253173,53.36058542960354,24.79339140017644,6.343365235188558,83.26940725350596,3.888758895417496
190.1963959309924,10.396105771195296,38.06229751083546,34.652848899830694,6.483424564928422,83.6958027050444,3.367390201859588
155.91450709597558,14.963580179909869,61.21002939872208,25.185020249693604,4.291845777787808,51.93037362811093,5.97036469107504
110.26735385623672,13.75722339518834,53.16044174331359,32.780467995641004,4.384489768514318,90.44004880206406,3.65032684336314
162.05618761461454,15.869215138271764,37.51337040738876,28.400112745119493,3.317769771306485,87.01366966602465,4.11182981225066
113.19610642473334,15.048615403986904,30.21498514879884,36.92310580857334,3.643651528437787,72.44895222363465,4.743653045694042
195.7869271492583,10.365123866164163,37.75640077108921,32.993400679799265,4.272052276834058,48.234658583074285,4.13604936910526
189.2942899553534,14.332469779001002,61.9238702981017,22.61766010733443,2.080130305198632,45.0,6.06261735534976
143.20076254535965,12.154255821734264,49.70448931872656,27.77740071075216,5.782242735419824,55.342354352056,5.1873604577783645
80.87648498513789,14.679853922472578,30.01307806391328,21.225337102687572,6.380922611497668,71.10089216468964,4.267470083299395
246.9153939907252,9.440554494232368,35.41010823281045,25.0996406293702,3.626634521465918,45.0,5.379840118783731
228.99076677753143,15.03321510883126,64.70474217233061,35.944286215624786,5.47254845213306,83.98754169662142,5.01436745998715
128.613328559727,13.381926465652722,38.75348832300731,30.101922795847948,3.8119371249854295,63.36329226442746,4.709017234116031
170.03319870465145,8.036822896530406,41.21360683851459,35.720555298031826,4.549264952311477,45.0,5.39460068890501
231.87540207417211,15.484265292230363,41.6671758309116,24.147347595873534,5.123049751829542,56.6273914073431,5.2372693667354495
229.19125676861003,13.006961050907805,36.26417848798812,36.0880754540665,6.278046913144621,86.36409860823424,3.9261216295424943
104.40153789116056,10.74126773891714,37.30002521502576,20.1725549452674,2.03622510381762,45.0,5.572887496587658
179.19960322523892,11.779292643122048,53.78857214916216,22.81788561936556,6.410914825594276,79.4939096148211,3.259814129391298
137.49588915586463,12.030385963354306,39.63224599340958,27.035875837494395,2.2919724980980662,45.0,5.756449730796299
184.69683317823308,8.125164805220454,64.61462820237011,27.46520132954157,4.528034712362628,45.0,4.755063848191982
230.07376915818517,10.973687016138712,33.34319109402518,24.26952907533273,3.6650131760385407,45.0,4.514917815106456
151.4333377183644,8.638557337325828,52.91323607471128,24.968901374077493,4.605990450523457,45.0,5.8912210887332535
89.2074089749193,8.188894462481551,32.159812464473404,28.657316653324795,6.338786118641808,57.72309770028573,4.404317388397921
241.70302856869668,12.577240875225648,39.77739532479337,37.33396864059687,3.938141160763601,45.0,5.88129947279654
209.5319645681514,8.677170230886599,51.597852802176085,34.345158933520466,3.96858718856922,51.64205638609829,4.596628137578459
151.2642196270118,12.31735862339268,56.808209935965,20.093840842445125,2.490650732685657,45.0,5.53717816637603
245.9970003603549,15.326146108683508,41.42787511774733,28.067696543904606,2.8100759087928604,45.0,5.627720876680719
168.44537044558462,12.435946151028164,36.20127251003527,23.139846990412995,2.1983264025395464,45.0,4.628791323990528
149.88473773497873,9.370717446696869,30.975144514307157,23.22414132673076,5.23657063883279,45.0,5.578157250605052
194.33933844507308,15.16979619165465,60.5128321778564,27.93586984708493,4.469314576044964,55.231879669157394,4.732068677501163
204.3270049975971,11.982748043623372,30.898541899480467,27.49402293251313,4.3924858847988055,45.0,5.829250092871636
156.0978239992457,12.322242819174772,41.49906431399708,26.304379822646343,3.829962215093501,45.0,6.01523182202131
191.5932453254013,15.85114065663802,32.8147120248474,24.182349469939343,2.2476988758917678,45.0,5.877270277737733
122.59369199655598,12.04342943358301,50.80052081966038,34.08156630759266,5.933700451416341,63.58389349293253,4.554709447951173
82.93434261902742,12.294829019121774,30.357758468472166,29.409187178432155,4.7444175388648535,56.87898216125509,4.701571168121257
195.1159753184678,8.031330515328602,47.09949089956098,33.65100277274397,4.395144500238376,45.0,5.827569754963212
151.5156204559257,15.543009562942228,58.1732809996734,29.51556217575918,3.1937326208653047,45.0,6.59568958192072
120.05078675908447,14.29766006070212,45.58568558884134,20.17588062437497,4.306265918097548,45.0,5.7738950080456615
82.59753756913592,9.713200063070854,55.18632302420824,34.066654392933216,3.059105364084336,45.0,5.904449508564676
104.20013218559016,12.824542835162392,40.18140702782797,24.799679926637896,4.644015222784441,45.38070414783646,5.772330392031278
163.80034821357197,10.796014880050024,56.81491269785376,28.259163650853303,3.21119077927719,45.0,5.67427659701941
132.75865896081018,8.742508849855621,30.25115880156539,24.24989110139508,3.642159909093448,45.0,5.099469703009694
176.1875418146459,8.147393608485768,33.13676250859156,22.621680359383795,4.203372172269611,45.0,5.669447914769977
133.4968578772902,15.909880411986984,47.76993660911339,23.7990725924826,2.19637306409145,70.42347793505441,4.783969319647686
131.22566903702432,8.102721813799445,39.780821180610445,39.42503126193489,2.5613451230082056,55.481904826018095,4.858245981037804
187.37471937542352,14.512036028154904,62.30670771372362,37.994024810374206,4.967016542843751,54.64492139411213,5.596659169744624
153.17420101735502,8.033789522396638,63.33879128986227,25.75768169839169,4.502921764377463,45.0,4.716778888832836
249.7349839726848,9.014791227454376,59.981685029023154,25.248805451562973,3.146078425815228,45.0,4.56463054428993
235.28654243547496,9.059663409548332,56.9999927732037,27.32646569415121,2.693275523214701,45.0,4.879688549997077
85.58317219666758,12.963929296735904,57.19811099662172,34.37411553510228,5.901371775123026,62.413956417999074,5.539938653871094
214.4715268196291,9.190803253527664,59.81917066688075,30.297177957793373,4.900279470048139,67.46746650995085,4.088437457373214
92.0809583580686,8.718218898664603,60.23412666278148,24.28618244113281,2.6393754359177173,45.0,4.732149503847984
154.57648382127064,10.941381545885024,50.86101765033884,28.02370200567122,6.47162215774371,45.0,5.263398393315294
91.77083580591506,14.974349923222436,37.09313492867216,27.13387174316527,6.194172518626729,94.04394509025268,3.453466826474299
176.97423701483427,10.11350490781644,56.27635055013848,33.07083631461478,6.323496315274263,65.19787416442142,4.455087479605797
82.85745181136225,13.060953713620195,41.624241031202345,20.485678901113268,5.157797237359438,45.0,6.360458577007096
188.0554467497564,14.625615598368448,63.33240160687445,33.297767382742805,5.28439900104231,52.35351135632635,6.008991052567275
212.2058247498515,13.39531293905942,57.70864255048426,23.029599353038854,6.191803899619291,45.0,4.850310301599558
149.59759379414436,13.742941517738386,37.10452934108135,28.177604378790708,3.197658029015172,71.3492108821721,4.576420301576652
117.91460946760962,9.87070027147283,58.14067235162749,21.82245295202072,6.010437749038399,45.0,4.317881133033783
118.27327273518966,11.37826608052348,38.1245589151568,21.8107228327105,5.2123103825569554,80.68205478443573,3.8443077545807984
140.47751207274678,14.221906512768802,38.69809190814156,28.00925509013962,3.960588878615768,45.0,5.854749985058554
107.25167884529624,12.177344212897804,35.59948995963572,22.80932820468989,5.0481463770181145,45.0,5.182310124403709
240.7938464048526,11.165516211275584,53.64757714707646,25.18349305310332,6.33061608032841,45.0,5.470429260757177
239.8368361619095,11.54247922284569,42.272173052454185,37.673526311262414,5.384633517889781,58.04465232153129,5.072607199700254
163.1094331681158,10.4229236308733,53.827061767592205,27.80149459512262,3.454705126162953,56.545797444059566,4.524771248225898
204.36711213670137,10.3232656633594,63.273690898543535,29.467673485748296,2.198610816513749,45.0,5.451066290311655
93.17827851641503,9.087333306746867,59.17904688644666,36.2725548496784,2.13155492430168,45.0,5.571717844137654
155.94624787105124,12.133660160183338,56.20728213745336,30.071806249535875,3.139376167032033,66.59603596011287,3.930514679745373
109.09480650624243,9.058886615702914,61.2979000107408,26.17629866824433,4.628529533249409,45.0,5.642165181695818
113.14206608337608,8.33011488409067,58.01732431937414,33.822495758149955,3.4842851940742463,50.18557811936641,4.977515256445984
122.74068256519598,13.568209883518906,58.64002240819258,34.91074706761469,3.5005992501129697,87.73273073729884,3.8870461241725183
243.70238317817677,9.043948034482485,50.25594850827417,27.84593230091227,3.65157039681286,45.0,5.807403962096849
157.89001049517486,13.748777297104404,36.83295339771833,38.514087049639386,6.176061605578523,90.35522722456687,4.078362692350068
101.43614241486152,9.887346069767489,49.88825133870567,36.69171865797627,3.4967736632518216,55.1176379224955,4.991652416152556
168.95740193141322,13.88335763480808,54.49588618210851,24.780965902140338,3.655708963208639,45.0,6.113182898859744
109.36549807687445,15.245469533870663,32.93052393344231,32.01030490643916,4.8991215840463695,95.39347407087098,3.811245894840273
88.65937945504791,11.638673799499752,43.25006342226985,20.970169819713835,2.6144317069091936,45.0,5.672203047300055
246.0210669793889,15.885561041104651,61.90266738129817,25.720004380967893,3.0353495466982814,45.0,6.158948396983842
96.31680676656728,10.400776119952498,41.815797220478885,22.775925960763477,4.822947204572621,45.0,6.095326380581263
241.4787251079828,12.428054166791782,34.6079325035124,22.435696733555595,6.368413293837854,74.7086716774893,4.050031433355178
212.79600884539389,14.183819040742517,48.46598720624718,36.31755375424312,6.140291856203485,51.50384015137352,5.590135350845192
185.53359646378823,11.527058051351752,33.493988702484586,39.22914864130111,4.6633949650668285,79.35101879522225,3.802258708699308
119.80657170309306,10.665880973925022,47.05590395149774,26.883387151293118,5.459067801852635,45.0,5.455189440505482
204.4455860158084,13.615043254435347,31.25135230279242,38.41386248312044,3.045953353898337,45.0,5.930192189173978
101.62362695075772,10.83812783243138,37.79139232695163,28.152160145068557,2.38176922674234,45.0,5.250588447327756
135.37736235361686,14.035180184371818,57.291895594149565,32.92090904020105,3.0281266487292218,45.0,5.196210029632848
229.1747934093507,12.502223050782138,61.73550491496722,21.3455409742728,2.4994032279345446,45.0,4.619196769172399
120.15244393116646,12.09240176207259,49.756135711021344,22.9981952490668,2.9238792314992312,45.0,5.2022484404381935
141.31982932821813,10.073655482006878,47.85905438068589,24.210099237848414,4.3424997577927895,45.0,5.531616195621694
125.70577437405368,9.104892603381908,32.50924719106063,30.97806312335649,2.24101626289584,45.0,5.714766501267896
111.95857483599214,14.458524502810135,63.10983267272632,34.99725562112292,5.0397325557820265,84.28824790639031,4.570190083546617
119.69933203833077,13.687532489740846,33.78841228869175,35.30281455882939,5.754647665342307,63.81127386738991,4.57704002878217
188.83248151174,13.17331930509795,59.32189005536328,35.81832618070757,4.47478779624826,50.6211886822866,4.991978173938847
235.07894778741155,8.066800680424306,39.93638267748389,32.94532132168754,5.0421599353401705,45.0,5.74310657589693
193.5239430441285,13.943110486228118,32.10942214922591,24.22264702223534,2.655256483952438,58.73873694896172,4.402829029948834
149.0293459421527,15.38830110318066,54.43330826332328,20.76844702357355,3.465408647913772,58.02074069461963,5.35604205295517
178.08969444840713,14.02909698141374,46.66507829848437,29.272056485119503,4.575185047185741,45.0,5.494639897377182
105.09593224230532,10.448214180818828,60.599032543939,23.2675953351144,5.139545692974016,68.57165396033933,3.817915730076183
177.81175476972874,11.295586597911557,57.90108270304551,21.424214468073817,4.860135483243647,46.76361162192704,5.042293080482283
83.5019670273276,12.86212596038798,51.25360514122632,37.567624503293,4.917717081628568,49.11755033481522,5.328740448950279
105.65446902314036,12.178100617795264,53.74447363694157,23.52431466304707,4.101676000305885,66.14677975102114,3.537195000966404
211.41681806407396,13.42382591081144,37.93504353268731,23.35741349270379,2.493753583065701,45.0,5.69252170881585
209.1053797603756,12.228118299128097,62.756254829717705,30.9331906651786,4.749870810895283,45.0,5.847604133247307
103.36566651920944,9.790608053349912,45.37646751318708,34.70614398927458,5.858797512724966,47.45084510972729,4.036051653676765
168.70824193491134,11.560352011182896,33.060667600998165,36.88386958065874,3.1290510189854324,45.0,5.5014109696663365
141.00102924344822,15.262896367121776,60.20458075763021,23.74056883937848,5.187532908362929,45.0,6.129025744722034
123.12492686423094,15.185707550036808,52.86250993773592,26.790115339042707,6.009003112666718,88.70281644731432,4.578924555023836
171.07216995084298,10.960059430231514,41.81740343344804,33.4326698636383,4.332130458728042,50.589070210759466,4.455693065358676
220.0870879359377,11.31289546811051,63.37427099968853,39.94092525072679,4.495808383034847,47.43337330633829,5.163907586430439
215.15702688618512,10.176413898894536,37.52062743410024,33.68551618756448,5.224032837774445,45.0,5.9721968147184565
153.0177035516902,14.102298227448983,61.98667936130635,39.21878373702014,5.568741286152847,45.0,5.45010882229456
153.78401013446313,10.816672782021564,62.40987455166744,27.97766073929864,5.006898356416905,69.23361917386566,4.1000155673890415
85.24557356867707,15.724717973921232,31.598868868873,25.96921762937575,5.285939478222091,61.677429154575,5.569782726216602
82.58073349969483,8.80030325077687,55.63254565216732,34.27038252239832,5.634028719553959,45.0,5.675576381650121
130.00609219046424,10.563351656545995,45.32572881450498,28.58508410092653,4.898370163272588,90.5894538170071,3.0960730914486696
224.06988599837547,15.647156330509508,55.44010025305026,25.928129844630387,2.051023570588142,46.09002889594021,5.844596901570376
214.3542720989236,9.156593443564809,60.17826610776656,28.679213498369517,5.624850944417094,70.64084822200589,3.5326547652197293
133.95419956524273,9.098956909053332,32.02410876766354,25.01778637606502,2.2584258364487177,45.0,4.556865032259802
178.94672268096838,11.850416624462344,38.66300859770989,31.64193556171301,2.3826713427467494,45.0,4.883774949480255
190.97126127998632,15.828996206181593,38.535082570345175,39.45906585528648,3.064698508719897,48.30076680078639,6.671143962918393
88.25893729829589,14.647176414604496,38.80206190455279,37.215769216832726,3.370683072382981,67.67867464846245,5.459006526635696
97.8133444096134,12.03279609945904,33.00650457929488,24.62022602543691,3.833643465702123,45.0,5.859454847381144
97.4901301190582,13.506928108253614,33.451613216047406,30.1522740359356,5.819621082093675,97.44036555931214,3.4629771678022547
199.40491736852044,14.093688054352665,36.95572955661609,30.245582499427528,6.062136123166172,56.18155333365647,5.907297760113096
166.66986170508162,9.72710932628931,57.664021334441465,31.166581291604512,4.583959405117032,50.87644887827619,3.97935207129964
124.49796162343372,10.589326541353838,32.14984796565878,21.164227825641557,4.734493688024428,45.0,5.397604531456574
201.31303683240412,10.023085665813175,36.20522296972915,25.98382964072969,3.84948744842401,45.0,5.817522984295929
129.68580218878424,10.150601748120916,32.211554740465544,29.93896047230356,6.0457129758900585,72.41640314225009,3.907476356913677
92.9541395346229,8.93099814880916,50.35638937623393,20.733240587161745,2.8170520710947726,45.0,5.484421034838276
198.13819962059523,12.511374754613236,53.06445026968417,20.09646867389852,2.5089650711379723,45.0,4.146094651720322
221.42816059482615,15.794162945042526,51.93264356817751,36.72455936718869,2.5466077365604614,45.0,5.673952585837673
229.6865256892752,12.196268640194669,36.98928620614125,37.17444186244545,5.983907137089297,45.0,5.727368015659049
166.589558485317,13.28157080196921,44.49233639954349,27.393057678229237,4.757604683759187,45.0,5.702128084829826
132.740227365301,13.684568961786834,33.287595492497786,24.63445686079425,2.182608354953073,45.0,6.019877651387596
158.4764841041819,8.878229820832937,55.09375185536358,32.664199849989515,2.649932588378692,45.0,4.565252338071156
141.84129533873357,8.184750704740537,64.35532611752053,37.84609062729518,3.602333004720868,45.0,4.344829179074756
238.6292079640119,9.894088012291494,40.22995359541676,29.326215573162926,3.412887488750365,45.0,5.02275837365603
104.364176739272,8.795623040282765,46.18027324996172,20.298790823912967,3.836068502324848,45.0,4.2834709233050665
93.73068834103778,9.78442569894895,33.06638661122376,30.58944726200581,5.494642258826589,45.0,4.124616018710118
207.079309297118,15.224127175019843,57.49392525205014,36.49652971636896,6.0320302813581055,45.0,6.366352133623538
98.52277470769005,15.465634384752097,64.44194287326081,24.532119141094544,2.86272538079278,73.47764990686584,4.683617527373008
97.18540235747275,15.759673049418195,35.140506422896216,33.50455127508277,4.770430149364561,68.91456411560333,4.999356739630361
179.9514878196823,12.571440020295633,56.32812560372949,36.807284674410575,5.876465023379521,45.0,5.484294137953247
194.9827544030732,12.730797992819465,55.39993296285799,31.442187186828548,5.878025183148628,52.33146383528901,4.707912573549695
210.3154988515778,12.09650931658441,64.29258009940531,28.41255224449499,5.387556073686467,45.0,5.726926818537859
89.46263077813303,13.1642857544521,38.95400078121064,22.023407033118737,6.2832286573416285,95.21592276891852,3.4210434973049275
241.106391199337,13.731953601277938,32.168433838497315,20.038434103496364,2.7838050354687622,45.0,4.6580462748222
201.5151429087404,15.450944044037753,45.34055058436978,32.17421727141576,4.83752425802358,70.37552205716649,5.02885599689021
195.5835188377193,14.972095621394718,42.45578301840955,25.1014169105236,2.516936904270369,45.0,6.367003107652518
149.78597671904848,9.146946081282548,31.73410356208235,39.17997625994648,4.697818407575436,79.46370733814724,3.7024289700473902
176.41873451548827,12.24477548238074,61.93097308394263,32.51654589126073,6.207153651956118,45.0,4.702047967646819
173.7701174486388,10.765106644162556,53.48040687201741,29.60141756379732,4.573173242956048,45.0,4.88953286296251
120.6728918033111,10.025519325271851,45.630682794978085,38.86962554592419,2.994957709785296,73.12002510438698,3.787012036538643
173.82808254340563,9.431034951310078,37.62609717910407,39.18447505953497,4.978596345724284,45.0,5.471087214394728
207.8961851997808,15.39558885707056,31.046943722578497,26.64790110655998,3.84297153890425,45.0,5.858373591390553
128.50547108731996,14.98893318764187,42.53228236698445,25.58120988752031,4.377024459747588,45.0,6.4181568313349775
159.53400377926263,14.997368209737486,46.52634862933046,36.132479382971496,6.038485833702299,65.86338411479436,6.202702746091416
199.01722354395773,9.71050862517405,64.94314741178545,36.5317697077956,4.57223153697319,81.90340844010193,3.189818994596732
142.49012374869454,12.616227560325903,54.45159106250922,35.21505877251442,3.206598695716279,76.79725177422101,3.760655234012078
195.45343445104305,13.14254094623993,33.674580174073675,22.62265382438596,3.6499739823137487,50.0823410321659,5.406650546251949
122.04259422693508,14.889802574668742,52.16779138249567,34.42932866001337,3.7620637362088623,85.04143443684858,3.5353384291380863
117.2853223765966,14.482215258273936,34.16687492746753,27.894433291447868,5.763193617211877,52.84413409531263,6.539939642703982
161.6689682783247,9.671553486761963,39.30052101784281,30.754548668367317,5.270083505261933,45.01451510820854,5.038339092869716
150.614654226125,11.199354643277118,61.450599850560046,29.935731631418044,3.035572420225164,45.0,4.727588746576334
228.43600129431863,13.481747872078074,37.430988884124304,35.62951517304743,2.317533872341105,45.0,6.139639227969575
134.9196665060368,11.351702038661957,44.17096245328207,27.42498036032065,2.5399551775330877,57.18726631341505,4.210817505418387
88.70004601927991,8.141698789656115,62.8088593524795,29.378940323871937,5.206783428934985,45.0,5.793496123347932
235.0012541733532,15.390377803133724,64.53291726984338,29.191494819533297,5.493867000722476,45.0,6.7475868862460455
155.24251883028202,11.523599279302973,31.557044609244496,35.093110522599304,3.774126944204929,48.19400924225632,3.89485195308375
241.62592084171064,12.563651085183686,53.19478598604617,25.11803930437261,5.336700583699555,66.89199526514102,4.155750190200746
95.51677865177987,13.96268081397237,31.90742576059155,27.165019681433968,5.659381544323345,66.8021901269197,5.316180561111291
120.1397534244558,15.027575256354035,56.47997813991714,39.87803764587927,2.509951599710302,56.38049828190833,5.478337864207046
218.25287954538248,12.288866804746824,35.985370583101705,27.37787949721908,4.316833475772122,74.35681892999266,3.851881802702568
210.94090545254505,13.20924879857927,57.442090213876,22.65665692364583,5.02928376041192,45.0,5.282793454210297
153.7152284867892,9.00905580678936,49.98986405698224,27.29760276605878,2.7753613157480874,45.0,5.64902392685576
190.56400610208908,14.076962503453874,53.11269346432708,31.1749211663034,5.962166461418958,56.51284461990751,4.651978961426738
209.8112141600565,13.593060733726624,42.211843150172015,39.80479988859047,2.6252139905488585,45.0,5.7176040467679785
243.5818667834171,8.960902955655792,64.62461305576707,31.335788525150186,6.256851392133356,45.0,5.279589378250392
240.28675042214988,14.488612284936954,56.79036338827187,25.49727962283091,2.823446582114977,45.0,6.643293082831924
180.93687759092543,15.837918740385316,56.58603100485941,27.033696274640725,3.9920338954570935,77.77877099972082,4.225737275546571
175.48794437449607,12.290564953930565,54.47598277263621,31.84464877253485,2.181062524609342,58.355799253890616,4.116719430871074
156.73541081797256,10.932821008725494,32.83516719760173,35.61922080011872,4.364371661826382,45.0,4.750438183739085
220.39555802045336,10.787721290263235,60.36575043042439,27.30773227819884,2.53321038705782,45.0,4.883213773970329
124.70179385043592,10.46452511213366,31.78952406209481,28.39928339028507,4.409359270747691,75.91878645278138,3.756605893531529
85.98431315581401,13.310363323589954,36.25451915544834,24.544099655186205,4.765381751597435,45.0,5.432011535065278
146.0538666392095,13.020002859020687,61.85707408393531,39.63201478863857,6.121842962044599,45.0,4.539300872614906
160.6134016420011,10.86825090527457,30.652787272347016,25.594414366633444,3.768456124180616,45.0,4.443674247559414
210.9032635703056,9.591951766808474,59.38882876709481,23.7318310078377,4.673432083160945,59.07171983352182,3.735037506214022
181.67572011306453,13.924275461847865,62.41002708951248,21.96161421419196,3.781291318559701,45.0,5.1517937529879045
214.6840941177812,13.010751852442665,63.89436609717423,26.03714559268217,3.879297326781036,45.0,4.670406076045856
170.49800784129968,9.454508497614531,31.80083466163874,26.981947681244986,5.365188561713818,73.01725481452101,3.9076343634011943
211.5980407914808,9.733308514384657,35.50061824100857,31.67433955747902,2.0314367858238893,48.14483630690477,4.708715111327555
218.36878995939824,14.896991093448962,58.20145838552752,36.78780649437108,5.789583365695768,45.0,6.051850144348114
104.61833389527872,10.712046974377524,57.92857490543821,32.13993037885889,5.463386838158109,71.57393935998999,4.41217179604654
183.4516345532996,9.540582077106476,46.74199797895018,23.984690003125845,4.3317152140753095,47.28932729378344,4.178839783953638
131.76435099490416,11.018461518216007,55.75502556495837,37.25883872651455,3.721782195276507,71.51204579997088,4.389032145865263
186.1593288950844,10.7860765264097,64.39570551358405,27.674750004026244,4.555548272892823,45.0,5.770005821137037
149.92034100675764,12.740214096205817,38.93592138608846,20.6638452568542,2.8720904840630475,45.0,5.312817011498908
126.77496465695744,14.144694241973678,46.96803219598888,28.59887567229295,6.367832484707944,56.80985095909787,5.429817394047129
176.9259160663343,14.389108328629794,45.20131316018664,26.87460609918378,5.57304398114145,61.22307429396141,5.257990522467523
154.66110834857983,14.39680102511055,38.55659292726872,35.850967389766325,2.8812027396157025,45.0,5.564838697313631
160.32377957850667,10.544625060993951,46.14145457827377,39.62929878743168,2.8753049775433595,45.0,5.378217199468264
102.75310060984742,15.328100857594883,45.30372885468607,20.51200828579213,5.19213080197785,68.71585740159338,5.417542426289027
90.5658239296488,12.972286814628765,62.5484141308069,22.452248076315943,3.3313732628792505,53.73380528195665,4.229405940510932
155.81701567408516,12.540137177862348,63.43072296621491,24.63656588608769,6.286599995777362,45.0,5.274956028371884
110.62928676111396,8.909797601295558,64.73222247737112,30.65072117242689,2.556535411460032,45.10952305696515,4.588041909368705
98.3780990963835,13.054532959625126,51.53440960254952,28.524455336330643,4.955874399805891,45.0,5.653692049400323
221.0413861164571,13.860002829936716,42.114094068796426,29.73273088458371,5.844399397260151,84.57251053629477,3.734672324531246
128.80314653800366,12.645542903647229,39.49961403968264,21.62662367339086,2.9462322207379112,45.0,4.505745848216449
219.29219174787173,12.923482803684266,32.84674708352197,39.23176907130443,4.485881933007592,45.0,5.111643500835899
189.8679802476944,9.450643076402992,53.43961072332672,25.134689061704524,3.46945426807294,45.0,5.180478034151999
178.69972469004995,9.987034844055486,48.01229444475918,27.720987916095982,3.254701142580485,45.0,5.502257971905868
82.44348039317408,8.333035425791934,35.30128208622318,31.311886034406044,5.476475678578961,45.0,5.395182295234022
111.9844502136039,12.634349368105095,32.11448920670401,24.94641158348341,5.427772782234856,89.79732627197885,3.2790643205392302
199.12937854867735,10.77468853809616,32.68791766639088,21.986570822831546,4.377477412513363,64.23082563786923,3.933835843426717
233.03557664783943,9.14566655809259,64.45354729452163,36.82171244179178,2.4118918200041293,45.0,4.653744550845191
223.8272193888897,9.48927826357921,54.15354411898532,24.15539259007292,2.787163670506356,45.0,5.424130168685117
145.19651394514403,8.559216067544563,31.998763690426824,26.85684967671784,5.501406826435993,69.41160283703992,3.806317746666504
206.80885024438004,10.76168312559738,64.84308741952266,37.21773790963924,3.92332376351484,77.59680162834269,3.188749542807537
178.31851762694242,15.651027112736134,39.156055178769726,20.94993529435145,4.0509265440349305,45.0,5.434782504660007
188.0623088510088,13.181556783331692,56.4026787482714,32.217855767502904,5.944650019188733,45.0,5.4194661864127855
136.87211974614698,13.167424098642044,50.02042566242666,31.52746555071399,5.912978744904647,88.5625434941048,3.98325019324074
90.64297111226377,15.382239086817936,54.70123874710903,36.82312662379762,2.378069906752011,45.0,5.847968871999836
150.45480152813553,11.990520298089333,44.621269907745685,34.67351897630312,2.0992697015582844,51.52934977991026,5.151451890027195
108.40790805433714,12.051217167656624,47.99806052487666,30.723926261553324,4.9590651765680365,48.2552231218831,5.72332263596515
226.93198577670805,11.79956432160555,44.66306752183589,38.24869875597609,2.3617019885048154,45.0,5.165828242959674
111.08775072218316,13.390148973836226,60.11293811572836,36.32926709738187,5.291070005066127,45.0,5.725968555428775
238.15632938503148,14.46940569291209,51.05397918714229,23.3416911173347,4.194588974951124,45.0,6.31221014018276
160.32746285088805,8.761510426335304,51.28157870981877,27.97341719659053,6.471889371555652,66.45651822565618,4.2446114915601205
105.3913082259998,12.777031701028044,46.40555165311677,38.95941716426504,5.280422254768834,88.59481690494584,4.493145568477694
147.50039688530515,9.92861071724047,60.99123425124471,28.498721746657868,6.325391706912065,76.3078982983983,3.849579272283714
93.94300982806942,13.262750315293498,42.76887726807863,20.139046507305217,2.2795418294889846,45.0,5.225109362743911
243.7769946653441,13.53795607356281,59.24969418264983,34.444263394185164,5.76103318526006,45.0,5.539301876539366
125.17086009612107,10.301203126352464,52.34173654176787,24.4615388569435,6.454107092697863,54.204712724337135,4.57137744941315
216.936006665768,14.29520869536725,33.403959307201376,29.720195413911057,2.4115604025523,72.67726515689046,4.549555561941829
164.66609011750444,12.338304830824228,50.17364030220944,38.22188975584771,5.868264114611341,79.74248462881633,4.383276782934055
196.55922048629748,14.787890764037456,43.49766799858511,22.138688398285364,5.372632530678077,57.79941584324604,5.49889758684427
92.18562289537935,13.024406857163694,51.59139844283688,35.71282797360079,4.195236698304059,74.44279683445401,4.834676870157615
197.3938050176549,15.215301793813076,47.350562716733904,25.642977098356333,6.161822478523364,85.99278587483433,4.300658839285901
239.47108987423715,11.08574118078188,58.24672598043617,21.12555706494645,4.327678348708987,45.0,5.520549251754121
143.16094227199343,13.153037990177577,36.78776623029852,34.112217380501335,4.649782350821962,59.70019024120137,4.701500522927138
141.98693092627428,14.64654881451131,52.619141110572656,31.094007710770235,2.7827629783208345,45.0,5.4161295110153365
233.56555570476385,13.701450189991077,62.96943384469414,27.35513867354265,5.830216767097449,45.0,6.165047591439336
96.03044150756124,12.702624858210743,32.00379490296565,21.999505460425684,4.962821683907504,72.17761661236221,3.6107877224980554
177.42384086872323,12.42373109967349,34.2266144204511,22.214243243013268,2.8461621518984472,45.0,5.0322369680901335
112.4935591731296,9.441324988385546,49.21855297850432,35.67878664006666,3.9440691159143935,45.0,5.47338964070882
164.6177927688,8.729636417186024,37.37244636211228,32.31456463212852,4.77890370588025,45.0,4.83833481922597
124.01402625276756,15.55752432870296,51.37097094010758,25.40942032116689,5.78679007977216,78.66120514412273,5.354935925480428
195.4184516306136,8.98613396781039,50.37590807684359,33.46125783566328,2.6275659156445297,45.0,5.497116778623155
152.8108740294511,9.06288172620801,60.47089542831408,24.479342660144017,4.434788165947823,49.10079554160676,4.55965330558905
111.93471892929956,14.167754590167831,46.91397030462326,32.34255773235681,3.2527593205672574,50.1359164516889,5.169124933312912
236.4080290499391,9.018921654134228,38.35774302133122,28.0337577638664,4.502392172419524,45.0,5.130110256507436
227.8050218750666,11.551720404591464,43.7921055732548,22.455924441060684,3.5700376315600915,45.0,5.192170324962328
202.2213622063394,8.25324480656047,59.634612457235214,29.128077557797496,6.246590873225573,56.6760716184409,4.704632199472651
174.66921391707243,12.968430526225136,63.271158462780186,30.06115182718583,4.985142559529943,68.14797940094226,4.529299147664139
124.72094658425796,11.646386868425443,59.821069550431005,30.41598106204728,5.870428016989461,87.4081410520382,3.5195011515017702
192.37732766426225,8.187035821932632,49.53725763692943,20.01296216636172,2.435141077893679,45.0,4.947830815111409
128.96895220271327,10.70941054815298,55.46753899565946,25.212499547375284,2.154454017085881,53.78623493486045,4.349317223114036
145.048381107218,9.474345569453998,56.139728859872896,23.7526299828144,3.869223608299013,45.0,4.391588288176745
108.70413493702004,12.930003923786202,36.93845784277312,35.67209407174635,4.259802693347481,95.62219412715382,3.394169617732235
115.84752609032968,12.12384712325909,46.55958184765569,29.80938520803099,5.083797755990837,62.65003395555997,4.9117034965375606
232.4904732124384,11.382143874425008,61.010349379084246,34.34018592126414,4.538266982605268,45.0,5.165656132899219
83.75277917120974,14.420500952167384,51.51969549108341,30.07585279572448,5.238285176092167,64.48512001189016,5.761348255962314
221.47748168642988,15.294784677823134,46.82135100639304,28.4590360682487,2.7885049157239354,45.0,6.152338739969032
164.6873021612588,9.2966044813691,35.0734609526986,22.93038758653136,5.882155611916295,45.0,5.830836920524995
167.5454855561783,11.898169351225382,36.38076769376418,28.591857585369,4.268396387946821,45.0,5.863385416312287
142.16968754482878,15.344618211125663,61.67398966794764,30.83587815466592,2.433535962290525,45.0,7.0
103.05474470593576,8.990757596894449,48.06131122824253,24.775354092514537,5.868569209879848,45.0,4.65566512995011
218.59209635224127,12.048854764516143,53.39308892475452,26.32422743291167,2.100049825975504,45.0,5.054738826624069
103.24839985492248,8.606318653759738,55.77683497093754,27.83812755385835,3.825097234595273,45.0,5.249104014045333
108.56945492742182,8.026033921400536,33.98075620694211,32.44587892736339,4.036665144048033,73.79594978644339,3.971149102481855
116.03037349048604,14.944607948206444,46.12561511189345,25.493587476796293,2.8420687149112998,45.0244835149333,6.546344611869407
242.50186829370568,10.779225768510145,43.25595637646845,22.54608066915053,6.183052578582289,67.9059039076908,4.4104900667829074
96.2633960738966,9.021780895073944,64.69403216427204,24.24447622284802,3.357517353792836,45.0,4.776011182841193
106.83848750826482,11.296679881709366,62.7377252464657,28.40411752987862,4.775968664360475,45.0,5.008713088754586
152.97284489719726,14.364773186854675,43.55483763709579,35.25463210335529,4.127175950034434,92.41580783624995,3.956151822073384
94.56586579354487,10.734967531200322,48.814071381658,26.431928080685992,4.0930224276462415,46.22331137896004,5.733546489684724
172.1366564107115,15.097584547395147,41.77474624510759,25.052341090340494,3.082662175098217,45.0,6.51416302852069
129.71063290183278,8.08890431355041,39.94976689813549,31.945872753752823,4.764169938808859,78.9679201647345,3.833646020319767
104.27769571818354,11.247641893382474,58.83316811308376,33.866447466611426,6.089969388523354,66.29160882818837,4.43980238431528
169.33453347209797,15.7841817443462,41.98971164985285,23.954604819176144,2.790506580584153,45.0,5.606627590636969
101.57884113277512,9.21479930817951,55.445650405636336,23.69704275609091,4.082509183130991,45.0,4.426821368408016
212.1777820778831,12.235693698624214,48.057197894903766,39.84702422214583,4.290515509313793,65.20480728098079,4.1441526937540285
128.98234908169792,13.562977939777674,51.74527314076048,31.65107615738997,4.885085040518499,89.72448086855786,4.118249338451856
222.79884010216435,13.54824343198894,43.26795168294933,24.748715244689155,4.373381644894181,45.0,5.769653636199026
114.1968984500321,13.777333125516284,38.23191592919014,34.70019862959961,4.155575115574894,66.95803763707585,4.58749302602996
244.9107113580145,12.547821491026603,31.10125797769189,21.082935935565505,2.1615469998245933,45.0,4.7053882902711806
106.54317741252942,14.643062889598037,31.307179752912,22.431102954151065,4.3584891042627625,45.0,5.93853613619827
175.2302526713117,8.603633199764616,47.73916815169514,26.675777594425483,3.424246443825904,45.0,5.218202259418726
183.18851474228407,11.425535476052731,64.27918044392936,24.79560282774784,6.1848900758177,45.0,5.035030960477323
148.24442627611467,15.386168821872268,37.23844677314997,39.79787450847029,2.3556309313518344,75.54255888404023,4.527995609121772
132.8056366219758,13.09716512170926,42.47954126514078,20.789383630797783,5.404911411048925,59.957086872403856,4.821178139535627
236.2567502572913,14.877810197621256,56.43844896959933,33.814526946242026,6.107700392562991,89.58193061962918,4.0427093293867085
165.6057215863437,13.590015445155435,55.78141335702118,35.356227527230295,5.046378450652084,92.1570920777749,3.1500800918289245
141.94076502932597,12.84374684144031,39.64727502968527,21.522062658091254,2.589307311687707,45.0,5.162828740470935
107.99577536253426,13.611732667227004,39.624896936325854,24.989786260220782,4.107014610371003,57.86820169510318,4.507479772077183
238.1271891066884,15.950649679976369,54.05388888812245,29.660380947596792,5.946211435892012,61.05616779375806,5.071819471888974
163.08442885147264,11.17540951766308,44.78631734496766,22.649576900084877,4.723618119504731,63.08125711281372,3.79527099946632
95.39328515121356,14.437028320683524,35.83313313844867,21.05506943786699,2.3210676133016337,45.0,6.0430048747990845
195.56877786993505,10.270801776668293,31.867708136161507,38.64278271812583,5.531966154534436,75.60447548454113,4.323848869015229
205.7782512001613,13.730125707203806,61.0573551396425,31.751028042003348,4.2642672808524695,45.0,5.658357948362783
246.3914627700136,15.60528078748416,42.27635942270055,20.0991774650738,2.88175228676541,58.99836253565444,5.685687582836678
245.4376547635303,12.685946782926791,60.10447103419207,36.63372309409098,4.98868861120526,85.71501457873063,3.9110468649189136
238.8656602290015,12.237301861026516,52.67388896076693,22.588022989214792,4.880789384889587,45.0,5.601639624448778
168.57832655133558,13.871255139150396,51.39877946318948,35.06907791547445,5.159354156018882,82.7656364652923,4.358586688778205
130.91925389789992,14.961973370555375,37.74818694402735,27.814671903618223,4.443248094480181,48.59884319825102,6.222953725403823
130.73820074237742,14.069085932202096,56.17110895900666,36.8019877148412,3.187359565548577,45.0,6.034157023118336
157.37510308099877,13.467160690387916,62.63589377355928,28.12574176208554,3.712397662605719,45.0,5.712066373427215
131.35433977098864,8.353438317514883,64.26942239294449,26.019755194868036,6.404893143085107,66.74583837784171,4.5495130911022175
127.58434885284902,13.88878767312784,59.19214602403191,38.588466436223925,3.7771187061957687,60.05736301428162,5.56002169043601
179.47879837897509,9.636884358938945,38.51881422362814,24.119746901605936,3.7324552226104384,45.0,4.910268929984557
140.782413288856,9.820755635722684,40.582272671798535,33.84275862560541,4.044827161531525,73.12976604012549,3.643274574760367
225.34398097469096,14.017976175031604,34.9176254841956,39.03483850440018,5.240847992969705,83.74724271752194,4.796476628076043
168.2186633218417,14.359016846142609,37.11537275757936,39.46837024073632,3.3640243850144267,45.0,5.8154645825701206
221.00142760160065,13.38461950655499,46.98479137391104,32.40609778367525,4.77215609297922,65.8006665703474,4.610449856587365
109.2368682327796,9.492116346201884,31.14616631953746,27.72709493174276,2.517414923177272,45.0,5.847556090924112
139.8309039507949,11.867910362740606,35.123466738306846,25.574224188892916,5.824156942382521,66.43268666870136,4.032487136977249
97.02579390495217,10.54593530720736,55.06752451495166,27.34638768191518,5.208173634836117,83.010283575566,4.03203655736087
206.2653769396605,14.795303028217704,30.605841372056585,22.84669675847947,6.347373325069226,45.0,6.528229341066131
92.82103131879072,9.336827708535184,57.77607214322457,34.733802965726966,5.765486684999512,89.27200573895306,2.9887114221647435
193.62457831177267,14.071630275575387,41.75218731993862,20.452565645340247,3.6378080918748266,45.0,5.960002781855128
157.61551025475944,15.488100488784486,48.94749191614103,28.958675861346972,3.2578493523281504,45.0,6.239594985242244
247.41013368365688,12.003602768159327,34.32665785671048,26.206511438674085,2.441399862379325,45.0,5.873542790054005
119.12631741192897,14.901976057039358,50.66405734542222,33.0053285175985,4.40559349046539,64.40782596392414,4.738591236978981
229.76462610604463,9.817308094049006,33.8160620086385,39.37556453380412,3.923828671062768,45.0,4.703157650968035
180.02652847603423,13.798001140776146,31.05421604564533,36.19057321713476,3.4496191347877057,81.42393662491335,4.648812894613797
81.35589756476752,8.694976791677202,31.20502430724501,35.486352488726915,4.971466636195871,45.0,5.492301689842881
181.2549092798728,14.37641398341745,63.23615418860226,26.283063720966403,5.440880835780209,86.36239194567305,4.489956097664172
160.89038880713366,15.469430932767844,33.78368562917528,33.50806832932221,2.0352266153210112,45.0,6.863633522934098
152.20134513283048,13.674712612117094,33.890734979940774,35.70106364273752,5.967311949693473,68.0682997202869,5.1002313872809975
88.83391371546054,12.716604385387145,46.54265718467158,37.17197082744178,4.807506673937763,75.70380243730982,4.87984942314941
135.398597169092,12.406301986612313,32.062228569907376,33.26819864139047,3.536454018621739,45.0,5.349885171688455
151.1310076880718,9.070099977878655,63.1738395748858,38.29062890071502,5.992582476928535,50.17971135926187,5.513659337391525
89.65096070171391,10.304827362519948,62.35092475014595,24.578756602671607,4.386652119998347,59.18553185597841,4.858120601994092
118.94103230374192,13.911483377176346,48.93384848649647,24.82838154941139,5.792391824976427,45.0,5.780913276566972
166.98758155845894,12.766672474293646,48.70115103937195,26.322452180773407,2.485892004362944,45.0,5.235533288565665
85.9537806403763,12.00686050470012,55.116024127263614,24.482016174346107,5.953384182020978,83.43237651957152,3.8904370019593015
82.75427857515362,9.997017722379285,37.00045472814798,35.95847929287723,2.9791699447221203,57.11977651318596,5.119652424597465
121.50155015058638,12.269859385276945,59.41504603831906,23.88529935465641,4.4864496892678885,45.0,5.129856542736267
184.44221295355212,9.890751795259757,55.055695274558886,35.85554471512381,5.304251500045845,45.0,5.107908120466668
197.79437220340373,9.105946821749988,34.463028531106815,22.399458401775476,3.093202280976324,45.0,5.577471047732141
132.7008406544283,12.868233590805268,63.56645034437989,35.40364239114236,6.149098954259991,45.0,5.6880755398501925
193.3710503006313,12.707322422337198,57.97331911945231,39.2429883878637,4.724426109936582,81.93749352853126,4.301458844435505
141.05635529015095,14.382661478742612,60.792913179308414,20.11656224587298,3.555534585726972,45.0,5.242543810733771
87.50707050608288,13.976925792988665,39.87557141716847,22.04659860812246,3.524916609931864,45.0,6.054728778767766
219.4006972124893,13.668992669361453,61.187934700077946,26.278323128373152,2.879492444454023,45.0,4.728869262178991
108.48093628975911,10.852416737650586,53.71557768565632,28.14286025500064,4.321829601953879,45.0,5.224576228154923
219.2341000119005,14.06153922967572,52.78273081271408,20.431409530354955,2.6874734032217997,45.0,5.505731171599015
159.780545694708,12.911170551007611,64.03001226952695,34.583909489997524,5.764810982459777,62.6599426238857,5.273129152901403
238.7031848144188,12.24269397536724,61.352570420767776,26.22364238252882,6.245467445375007,45.0,5.801784225985742
232.26345391448783,10.775837370422892,40.97331176412165,22.4874246981898,3.5654798173391478,45.0,5.647755908099133
216.26196838252503,11.751798649312445,52.300961328405,25.7983012798532,5.256092723278557,79.1515730228738,3.480207202457055
113.109406789652,9.189345843044755,50.09511110904986,23.131257008817947,2.719616457296068,45.0,4.673636696404891
142.39053560512642,13.066963264015715,56.18281278710542,27.221588443331456,3.739977836988957,45.0,5.891198058416322
144.49804492887833,10.716120346587038,57.62328926770866,35.0717263571531,4.04880332294381,57.87863017635826,4.955876482961166
137.0510788003326,10.685493970015097,34.90111235714095,35.87461335536456,6.407440859393197,45.0,5.359583039011058
177.45230470751795,10.948554597130194,46.07043469130822,22.395552113895967,2.853474008048571,45.0,5.770845374119675
91.38848118121996,9.908536513857054,34.56267941795879,39.01465586907612,5.201063006174282,49.03464423046431,5.203106327304564
179.73696466130517,14.83175789077968,54.65561014499096,26.027753176727,3.288225664568113,53.11744074926128,5.2292868231000265
217.0738012569353,12.668609607232476,62.94256776665386,32.48516218611902,4.270892340843219,78.93602350733848,3.844296333458997
198.645434858342,10.833077129433294,48.85576496305574,27.867177722522968,2.1243712655869027,45.0,5.03355642547853
237.13894621307105,10.510179851653437,34.95978425601816,25.748312736214583,3.584793327885383,45.0,5.101308987271462
105.07000107961858,9.752532239020656,64.98137325749758,27.31449097095965,2.7391884923908463,45.0,5.35495945094874
189.92294078759863,12.040694547601063,58.9860678929999,38.09943511498941,6.494951595415575,45.0,5.601952813582391
109.89652947226544,9.12251417453221,55.37910448612382,35.36918867474937,5.1827906030338,69.0879467372103,4.041780124490568
219.0904799215248,15.55435550778344,32.610579562333406,32.81051138634135,3.773551266763048,45.0,5.323693892393914
121.70879610582227,13.068051134561744,39.23156366389299,21.9485616544476,3.1615686408736545,61.02002210039132,4.963704814994779
151.37463597298694,10.756785880899336,64.50385407253697,25.37452340053076,5.642785926088504,50.598758987034586,4.362883230142948
178.11780476697808,15.656497194239895,51.87978912312717,32.75274536412461,6.304578013576644,66.6909205010219,4.977686523309861
177.91849639768512,8.092538789130547,30.247284270826743,28.786264947616736,2.360280056892349,45.0,5.170897845063374
181.0882547569311,9.828468958140268,40.78038713257021,31.20038410335521,2.7577461753393147,56.04916193110128,4.907624680118566
236.8886282200572,9.206265345415746,56.69899417974194,32.90025557428517,3.8376282827294057,45.0,4.919456305025086
165.22886442776087,9.413276373464743,46.55699660049461,38.84360366061366,5.691504367784583,86.36768385309578,3.5409277902905694
238.6544820067381,8.14406350078725,32.85054472126047,23.260773829207167,3.1472157601230224,45.0,4.987895682594406
165.71519488002224,15.989707599016205,49.095339158690486,23.42205197571532,2.680368349214025,62.97828394769762,4.951315605067114
234.3182263124822,14.748271872873133,64.28797027279509,37.55621990935408,4.697635346985264,45.0,6.05811179300558
194.3201164726757,12.806298561348177,39.11014790478792,35.49185266707937,5.489805170090943,92.75353327116594,3.180440424150808
219.96948348708528,15.626993500121005,46.59648404759737,34.406653329137775,5.63371240640288,45.0,6.926528709870739
161.14530121787817,12.471385812555823,63.672477612649686,22.247378260189706,6.032625856949092,45.0,5.719497766962989
86.83945828332823,8.241510697207755,33.587165952227444,26.81565005367796,3.267007933245847,45.0,5.4976400055795605
166.89333001970456,8.948386473100761,45.04278957595528,37.03945199167771,2.667264264946448,45.0,5.165367155230433
158.69461338164336,15.401290191113244,33.95758882008908,32.865469058678244,6.203936681985284,97.48207747876263,3.952377023617004
245.63130127233384,14.367005850738249,56.55153613520688,34.8446557068655,2.1090349043712164,45.0,6.373074405164822
140.1596522314976,13.535854886347774,55.54439049178337,34.709683782928074,5.896221877764464,66.37127790913897,4.726331542307223
219.30327459186088,14.65147315367544,32.797061495576585,35.334543574858685,5.859438487537676,85.48643402097707,4.547878555518449
115.0043857859424,11.329719890303709,60.99868933939576,36.03580255040621,2.9617509006221256,45.0,5.349502169020351
203.34334561900715,12.63295865669163,32.952594680555286,29.085366796065728,2.9365302472378403,68.51636501319531,4.2483685945771335
110.60903343092984,8.987002831339954,36.14878987877154,34.06460811912945,5.209153055657921,81.2407168874148,3.243737652122975
150.56868749933662,9.705675039606843,33.42235269135753,37.6764739468006,6.064767599756833,68.31084226216369,4.134267106765298
132.25949474562373,14.153118640704031,40.34478843385279,28.273620025138328,5.072110398849087,61.358341793052105,5.819390404024399
160.81149204148522,8.920457965057683,62.48081374211182,39.96103153540192,5.165041122003183,79.02619267319639,3.695755811306488
191.74155188300227,10.584846782080891,44.63254644782867,31.24525333307873,5.700196429824521,87.01423153111732,3.252232624525266
225.42071591406477,11.817071495848984,54.609337819858425,32.25161738938621,4.59990349109105,45.0,5.298473122121569
121.23567838104836,13.51798961348488,50.21236559932566,37.87630201474809,3.68106891431604,63.45942825483968,4.998232611988056
89.80512704483522,12.072580835828118,58.58456037264054,24.45240319644275,4.265635939886649,45.0,5.551576739097841
135.9354691616524,11.177394993458918,45.8195024727216,20.719187660047407,4.853729916316169,45.0,5.713991684107784
199.77568193565196,12.918019510265337,45.56106629348919,33.52241407839386,6.002515428868505,88.8598612263344,3.531325014006028
143.79572578682792,9.76258682307816,50.78540917684842,28.93534960220209,5.520576941543828,45.0,5.363168603896699
170.51122851128923,8.010494890464008,31.0231947957672,32.50420623538853,2.91520371245789,45.0,5.980235712740287
90.0632730421617,8.829215317002172,30.231436766664935,23.509535711073703,4.907751592278494,45.0,5.037149747581302
169.66253492519328,14.716490447533587,47.96037927008972,21.92902786927388,4.501608048402046,58.30042117021226,5.497286690668528
234.56875813767232,8.580012789264023,51.60006633193829,38.991537129737466,6.427281719990063,72.8127603490066,4.038893752326088
147.70795533743262,12.76499947761403,52.97769237669674,29.96788939789089,2.769312248194145,56.7605221984745,4.016925083433865
225.20060764605012,8.480332114441165,34.07163446333286,24.295803039464435,2.037590079106706,45.0,4.955407343593063
197.1041753429431,13.94948022214806,32.034084087780386,36.04908137703156,4.896621112378364,50.65657365948045,4.763056907153668
189.07556135180243,15.09378477816805,52.128723093681415,35.44868252165681,5.317753188129999,73.25489703949974,5.025160607043191
140.36781040179014,11.094712778343592,51.93997899866783,37.83715758619694,3.510556120854183,70.55856535604529,3.3690832227689422
198.28051970842432,15.883888559040702,61.31551067083221,35.52944322431706,4.148972778352533,79.13883000433815,4.877364191742924
168.921187276926,8.004941325736867,32.41727011222754,34.811337345741805,4.420813108313778,45.0,4.49692448014804
193.32986204357545,13.137189177830964,44.06322731685074,31.551529696054565,4.037349081727934,68.31387206141227,4.281605279579002
80.08113733124333,10.229390399846226,49.53280138465186,21.83914091052213,2.025569957994433,45.0,5.005642829362914
110.29366344567016,9.460686816991965,51.73509934522215,30.381638041127367,5.693734349585263,86.25730258381175,3.022177519807217
185.40559829793008,15.35504502427543,48.54472516567896,33.85674019642416,5.099474953393305,56.70737425390626,5.856815919013673
102.41725397815514,11.94171694490618,47.35412649106978,31.06374294425236,4.459573097058932,45.0,4.957195814741516
175.88244770363292,13.72000488344,37.79261896451084,35.13530952682166,5.515472232376938,92.37032380364148,4.036816057988357
212.01698207607376,10.465914088476268,48.30778117375014,30.75238785835235,4.479367106831091,51.99723660363696,3.9879863940991545
132.03532211178668,8.429718169449743,36.86262267885037,30.725041138871408,2.929235164335167,45.0,5.630741510019177
131.2350005314183,11.368565499172464,50.07157249977365,34.61004145477937,2.0140555043745048,45.0,5.478441206235972
232.2902044407056,9.469428900972302,44.94866396406493,22.782346020743525,3.197289947193669,45.0,5.863236589517067
200.84483790082857,13.420988024768546,61.5623587101399,31.10873595716117,4.123359086023193,48.71928101609261,4.443104003159531
100.08268495543138,8.258736511733359,55.00668833948126,30.489543884764,2.3896646341523136,45.0,5.501855509321162
189.087135163136,8.874807292957513,62.14829666924581,24.845964286731277,5.536170086879413,45.0,5.463632517558037
135.29799434003567,13.034825384990237,50.43297468090063,28.36107735777488,4.009829413495537,45.0,4.983275515750131
139.85408714459516,9.202021874933289,61.59403032926014,25.53176343874379,5.329987071901554,45.0,5.685200213577973
154.5262718940504,12.578054684385062,55.03289657430088,34.82877212976198,5.554980439907675,57.144714823117305,4.9824306527695335
101.73741234290176,12.57219836498572,43.0283172285216,24.07475154384261,5.845541455186761,90.17882913283744,3.761415116883596
162.89401298236146,10.875655217596089,55.961325322770165,25.676728732143104,5.583318745569718,65.63258237826811,4.161622486631992
209.94770195642235,13.1516239491962,35.4019754446877,29.76381816985461,6.231750378918391,45.0,5.706606360240009
167.42936940004276,10.441325163554804,45.60946415491773,22.647074337442938,5.818281012270582,45.0,5.524021881731287
121.76873724321138,11.148972998763174,55.934800085800575,30.403862246283683,2.0572644158313462,45.0,4.976706626612593
237.09525882465348,14.905093106642129,58.77992201521228,25.143249053033344,4.592792809848902,45.0,5.585421996711586
173.10565644032215,10.911776720122772,46.77888170169301,22.920300956209736,4.719441592352246,45.0,5.701128345785908
144.79457119059168,14.713480877119686,58.14655788375789,37.775876376446206,5.649669580706651,45.0,6.521871164321526
243.6484632192433,14.763418834199973,49.013316889476,22.83408640496672,5.878782872510739,45.0,5.392916931944392
222.39624501340944,13.499025564993197,35.492005809345315,37.782454218485256,4.463614307645264,45.0,5.601650782437233
157.01967623258065,10.44672779964162,46.72345964058087,20.284363848854504,4.922127252063188,69.82861685517742,4.313492971034606
206.94479129966945,12.678771575510766,31.69748055299667,29.681547413624656,3.9302165474330417,80.80340461253867,3.607864039839365
186.7490004900984,11.90031895749679,47.44074514123549,23.69300596752849,4.753606354013868,50.39818264771636,5.237257841031225
96.6796000998191,8.602516962870595,31.40712359636978,33.1167674995672,5.852043203330986,93.31948289762596,3.5277543831368505
239.1218648868839,11.264606442123236,63.56060573120926,31.483807390201264,4.511480382465759,45.0,4.138429124185366
184.82867290781587,9.429367645242865,60.32910675618477,37.696847418843134,3.1682301318439894,45.0,5.270804208166057
212.87475468398915,9.86461558200616,50.96181906871803,23.050913701195164,5.9067612784707695,45.0,4.904879198293365
171.67138422720723,8.846434127059418,30.47373698552372,28.52619532621519,2.740929083959831,45.0,5.37215811783357
122.25168774575864,11.442878069855496,47.187699433124976,21.606315066139977,2.528566282004765,60.55011275814156,4.106631101226757
197.11629725384864,8.444718513226691,51.05758682918286,30.38590524316061,4.065363120985688,45.0,5.169126065292357
187.72586456749025,11.058110499983144,53.76134477536315,39.5639467904788,6.414343524860433,52.4559151303989,5.081834938986274
159.63259343570144,15.886799603183658,33.728638083347235,24.423190924798416,5.137102596425693,67.33367994647408,5.806359056285908
231.41028846083915,14.570337505631397,56.16486659232842,27.255190856278396,3.6188661286982384,45.0,6.37623343462138
126.59909047690871,11.962935568422033,47.2936932691853,26.952945953225083,5.913618792662257,59.40838082269256,4.999797887437292
214.305382786515,9.97760337127978,49.029190559504855,33.581235420889975,5.965404694449868,45.0,4.094280297229814
237.5624870387014,14.99302757796064,47.03092405635614,21.310167787025144,3.0575254948149606,45.0,5.961549209422417
85.86642705815187,11.1437343627051,52.49606431230501,29.090966690603103,4.91713163940927,82.67675341950124,3.284835524769264
231.57707346579497,14.695130734368972,31.271987506631056,21.531689222745545,3.0333835625468133,45.0,6.184784285702621
185.07389177254225,8.440877267482957,60.78531219984717,39.988780331388526,3.9582824257627376,50.65979287834492,4.451517926275875
102.14970408697344,8.282948330307557,46.06503585052974,29.881383926060625,5.536968935499913,71.67393516724356,3.5557150917426026
174.8314285120953,13.079695255853029,51.79821179971975,36.74931110325315,2.1629720121494094,45.0,5.976703547752692
241.05574795054608,12.313532872776715,57.22242271650458,27.1903022464559,5.364312066143661,45.0,5.256403682872285
175.15643434182323,9.947602063007832,58.69786684974378,39.79315952266885,4.992319929421295,45.0,5.371518991352692
170.28590593242149,15.692428855171196,34.13853599454229,33.678556314546015,4.1533061145894346,49.29302864684981,6.657133196506149
223.6473706787018,14.674083582782014,50.67327695756727,26.79567035449244,4.92932815418716,45.0,5.8587558874022605
240.61039999927343,9.170928843498835,42.98132842158254,31.473597002858416,5.45129824817978,45.0,5.430776059056596
216.198053420589,10.476329186534755,52.355488295851245,25.13223412433916,2.509561048812327,45.0,4.491068557179407
126.8640773134894,11.4543128477737,57.85120880056314,26.707786115151755,5.739806137305533,61.61955939920775,4.6865240462395645
92.74016491877694,13.543191324775831,55.97341281072062,27.89573652523317,5.931450635062431,90.83871271929706,3.083401297356587
108.29005845531704,11.684992408248837,61.71060546496972,30.49716823944776,3.64459965336314,45.0,4.978494201970781
100.82628840327152,13.74094256443728,46.20740928997861,24.283912490251872,5.008111289656096,73.5177002358665,3.779585247983934
118.10908866559068,9.522349432369854,33.615522707350955,23.76742497491696,2.7540392407899645,54.30847099438191,4.431257358958053
160.41540917293582,14.333260005380945,53.32152126824579,37.825431161685536,5.903240839846127,92.86242681267936,3.696165873244203
147.0944508274436,9.303805369529682,57.45167517770926,35.416889306899066,4.013420248729035,45.0,5.45160918377065
142.11793539028068,14.698422610050196,38.60915601966413,31.09709772633419,5.727034956670087,82.19614394529621,4.317290044246011
190.05931529795947,13.154967788050088,60.38980037851165,34.764896335145274,5.784108292084105,45.0,5.315419106155655
217.7770727372342,8.456901216729609,34.847345468575554,33.595394469363164,4.03947405494462,57.60340581826462,4.328100329801456
81.96324826898478,8.92475945134226,41.33218926489645,23.371339377599107,2.186892599072604,45.0,5.559176614805992
249.79483939710485,11.361089924290114,39.708667928800935,21.3685075616714,4.988184898588058,45.0,5.786459890513578
237.68634549469536,8.701702127736556,58.16112631169175,26.28901492234788,3.287752088847273,45.0,5.279953370398019
225.77015203649293,13.32498725438686,60.02327671514702,29.22769872705895,6.081576238357576,49.52040404335425,6.192098920479898
196.0755509440724,13.626373292532984,59.90964475743431,33.156184517734005,2.6223225300158868,67.83282165226129,4.121637354472568
121.6412347892168,11.131881569003047,53.60889446765353,27.090072444711208,2.8711570341278554,45.0,5.541768509632567
142.3680318057891,13.166408141839346,30.962703057889836,34.79827368333214,3.813725737023343,78.00064242930043,3.299584959126628
189.023592077425,10.23097132400071,36.1345970047438,38.88955374093797,4.03866860146718,45.0,4.963104520018041
95.978083198501,12.416653591371588,40.17083215011835,23.37866774870681,3.842581649254668,45.0,5.279756294828232
130.82561554326546,15.625096500482917,59.74223177760945,35.98962828326073,6.182477456816788,95.26013179028295,3.972474004098799
107.81749777198506,13.096479045738796,39.26621791338718,34.98264538704179,5.17443267416601,78.34469998508376,4.567687846493207
107.65536835101872,11.525049728753398,54.704689742118994,25.031750086324926,3.3673228377257245,45.0,5.0219685631455615
157.4073392661672,11.245395075723684,48.824962581896,37.43014990612963,3.472839844002368,45.0,5.193204462386316
201.82596762813952,14.254915381214142,59.55257060301914,32.55038844856799,2.7653061956421494,59.15739005440328,4.809085570608662
121.48974049618718,8.372232202194482,42.92689520706151,36.51700902047985,5.264205373349614,81.35738801031177,2.967172297346915
125.2644716909002,13.29495056777808,63.58891454976657,30.470049257299976,6.474878421590335,72.26890219561751,4.675533092438817
162.46194269496266,10.457099923044634,34.95213692894021,27.00595142891449,5.974195758125704,86.22219350847645,3.563358338493109
92.79518948058264,9.025664811547074,41.93686605464126,24.659840749347836,2.968560734237644,60.680225847301,3.866011139295544
117.88346979065594,12.09996568555615,55.15666920847059,20.537888024943214,3.591886842123201,59.49855799500055,3.7276945645166
212.2495381361961,9.763654153573734,36.52573443767509,36.879869638924816,2.967893775532481,60.19034132710972,4.023726995779415
188.751622916578,14.361899003953756,40.163586845939946,36.39048927196987,5.7641128618671456,95.7354824881336,3.6981612959348737
156.92222393882116,10.900991030474646,57.525992324246175,30.365674871411088,4.197312031958245,45.0,5.4724578497816285
198.73711514536475,15.83664184343604,52.10686417956472,33.99409525149913,5.106269617693819,91.25667562221469,4.387634166088829
194.82676433574665,15.54078226384729,43.29857903492494,20.90251631885508,3.633030219514161,45.0,5.244547869468794
201.65103461877808,12.97003198519378,61.8596711654405,37.01177267256749,3.4609683710636165,65.11207378337751,4.958950926371462
111.74415216878089,11.29942731037852,50.82122813536604,30.1747588215462,2.5197015913658887,45.0,4.95424547157862
225.8147173929584,9.075288265353503,45.06905918958158,33.24088957013585,3.4068368770609703,45.0,4.60002722303568
187.78077414165824,13.225824185333998,43.21751272260165,39.33401341142405,3.1651944023892966,45.0,5.695417097736048
165.79806904380695,14.13267757801258,30.54499240820156,39.115893237258966,4.611273714372917,45.0,5.400071702966725
179.3483457228332,10.85761441422238,47.55155105569095,38.7692297795404,4.835391427403621,68.31137338219865,4.295907616141219
152.69328235017912,8.197931558687818,37.90850435526656,30.09381729544371,4.498250320179451,45.0,5.687321901975411
205.47377845081056,10.56708886780508,48.87207524361526,25.196256645474108,4.624257103231992,45.0,4.800039992725079
86.49017972767945,8.155953841272215,59.07378077836285,20.60763071991932,5.538720290702272,50.50166334054769,4.787470263990315
214.6227472148476,15.359100764707168,45.21263069032192,33.93915411470866,5.354137154296229,69.05362529638046,5.697741420284779
197.8384542520508,10.568347017546882,45.54279028598131,23.61126500090863,6.244918392868526,59.39838888561528,4.507046739287532
144.23245527600898,10.865630273664795,46.84120964647729,23.0608022138013,4.5267888050334815,79.90747858707256,3.2269298495825582
248.77184264033573,14.687341476203867,52.4538363939621,29.07619930045809,3.7222353446164207,77.29666275803442,4.796750047603273
198.68323863758843,10.645682536278294,30.49288437744028,29.530826232762266,2.571376268919889,45.0,4.806517903540377
183.91012061111235,13.393775418619196,55.407281095207736,29.928177721910156,6.154884391168191,45.0,5.083300607330861
138.13498946992857,8.750828505829942,38.75948644530375,37.51280302548915,4.420425759648522,45.0,4.742803629644637
162.9429956422765,11.213179343700904,49.03336537188046,39.90804961532697,6.181189625046253,87.5902374803953,3.954820574418853
211.60746162029787,9.92618207669619,38.21751517449433,38.175324213857415,2.397037370372315,45.0,4.920837170297097
190.73315649126403,9.578052314027929,47.39820901318433,36.00752528104425,2.598413617579657,45.0,5.298099479616556
137.56004892034363,8.416490851838907,53.91833091874636,36.83434439585523,5.245918189902103,69.08585273333313,4.492767250040552
192.19172359258957,8.014137533618847,46.42748119227722,38.55273610347409,2.8271788106838738,45.0,4.576888016765987
197.3490371053153,10.320318596991386,62.845143389908905,32.128487152359355,3.84675065685225,54.75738395586717,4.006222472254823
190.65510640931356,8.627840434319284,44.50319475425754,20.90661874072981,2.243074932224709,45.0,4.895215559339237
140.22333987689717,11.901948658942718,61.16370846078937,21.694269263658985,3.898675316118795,46.19856380927089,4.771754759343132
231.74048023967168,11.262822075947348,41.576011302131576,39.31519160007499,2.1175164325368225,45.0,5.595446572869747
159.49716747353244,14.621000648383164,51.02422440416981,21.492203710726947,2.1098081703743947,45.0,6.084925808196987
124.45510321842777,9.742568024241338,54.17523738584295,36.90772372331504,3.000392189306291,45.0,5.5329002982324695
136.96550177061704,11.744166660129569,40.32011215031095,20.463783129532523,4.706786137253753,45.0,5.098333206645766
232.0001635673394,11.383375746911206,57.37140133599422,33.429555605123035,2.3297933188752733,45.0,4.214633384959606
245.7448256897642,14.411427918944144,52.00426776196475,33.36614449243058,4.713146752939556,45.0,6.189692907282248
206.7025223540508,9.549942940757813,33.113470167333226,20.089999128585767,6.123666620221127,48.58730938245355,4.114249027748791
177.97282846155315,10.460633738731891,52.30743193480637,31.68176455940372,4.1409835846558,45.0,4.537664388712295
198.3292678989813,8.05426765505198,51.94246289106535,36.355847044720974,4.408681654021089,45.0,5.2088630217316005
235.4293986779261,9.358642794840634,54.78416391841033,20.520190521013657,5.866655235965311,45.0,4.673670532886407
220.47358642705143,13.272951865477554,48.54828115298865,21.417062787884067,2.1662311494633326,45.0,5.5847630547891445
237.19541195783924,12.011059159124091,40.11007319135483,39.80217622855359,4.509042191790318,54.805437369593,4.837622830337804
184.0952110674509,13.119815987667842,34.11723969139732,20.31407661352811,5.615860165485129,45.0,6.229664686754594
165.27408505171064,9.518216897555714,55.652652122723694,27.048326728930725,6.0040142288811325,45.0,4.967950422746824
218.1248939501181,8.698153107952065,55.25328386640709,31.498914644063618,3.620179353548208,45.0,5.272322244270731
243.52042329491,8.919898866918674,32.43648948868824,34.91500684392914,4.6223803156087255,45.0,4.482850812626788
162.84067452379406,11.957001849456995,53.54290306952217,39.17104343476802,2.430209593861924,59.76405159193554,4.704459156932559
90.94759000666004,14.187741085740374,60.518744288085,35.63746581152368,2.9741221842562964,54.86309673182164,5.602617701665308
197.4137325600709,8.965087228409889,40.767150053557,31.78303285857611,4.705242642846464,65.13893531439443,4.555780578015433
159.86360880164415,12.739617995295042,46.82275369530389,36.46170729879978,4.007885542746986,55.12087068270397,5.352807865248576
107.67120891404709,13.835620896901393,45.61139935460224,29.92526237633257,6.442809601191477,89.36242723183119,3.534141140778331
175.1312366161352,15.900862776049491,30.16529569578741,23.586824748651267,5.756952570363879,94.27957976216722,4.1739419966892575
174.04179613578515,13.85882260649723,33.95172385464099,23.303599992684468,2.566206756271119,57.3092032929303,4.890422760156626
182.6145339686221,10.453685164343083,45.93732386921919,23.763351933848377,6.085280911225169,45.0,5.93526592224147
141.816942589419,12.98838054759042,32.6153251720928,36.62626396728886,2.555375290487841,48.056649617635614,4.334161156583966
139.94767328277905,10.258166405747048,64.82059088963723,31.89954664966648,2.10138577167648,45.0,5.245443530551757
207.2110695636373,10.7786356829261,52.9060874896421,20.78709591266461,3.231461128782162,45.0,5.446708434826563
222.03670589305855,9.226496969798708,63.18278878961184,34.690882223821575,5.135008866573152,45.0,5.501752117316441
242.2918330039238,9.38607794226228,62.60950671964544,23.926582148269457,6.015388002188986,64.65589036295398,4.162216098093607
164.1922031320404,13.105955561890468,62.97922958372962,22.10830749511353,5.100924641886693,54.98066113860349,4.689543912613614
85.16819039165905,15.146314419519912,61.156620346865125,23.58112949491301,2.7021119424876514,47.27891016772101,5.508660533160501
173.312960002005,8.413002140764993,47.17560023762684,39.626640666239695,6.386209820482852,78.17740079816485,3.1462737119212214
131.58593986421192,15.371901690303837,44.82259124850208,34.70313924494738,2.116417558039905,45.0,6.385352240069471
205.74683246367937,10.499577050879871,44.40742911614577,38.25081215244214,2.671163904101393,46.75311328534112,5.048808720783092
99.60483431381556,9.10973306067355,60.74137740302381,22.67791479058803,4.633348024556778,45.0,4.4695689173250415
122.06175562466194,9.328152666240296,55.991205694360346,23.00650381416306,4.169765717924669,45.0,5.430658720086521
149.18631870014775,13.679404605674026,48.63446957645824,32.49711393504532,5.361837755977906,84.38773341940022,3.3030185823882188
105.41794483671816,15.829645061229815,58.06506271730674,23.93729526678043,2.6383704761622884,66.35624542629505,4.852744202925296
217.94285334372407,8.434250964708163,53.9852266789725,22.482356656823395,5.822123567758211,45.0,5.070568447547689
110.10465743927944,13.660701498945183,35.427036380401894,30.73194883685994,3.953249215717898,45.0,5.698335472286289
120.07470002435602,15.394233614922674,53.04729450916872,31.34118260288919,6.26586350941705,92.70516659653572,4.045053942887551
221.38410339663508,9.09020912782714,55.44245196538206,38.78453123668206,6.240412608886559,45.0,4.362500510617165
227.16831459398077,9.77001162465026,35.34449773049517,38.28313929388561,5.954246753971918,65.79364937953387,3.687373553824708
133.55146922383142,11.474281906745354,59.6140926624566,23.158777308453857,2.732872453169932,45.0,4.7680851404566
198.5786192806224,11.20824673679203,51.898031672011726,38.60229624375681,4.934962891445457,45.0,4.979161793766852
242.69146918595243,9.77976435655668,52.95602721969404,33.341445240001825,2.3274091756399304,47.19813851723994,4.300805034283901
120.36921746895496,8.242569709906167,47.60919138068929,23.23402764900201,4.168575478050434,45.0,4.154158232698205
126.90487127433532,10.222177824483731,62.47807425451279,22.15405326981925,5.805754500694453,67.38093048664055,3.767911644844404
223.30412958741655,9.571568127470949,40.60485055235219,28.879509419898422,2.74869855000848,45.0,4.42636394269859
93.09141096342968,11.104225443590575,55.30879200772581,29.88271030619121,5.071541340685876,51.85058842193264,4.663028666363328
217.61207914075868,13.946425502280054,31.682601490962902,20.690934337021652,4.387030861021449,45.0,5.496187920039314
111.78650501670988,8.74788820806172,63.816437115448,30.407341292196023,3.302648747803757,45.0,5.272468540840713
80.85188973578983,14.690719256219516,42.842726094745856,29.782412755558987,2.926891221882135,59.17889655914832,5.209904186502108
205.50300482576225,9.330651100016702,48.5726013221679,38.301397175233646,5.779478663896847,89.08185163352697,3.3878595714283275
247.11119613727584,9.554281483449325,63.3482343338278,29.123250064552288,2.1921948286035047,45.0,5.05903852158683
169.92688964117937,13.130124581664896,56.37609507727706,23.662128856256285,5.702819544019627,50.51287111835422,5.118258111441548
156.99373744914237,8.6397529489843,33.91557594844241,39.137227185580926,3.991309309895782,45.0,5.70133832106043
81.56290080800449,10.181567890384548,52.426076496529525,27.158243200784035,2.581898045079837,45.0,4.512794259548581
109.67405768931758,11.305622760169824,61.276709531333424,27.421835350213883,5.081740264019652,45.0,4.606691190792825
219.62940491743237,10.65097511331938,41.87820817263502,21.497377937575827,6.326380099306326,45.0,5.035343261257992
231.54413908890623,15.430348320920167,51.69788150275123,38.24608045421961,2.019895924414757,45.0,6.467747123422429
144.10063904286403,12.075800747529204,52.068375573630746,23.592703789452788,4.971745368463763,45.0,5.058748547104785
174.6047682037144,10.399558956840872,58.17769186849078,28.96458380013389,4.785935580626166,52.192999026829945,4.465845858675932
188.3994402530809,8.877235259945927,45.87226303647447,28.031684056030446,3.948633379430819,45.0,5.3822391507095375
168.73640245869836,8.529052888331986,62.50571034838956,33.70439554660042,2.00474464343507,45.0,4.39927889346395
124.92359968209408,8.10761601089199,36.16816629833591,21.59915004274704,5.570477964642638,45.0,4.979231687978217
84.51515003635342,12.069297616136378,32.880350018033944,22.78604929734985,5.874549078043211,53.5503701245697,4.624769686173783
238.75633461500857,15.38169547834648,43.3328176244552,32.27241132851893,6.132930011475193,67.07629298657183,5.721500646115073
150.2666357967691,12.95970072716174,54.98248350635328,30.95905602535409,4.436835704765612,45.0,5.906075411157964
96.75956081066153,9.31945546046782,62.67929811269764,35.053813218555625,3.9255682942403953,50.92524177471799,4.734878879769719
232.07059549224795,11.43453639711684,55.65632732188169,38.8188912509125,4.0589504112748696,55.69548634701525,4.481198309606948
215.6051447143164,12.171626546857668,47.38978819936965,34.31940906078253,4.33296297339129,81.70328829464779,3.1197620357737232
173.84778984759936,9.5564686049438,60.4432818345427,32.6240226865128,3.747369240285344,50.188949621327495,5.140157003559121
245.56983066821587,8.88687737060595,53.97368924470334,36.99018389013772,3.6796652634609206,72.65739437109457,3.984345961185322
120.95857234351556,9.22207593457525,48.98256791902924,20.1981937698371,4.323884582809339,45.0,5.103489155259658
205.57319658997736,8.409979818159432,53.60006140227327,29.201283067666957,4.599334561645394,45.0,5.906344472884282
211.16149146301288,11.608033450911408,57.36834665036756,35.130412811006806,4.96001606765921,45.0,4.932282185584771
148.68533062394766,12.050208096355895,40.893075432715136,36.65713946690926,5.282797874339685,89.97678292365465,2.7784604987370964
157.2727572539963,12.132708307854656,35.75728445511754,24.67444151320794,4.758031655501131,75.14588244883346,3.84165356322946
234.66068625640608,9.87208496025934,55.63821341648901,29.746891378206666,5.358407650908074,45.0,5.078131011064549
249.0835322164176,13.48226217275315,59.31548121347922,38.74366913364976,3.994584112096344,45.0,4.690906769334449
127.27279503707646,12.41415397667905,62.91940408229495,38.22572495824478,5.502234555155764,88.7252793220582,2.9478633695279486
173.86409296154386,13.639723571563817,54.07687416354764,30.44959480554768,5.046911078654745,45.0,5.722360951583138
240.83474451085195,8.40557893339131,58.29819006659817,39.88838196039699,5.4813370822715015,51.5546626283564,5.337370205768316
189.98676291244496,14.661064478611792,53.115686040276245,26.45389626007301,6.287001415173474,89.91557299774198,4.195846097835157
125.45879763303112,10.820460134235402,46.027086634231466,31.26823227315529,2.164475779048617,45.0,4.321600169277661
188.20820026262965,12.878208502928016,30.43604725363297,22.949956468794447,2.0146859478702166,45.0,5.5375673189733385
117.33643311671408,11.986967698597985,56.21622936109862,39.28426886966837,6.1611706849655015,95.93553939523848,2.8227847157480555
226.43475406970072,9.280107917947308,42.446877587892,23.652411874160208,2.906269441240846,45.0,4.825389136449431
155.34744784115145,11.331598055175364,35.060856621552205,33.954901680189835,5.5813253812534125,59.74360513814496,4.044712069051205
123.54097770955588,15.860481847235846,53.09633080641231,25.480523127127643,5.207707733002314,94.0978460786536,4.518295791296078
171.8434537068526,15.780578084496998,59.79047970220044,34.34432720252914,4.505229477324898,59.68947310645351,5.7485555131273856
83.47964650788045,10.664956492850706,39.33727967465471,31.42366428564856,3.9536548811345456,64.02496125349549,4.211434080511268
247.94027707102413,8.435341281877816,37.705872304444846,31.69157547344012,6.403990868748593,45.0,5.41664378509647
240.3013328225292,9.853748766373212,33.58087337090505,30.35866460650441,4.128896829691066,45.0,4.736622631973984
208.3235665997516,14.073447466477177,54.96730447838812,32.73514276848266,3.954942506656098,45.0,5.914778388782208
137.76513309344193,13.980660761614724,55.11971971237959,20.50420234433572,6.441855692100908,68.495467981822,5.308555876938968
248.68273236282363,9.352365657546304,61.42188874254832,27.086218646349597,5.688545070362558,45.0,5.776305782557387
91.63639777373268,9.546227122205252,60.22330358271884,21.91033408412458,4.702628119090531,45.0,5.537680887355131
145.25856394834798,12.849083616359378,36.93370589909047,30.859137910944767,3.6400483593443074,82.35839797311617,3.357649087275044
213.8804743702353,12.919101751251322,58.51296811762941,24.6028984030124,2.7601059719450065,45.0,4.573266872806933
226.84152668964023,8.024959430318763,34.97095673861581,21.284691418307432,2.6321834451346096,45.0,5.2776272354421145
237.50763342522103,11.495788456619676,53.57689061927925,39.94755278638678,4.154786968516221,49.947354118544055,5.152489566009657
225.40429918192288,11.17324495924997,31.875886581314617,29.90605231715487,5.470100874294554,45.0,5.996188717778528
180.61017445836143,10.618529147236838,40.15323072673556,31.39585710379701,2.42020870849058,55.52687787684849,4.706269278404799
235.46058575528988,14.99471423272435,34.34152081190283,25.927208138744067,4.933840319138987,55.90545077405096,5.55175921341152
103.90100280706444,13.950352537902004,35.530032002465674,30.901859196380265,4.842105517828816,74.51448755413904,4.641410368727929
106.3477165067644,13.60743998805816,58.46718689210337,35.06566118679973,3.6762075065190087,45.0,5.678611148057161
115.71712266983975,12.324718381919572,50.47980972280381,39.61834723309478,4.07656745128247,61.64767586055397,5.23206190529404
93.86025442551544,15.083227454314752,47.63326454721842,29.61909107595381,3.4637421082116924,45.0,6.70557709828387
93.7180623948536,8.454526344358467,36.18992564582432,29.919919752558933,3.7972111481860513,82.22391327616101,3.5320710971287514
153.48882000413073,12.597210088171686,57.11731873425632,38.90851605215504,5.001236978830673,80.38303283588917,3.838865189150832
192.24950793931544,14.331003077601014,46.49541105055005,22.73458665594029,6.16221666690197,48.69431704454762,5.5861385101252194
171.1185538178461,14.422690263735564,33.70414124612113,37.379294615905664,3.621652275828641,88.28081876110377,3.941158630556708
183.24699028798267,15.632707264859622,30.11232008704876,28.566765744954942,2.492585958726785,45.0,5.764118861073033
190.3507100462816,15.149995722698598,38.81764934039893,21.96809701318241,2.524756278928048,45.0,6.012197096503872
149.15635939140526,15.477181015444394,56.79877266766693,37.94757443048364,5.099238068747772,45.0,5.779582545282826
81.77517054843378,14.916739580325066,59.7824603527758,35.88617385361253,5.918746599204745,98.3034005167071,4.490758199523528
220.17535120267323,11.586947967424363,32.65775139308522,32.074022402502806,2.652254261793471,57.28465091213526,4.385352347175987
166.25602984997238,15.71264458033681,39.67026657195166,35.3736940355496,2.6005137699585577,45.0,5.778654356968934
229.3712799173837,8.70496314056047,39.757371813224,39.77346075372641,6.336035444514704,50.29363004454064,5.392119120911547
103.10996227266284,12.51099444098528,62.63888272480115,27.340721255053108,3.687971920383779,45.0,5.219900930607685
110.49518170398407,14.121801624401773,42.16459023186194,31.354648473062213,3.331569480472825,59.13499278650532,5.520471884332233
159.1335435659978,10.138999285908708,32.62667186632778,33.645424383981194,4.648202294822788,45.0,5.901927057600519
110.6451316782413,14.015625824459308,53.54881172880268,37.37251341602432,4.9877522147773306,87.15220917854272,3.617866327607691
229.32795709086136,14.707497055692611,34.885261242748285,34.16027042687807,4.277808555630188,64.2593998887801,4.530932117996646
249.6975130760087,15.33091763625437,58.4812331287464,36.72860699655118,3.8574937024622735,45.0,6.601993328352611
204.95205985901305,9.972830955841436,44.47519136641835,39.80640033091002,3.6235302854907183,45.0,5.543687755161798
113.25413090961683,14.271110112073345,43.71883902015922,32.3817438217863,5.124453586947265,76.02794197448901,4.045396449537552
97.16417114562783,9.4673027226468,54.30792888907976,36.941402204143714,3.408585344928676,45.0,5.282463298950935
165.53270819321358,12.070260645120433,56.47645196354731,24.86408682373881,5.927939362061832,68.4266525207433,4.524454258384065
92.87095175005231,10.13485526165938,39.74097645274637,38.93279216685063,3.422708314508356,84.76542648407282,3.666710458180334
85.70842210652114,9.811233245354307,32.821291191635986,31.53609769820785,2.95304605866631,54.06734179566646,4.208857506845046
211.46859367544573,8.381304044772474,57.10737272582314,22.421774035847044,4.356279489628037,45.0,4.259408536457407
163.0625992043654,14.090518788654297,36.49788284954225,26.423310598140688,3.684452276112935,77.82214555268285,4.435979830418101
244.93651494946744,15.166076119486714,37.42406295361464,38.87064342551541,4.001603242875034,89.6436191116479,4.2504762429274265
95.82245624627453,13.711961229642638,49.729813428836536,29.24818962004997,4.883927937509074,45.0,6.242301526689699
115.19685234551986,14.620491062776535,63.0388586222272,36.06594797352754,3.967831664998469,45.0,6.190702696113046
191.5348170653139,15.85319043372403,59.108941579666,24.250009400439417,2.2002264531567923,45.0,5.518911643483886
208.7528356461734,8.604270820737824,37.48717722192144,30.277260451845283,4.192029574463822,45.0,5.361064430494865
164.90623483783622,11.049798083747088,53.20850014886804,33.93551480187816,2.3485755667988704,45.0,4.808651538864206
224.38661732845424,15.443634006480178,61.50447112659548,25.157141738129,4.277295444484849,72.100654492108,5.167917997869256
203.7905389708968,8.431464626024223,54.28361510631089,39.06764024276993,6.229337231527919,45.0,5.988151070084811
215.27231756720704,8.674331601367388,48.37969800526291,36.87569792181786,3.907057199530575,45.0,5.640370904148281
160.0274504320872,12.44190068436301,63.72361402739329,21.706358387098696,5.246394420423456,45.0,5.67794176810394
157.31090827313642,9.525772564540292,54.18817274614128,21.607861147705982,4.904303872543225,45.0,4.949121308074494
232.34555111218947,10.61471811203735,56.31017698142735,26.87246806181604,5.609706163204759,45.0,5.780116353763514
189.5127130523716,13.098446000504618,49.82701456458537,33.28140381780301,5.843639257353749,45.0,5.7106753822438
221.19522922719185,8.72198116015076,50.535005037900746,31.952017440683733,2.696291008052506,45.0,5.720769347917655
97.94714585792076,10.178710070296786,45.56482701364541,29.69819428813153,4.36193820207657,50.190636824555135,4.88199512198365
105.67104282351414,8.597423624724987,37.747884888176095,23.28547520799464,4.39198876765077,45.0,5.003429287107103
96.689840874697,11.025960552043731,41.76672616701195,27.63461849827025,2.0182048723589454,45.0,5.87857066588778
225.7448882880689,10.376895724996531,36.18036073221415,33.98305193653821,6.31909306686001,45.0,5.0850592529240775
95.31243531621524,11.825739965193543,49.32817277498702,20.32595769646764,4.712287116001747,45.0,5.862771163086331
123.98021834668758,9.68176699612162,34.70646616626455,21.199351303521592,3.3690243473548325,45.0,5.168416299208873
168.5640545906163,15.567423627499693,36.71024342427675,33.850583830403096,5.887248160817501,76.10521655568589,5.200147462933982
232.33363287807097,13.227507350503627,48.46047330661132,34.63913711474882,4.553575124028148,68.76403002551903,5.044093315740233
170.414292667052,12.074191547339035,32.89855932103013,24.064890116102426,6.108389487370132,90.65669887392696,2.9356779900312584
212.08202616348703,14.439595396245531,44.9172130917714,38.50384546412875,4.843654087797669,94.45057992191832,3.977113968304877
95.77892203782892,11.615369916548358,57.84118989045798,28.90317561853414,2.918253426023145,66.50419801121205,4.395793337103888
103.40913167411388,15.80834743832557,36.23238919555449,22.887350081117248,4.603950161691008,72.63836113960673,5.670196909789333
191.41590035904352,8.962948228201139,44.85393641787219,37.94479106636031,5.411696404862389,57.07064892080644,4.855152834849848
115.1745545764904,8.170164783433185,55.34983680091379,27.54656117569704,3.458525722531534,45.0,4.450315444370327
160.95245724533896,9.548829973584091,30.470282203614573,22.76437772989607,2.0628653650485176,45.0,4.94662729719085
127.83105097832728,12.055281468571009,41.44589278377752,21.071879972270303,4.377942306021777,69.3268908965688,3.62336511792722
183.67192984557116,9.98902865562902,38.19185275729259,38.46611276327192,2.001709434042435,45.0,5.572059261989683
200.19192117166756,12.139040463079828,60.95814374196772,20.9831629272352,3.108542825508027,45.0,5.495503552701607
213.5263358426969,13.280429177492586,57.86938976689496,21.71516665083652,4.698846040144192,45.0,5.804168454539035
194.1384619322373,13.38245446090615,37.165564066381926,36.91261865007132,5.762521290560757,45.0,5.706863742933214
162.6993478518955,15.721320251128445,36.04862234372927,24.40513284646087,3.9207767164000615,80.38166756879876,4.198705260802602
108.0675831181158,9.168668779605564,49.96216440263181,24.59559767383488,3.5725518527236666,45.0,4.586154020108562
148.96886094579253,11.065485342778492,41.38817548476427,36.71028157952576,2.839317972507514,75.9963476900584,3.3318749642124863
229.2513164554572,13.264074113066332,54.95187463547988,36.90011904717012,3.2296731854671017,45.0,5.6598794596176365
114.11344506816825,14.596348071194914,30.74820235279212,25.291458158537488,4.688336676672678,93.13156607965767,3.5617741724445704
167.96323281294968,11.34510196273385,63.46438979688637,37.828349626433706,2.573504605441933,46.80883991510088,4.110290787305055
155.77461230251856,14.34306291569389,45.15951507176937,28.247498333802824,4.539076182822875,82.38523431588844,3.629421951700535
125.15037055703306,13.595208306624995,36.84040666862782,24.81166897797949,4.294364991898195,86.83826283402426,3.952229841148312
160.14479476526853,11.40170057546116,58.87539734649202,31.622347465435933,6.15985966027055,45.06220416999531,5.153841904720745
100.85407493820776,8.167696001645727,42.01286788620257,23.822661901535568,2.4890185111685,45.0,5.117171190985511
125.41232056943863,10.471861389127104,48.97225832086784,27.11315468792792,2.0412370685021908,49.28991586731141,4.415369970980496
83.87053890727819,13.11675641929249,50.156698419643405,20.50195318839964,2.1347357213471563,46.99155686364088,4.7194373961482725
129.3678517852777,13.494535495687265,50.06304412500496,29.9815457048524,3.7346425203791194,74.63962794726916,4.106094933324379
213.35168440029423,14.48031261208801,39.408479664781325,30.463405455536822,3.690753003722903,45.0,5.549057080006316
114.38131305250036,10.791005811495168,51.657784745792426,31.124601828764696,4.537936047414657,65.62215851690793,5.051284685424533
234.5407345096408,9.335647137481288,38.09623478407995,20.56125115681564,5.677355967471415,70.0684106561925,3.6390941174351736
191.05749035346923,10.901289713187616,56.178567663207446,37.02479109996332,2.28893271224789,56.57259710218452,4.218560365609636
160.58224719042107,11.237250100101727,46.95994476618092,28.568868304805108,4.782099071720007,71.43582846377407,4.174991656970725
222.9771889923978,10.053974825540774,42.674080935623486,25.466469454238062,3.6141924984319327,45.0,5.18064881171523
174.00608427600545,15.449174240192406,48.80967363506648,39.48077429956231,2.8432814714644614,65.38523076174604,5.089384192140419
186.93814603436,8.448032434739849,36.21429352867092,32.7551999850609,3.865433855200593,45.0,4.995999460053143
102.30766574837796,9.845949390395193,30.078132488227837,33.88253336570999,3.355105078141952,74.9068025209372,3.7086398359299912
151.2895574807427,10.478306006722056,35.26591400802301,34.08322175082046,4.329374654233412,89.4594313933556,2.823536179451726
225.0548549413561,14.126393420050622,43.88172741702827,38.682125563572,4.195714157131698,86.42616807786521,4.021059571170142
97.14043401974332,13.666080934903944,59.32034072037884,28.60584489559648,2.9426029455164344,67.92483983366606,4.124797983370607
158.39038079134662,8.764404065214453,56.55849406121966,35.912084203931414,4.591543780215992,45.21672063001731,5.37385258331854
148.6247954340917,10.27997222129077,45.363401892635565,38.067477563087,4.103367508659128,45.0,5.290844517891047
144.3460825618913,10.598694019717838,45.00365161929032,36.093577740842285,3.4221893100592755,45.0,5.257624110328289
127.640870182168,14.638473824844834,53.721808449584174,32.22858889606673,5.545910069002655,90.34120406281056,4.372686473518336
124.49502790848342,12.062307471646012,48.84053110861864,31.524628625368457,2.1007910200461657,60.7878824506798,3.6201044599789545
229.5898455057532,14.387366043959284,62.60373150028914,20.878900475833422,4.154956646375313,58.14799825974261,4.988289005968221
91.69923537880732,13.06161122814996,63.88734159939251,39.44958024913342,5.68416341079975,57.4309945421775,5.459533161612021
132.513249498434,13.339254450062604,38.71792773784075,23.241755525545305,4.49779635400004,48.85631671061591,5.369940596091406
233.3786633285553,10.415151947525494,41.55410098453424,21.51593629590168,6.02581402412786,48.76345173017372,5.395954577780222
192.12559525081585,10.766696228673943,42.30284762630211,30.50411386126708,4.7111176393395455,51.17822265399487,5.02490119732278
167.14696990314678,12.769869469777118,30.947045611992607,28.63006998974312,4.313238423011614,45.0,5.663804938545715
204.8582640678245,9.11590153890842,45.651119046431184,24.32875333518707,6.291620649704815,50.3192787723862,4.372557090178463
199.1051980457333,10.428841418531878,63.501682542925565,39.29272375584925,6.326002332464104,45.0,4.604758470350992
208.53761944791984,12.4325305996817,43.73802308847358,31.43387904047774,4.826591381764005,58.02285344023398,5.414236983439828
248.32714046047943,14.327788830969006,49.48839999111277,34.11453040675497,3.1070970559798656,45.0,5.895156290516269
91.26363315805484,12.037926355731766,64.95912442314116,24.690400328298026,3.5077605173201345,45.0,5.53761059940325
133.22998246751644,8.813023362589608,33.47949781507911,38.1684883837902,4.261909194046416,55.30426068452714,5.349282212072591
217.5711625829037,15.165412098217708,31.039720684455805,22.21636544922939,5.595003077720838,50.7235536918291,5.666089708024563
235.2425638255439,8.12120412547957,58.1630373136282,25.128005012463824,4.850932792372705,45.0,5.436395374685366
151.11614924499804,12.530996768785425,62.24536571115795,22.082582324557663,2.894614997048107,45.0,5.457176828655269
226.5285802512901,12.832929566009632,40.76646938631389,27.95000360236389,4.801728052425736,71.95388724208726,3.8025845313699063
123.95392001405084,14.028802185951076,59.82448463045911,22.00813859348008,5.803959652543396,85.57979917648521,4.648640941919753
125.88128827926349,12.910295879805126,53.17994360252338,23.438266982275454,5.745647785792922,79.0937538630049,4.250470411955817
221.93080599909015,13.918952102264544,53.42784379957945,25.121161845493777,6.096382173063729,45.0,6.182665294674646
227.1399455581169,15.142029250440062,42.20251831233083,30.632120997926588,5.601953235005412,49.813219881757576,5.86756939786751
96.78402861586112,14.031188039706516,41.56048865918656,25.846040973238484,4.112925190227026,45.0,5.950510077010545
183.49059893639063,13.26661687375423,45.24011166854532,28.74020870056404,4.715795878189166,54.56182167054666,5.464546885944169
111.3060673463532,14.22779300671206,31.118480332100763,26.005816290744008,6.39097175450633,69.53654576552393,4.969096773608065
145.6954080487606,14.991883630853115,53.2339265081459,37.39076501507528,6.086600585742914,64.92709609735294,5.112186529560331
222.40082153838415,15.8993005086107,48.17211708525393,29.108924736324425,6.497020690139338,94.52047241094408,4.204637506153136
150.91471814205025,13.887390804601068,64.42661429703725,26.66912146632981,3.7107588129020015,58.38579089203003,5.007356604593047
114.79822047013609,9.320454827401951,32.53921843410724,34.88250126004108,5.399767728403887,50.91419459943347,5.473034508683466
161.77782198200867,8.472026973818535,41.07526793114698,20.16384965271146,3.4797981120384565,45.0,4.900399272866725
188.7708058848241,9.495863969253053,55.6460923869671,36.51061565914401,5.980955848432837,45.0,5.693086753056651
148.48688436348368,12.197337948415386,41.34056066718665,33.93190376337504,3.547377605786639,79.4585817713108,3.618622142764656
128.920708604043,14.043199278453756,54.73164842629213,21.74834361383009,2.0297129844648576,45.0,6.011012396335259
216.40191046527104,10.6754091970631,30.45914872680208,25.8372893882286,6.00348336464901,46.01438717327198,5.834202273455968
198.40292791180772,15.1027105633749,34.14292145293494,39.553493377698096,4.832320090593735,78.02564109129253,4.073322595679072
111.76511811114588,12.208870915579393,49.6002932521929,31.935876111128582,4.004746107553685,49.0179403155424,4.668224668563635
231.92966482574275,11.214215376466216,34.55252685270028,29.41283610645598,3.865148550962228,45.0,5.542499574406988
102.19817811647114,8.132172612967036,60.60679200183924,22.760437038350428,4.261208726402025,49.95366026890028,4.887920215981073
156.59858326902366,15.20394378296782,64.91387244413627,35.9941852343579,2.750384583371757,45.0,6.07662882154243
103.28342303046338,13.156550893019164,37.67633370668897,20.06392873990574,4.824649060730069,45.0,6.068557069135993
104.20410024676266,11.04336577201899,56.574871947738245,35.843875479682964,5.110212486218332,45.0,4.7846553472224524
236.6328594673072,8.487199319455064,45.84244205883447,35.46033256645808,4.939273285777053,45.0,5.399467801455621
80.09744407993114,10.3929952478222,34.36122862164005,33.570264649365775,5.066238729919078,59.0235745526587,4.67069285354896
105.8991061490873,8.995719184287092,37.98429283914764,26.82859540237304,3.02473345565346,45.0,5.232019442195325
144.96926723908007,10.915217885308175,48.90030514054675,30.96238331281053,5.499045674776957,45.0,5.393380946867605
236.9315134407957,10.406091259444828,50.63303077890736,26.80855121779464,4.321320512942355,70.04572525621016,3.84068221538183
153.40833186152236,10.391199282343967,60.52695015520443,20.8297594561622,3.546378023504393,45.0,4.98969998571776
157.67952779003548,10.414247742603909,58.27162761182379,39.71991889990539,3.1924984661366107,45.0,4.942054253591872
106.3592860223766,8.27211108564926,32.32151134845721,29.642777690636255,6.215571062856252,45.0,5.460026367594642
129.64721898740095,15.025229651370712,50.78877275012893,20.67731113375537,6.435285186949415,45.0,6.139316734923421
163.19905880436596,13.275116779704934,37.53118900378149,28.14930365078174,3.9173805066179086,69.88267334239961,4.824076476937634
108.78371032858306,9.867377731700886,59.709558563854586,38.47023779390205,5.824498719106903,68.35921499636181,4.010373723879218
151.79047466046848,8.85148619525917,55.56799712696744,23.116819493442826,5.320877368871521,45.0,5.648872194608533
198.89311105251485,14.30845528497258,44.29444290930584,39.3887331520863,4.13612787317842,55.922267493311686,5.862347273226464
195.3061747052901,9.842829210068349,44.88728342017701,23.94284938297973,5.965731145490564,73.79134681367805,4.200397461785884
80.92054289331207,10.701253995386336,56.66601152222524,35.778095257779896,5.967417820665027,62.5037359709005,4.815166485889572
133.57749666000714,11.509887093823888,47.29999724907694,25.804270942557576,5.243911149540299,83.06476899351227,3.98624040275405
115.56279531999502,15.37290812281853,52.420217587276994,37.80829788406152,4.887874191675946,95.21781707951185,4.569967489549611
186.3456097054607,14.399959799712004,34.441707339883536,36.989879918052026,4.410074065092807,80.30969846546978,4.240074773900254
81.69242948489027,10.678180983233885,37.19897883282967,33.62205054828795,3.905855273772141,69.82594990868434,4.439003238553359
193.8351875376247,11.767245751146236,31.814912712950857,32.591384953750286,5.6328163955597965,87.37419418309904,3.306791578384704
247.96606094806677,10.387623832277358,56.75867979042018,22.80406445921613,4.606181726492252,45.0,4.796711176387965
219.88222139584667,10.141140891633205,59.68628184745282,38.21229737684204,3.5382167137311336,45.0,5.231666231153844
199.82928210431385,12.409085621330338,53.80007985408036,24.588301400567893,6.43385015632407,56.17242960287452,4.669017543149595
176.01307575504558,12.11307369721203,44.65497411646263,23.89452262387745,5.383650163299755,66.02311024040782,4.675405237662964
233.90235404421992,8.428606149634666,31.327178384036856,31.00362196175526,2.1078882976583118,45.0,4.799070395865597
222.6944086392552,14.35480467814201,41.22563773450769,30.647178338933163,5.313104507166683,50.96999782447396,6.046949594277337
244.7643754760368,13.309258885662658,49.98538745678511,22.62516301606864,4.472860827018785,45.0,4.971411179066946
189.4944141004285,15.189933533887126,42.41092225778748,32.471794804262615,6.348920613379402,51.45104304359652,6.059867296391054
145.23211804894032,12.311791935507898,60.45356035284356,30.114521250517583,4.2429892980757336,48.74569023242311,5.547687564496291
169.1972272082279,13.899077460405366,52.23714530134436,31.27903324276643,4.812638303333758,86.0609021898284,3.643188650407904
124.8290838241308,14.982407303128523,59.03133791017312,34.45323379138703,2.455851068783196,52.11467348195378,5.0375097307758345
80.41216638658966,10.855068014866037,30.92854032818403,20.88036994997676,4.253968885671882,61.795084637595046,3.839515043522133
129.21587662694077,12.321915194157793,35.88619820464289,37.896847717898495,6.120898187055373,94.9834239249501,2.91560874757582
139.5233739769352,14.623742802144474,40.15606354152406,20.10782032220342,5.517192327814504,45.0,5.796915946329738
84.22141866338929,10.628686545130355,40.8379295416099,27.644610828170613,2.825378240151132,68.29311196261007,3.769295180673309
131.9986555501162,11.087682701846614,50.73527614570182,33.03375281140492,2.3221479263591505,45.0,4.91600095459375
109.1553358188322,12.672285182501897,45.01367670703237,22.26595517095444,5.873421639112742,63.09093256434976,4.797145381346913
209.3180986493076,9.8739335391552,63.742094429645,33.765591674096946,3.686752250117274,54.46103720254727,4.445179086994315
118.98845893599876,8.119922776658221,43.41801328170605,25.89754096973016,5.127305020650553,45.0,5.307068484555124
123.1550689650953,15.412739488809374,51.74247581818306,24.877263196491704,2.3891495683824626,45.0,5.7994067029718845
134.347835604151,10.871468930207072,40.6769368085743,34.96901096948754,5.820615091708334,81.60708054807748,4.01059988851119
201.07442321457893,14.545047115730792,55.4030173142336,36.97175223554149,4.845997503461547,45.0,5.1877796951564354
175.08730540508708,14.430028311350137,48.95942827898208,22.672434249055765,4.447944415405155,63.3962244549354,5.046096570657554
222.329503032806,10.356138134332925,60.07563896751516,31.555546711343894,4.902623684259911,72.10115230679297,3.781593089226998
157.20384865266556,12.946595764693694,35.39534598006188,34.52765679470975,5.495445236390631,45.0,5.877243813127077
218.71843137167085,14.345798099379206,47.03852957611608,35.71621179202799,4.204068930370704,86.25638431457638,3.8938348086979366
142.53930286982546,12.083948465760272,41.58794312639718,23.568552654066924,3.7752305071630734,45.0,5.257096950228222
112.12651924470784,10.687175362079277,35.31719319663612,26.42015936836348,5.196213532259341,45.0,5.491626918687517
87.92788073406439,13.134275527880796,32.45123954128009,34.60118076975651,3.1706296256851605,66.77281096883961,3.6431655728153145
95.3466358494966,13.263054100287054,39.21907609263253,30.616353453109717,3.543498732797928,88.64378370576125,3.809933527795409
248.9375827506106,9.91998904716688,54.40096234535997,32.49279198913875,5.178908650453089,45.0,5.759378380948309
186.59946170499265,15.407780915079211,32.24106910805805,37.12423811895646,3.4338964524507425,45.0,6.511351480191779
190.69835513356776,13.37048071412919,49.95771355691343,37.26336430862434,3.609626723480228,53.6614110560252,5.521669243716601
151.9772773493691,9.484575565355302,33.55091937479722,35.68141085851166,5.7687577948258655,93.00842635815766,3.196872595164613
203.76958566591708,13.336562174411334,58.76250532851213,24.33409273169063,4.303114385916676,45.0,5.742286338915869
155.8285503812674,11.710254360753144,39.26183926183624,36.935895518028,3.785395373039,60.10178521788683,4.399471243823542
92.63881279694483,14.154185390694291,37.55844981558894,31.50433872181052,2.7034430029466163,45.0,5.449115464335538
118.375229019004,9.940296975716622,56.23312331907738,25.391638218422468,4.2115389331591775,45.0,5.380686019383164
125.57386705410003,14.140247153549796,63.86175335066417,37.24514398236202,2.2694394843262344,58.80810613349487,5.068560042968246
88.67264372076043,8.275557528089864,54.15767244666488,21.83533535288537,3.21360089667586,45.0,5.14612694008003
249.1350270543876,8.61930820280584,35.829687625324354,20.62761210264873,5.528531536605297,57.98216302897134,4.29042927593322
180.34065801380768,8.245728944791615,37.8935214029191,23.487174244290237,5.069223925160751,62.04365601301615,3.6367553753835216
113.51313560797642,13.243567939732856,43.377922583609255,37.13837300883194,5.4480994078468505,78.14517413682438,4.877898194388438
152.55614568658706,8.753532263765415,45.23429476720099,31.80132692783028,2.3746044525005754,45.0,5.80966768608484
174.92252822315874,13.959951293767087,64.60807890427034,34.66132078307024,2.386010140545757,45.0,5.039951856818803
225.26395162788128,10.78032240953538,36.929200786351146,34.27368251246308,3.187762275607141,45.0,5.227326091833257
134.3874880675123,15.20963526986324,36.28600630348739,31.56849910600466,2.390842050740242,71.24022282375442,5.027684796453334
118.3066821838721,9.930000050627028,33.984005778536414,38.88086350413686,4.496773900982165,89.1999323412058,3.405453348525045
125.33595584396502,15.652736923647277,54.193783872354686,30.368147901846164,5.211177572632924,82.8793639648732,3.892948894363737
201.438511036463,12.833502543929017,62.888332410105406,26.853091245490475,2.5632092724623834,45.0,4.819758561413687
132.57317110327722,9.315208384957284,32.70748274089708,22.5866148252984,3.310016495113131,58.32774892727992,4.612438247771001
105.7155633394146,11.185001510556429,34.032530975558075,26.774256448818647,3.9013825498306582,45.0,5.110029996456589
108.7218017245753,15.159706943964004,36.50917135448024,33.23310897683114,3.0629252042856767,88.76754880916248,4.283902783094908
184.9374417355769,15.08666270070355,31.772150542973645,20.78284187347931,4.752247650329252,45.0,6.115081498424246
84.96540361135946,9.82366540711648,37.5947408663248,38.039429823009336,5.753202215473854,96.525611784664,3.0790264279610224
180.41371348720853,11.18143745482312,45.09912709326562,29.8501845602159,4.539998074997808,50.91898260299404,4.808566999917407
102.7350912181102,14.11763929732577,43.26207878191606,23.66387914910888,3.84088841333022,46.1774749385508,6.23435278396027
173.09240926194315,12.374571334790106,36.86805255072861,25.34871431604608,2.704772274326253,45.0,4.888063820519813
95.37422280325146,13.856238895044612,33.79052720883901,27.274240910338182,4.006127020605202,79.0862456897294,4.233300493929091
154.34892402060075,13.16851876804147,31.249688460562837,39.37949057635296,4.89496430213508,62.97387872729525,5.246378867512882
247.7320116800825,9.52151459279462,31.669291590633595,27.36230510631459,2.042829759183169,45.0,4.293670735524204
245.39925302025728,12.606823622888234,47.81878908382749,20.25068449936492,5.780036687819141,72.6540192931497,3.771510491960868
161.5191964936021,8.665433489022671,38.92130804046855,37.092596109826445,5.90207455692795,75.36215123776454,4.2389404401974975
178.87329383108107,14.853436085435767,48.12605283638568,28.533923330521592,4.336893078452906,83.25019270443383,4.402167242999368
125.59874018685208,10.205984404471277,49.54589154764946,33.38095748981045,3.982556966998141,45.0,5.005323736000269
225.9641706804537,13.78289446387286,46.54119530746547,33.7636102202184,2.6086735759631705,45.0,5.8628300222940215
160.364896385851,10.029242285990044,58.90966356959926,21.27460191219612,5.296914366874887,53.57579990349224,4.576053025460278
153.54539142056876,15.143910293094669,46.90237467468306,39.37090251457839,2.1621497942879926,79.35055654696359,4.841339353346098
160.7123521449222,8.631137966656347,62.25133999763019,27.433848340466177,4.759001342023908,45.0,5.205963799008478
118.9710512661794,11.89285339105874,39.17170969093868,30.400339082609307,4.072868333923546,45.0,5.389503008385946
142.6996382803162,9.71518332337673,34.24514507959986,29.711981537730622,2.021087950944473,45.0,5.236375360520729
176.50522802053325,9.317425603348898,52.05448092860138,35.54122465594094,6.422818850371054,45.0,5.334523765279529
142.1469079452893,14.49698392163127,32.73546923359334,33.720815129085,3.6874269724869855,92.90441467199544,3.4000816261358597
113.00853030007882,13.583097048936551,41.97074450366303,36.9185928877373,6.4621398886835415,98.15909975954672,3.091553078421484
198.53863175139796,8.521839787819967,40.42242518020572,27.565599726893527,2.3033368729618613,45.0,4.835287179036084
108.82012792968202,10.282494733949529,40.08563818118087,21.27890609802788,6.28856829787684,50.44259517509461,5.307926095955821
191.03300159477595,11.265110991365775,60.21750772893536,33.990563846139395,4.855901317739443,45.0,4.545203843443847
181.0118020040644,9.055952491379106,49.863389770478754,23.49089658375409,4.5164957797897465,45.0,5.327463443834844
89.00761493560891,10.62554923136814,52.26358443200756,21.075216616105724,3.006479299932452,45.0,5.645165548480826
209.46839072934708,15.030880641021923,56.12688462292827,32.31575055745779,5.419627553006319,45.0,5.385576433044198
108.76232073219606,10.564869106941988,54.76890402109456,35.01845423969033,2.9597237321599232,63.8036141538302,3.646153917512653
196.24660759951283,11.153014634582942,47.7131697556032,20.749445427339715,4.152369487924785,56.76645739508671,4.300173707947912
154.70361853455924,13.509264840703564,64.90514390836498,23.879121382895377,6.144688179879092,45.0,5.692211097803555
230.4756971436359,15.175336921579614,31.01070274782642,28.94529516368267,4.045450821984648,45.0,6.564297932597048
99.18498738739036,13.64253486404554,47.08747972541253,33.49650496773436,2.643519007007892,85.13279015957849,3.637002034684
143.86046563796972,10.53207186600984,35.869528056044174,24.66610655882784,6.335447695269707,60.7960244442183,5.144404274843774
162.55022823358047,11.30738896689833,56.212643465905686,37.83353924880376,2.605312938805829,45.0,5.825241518723761
120.73114968149429,15.696814638123625,31.17205676887643,27.82776018601835,3.285051318269412,45.0,6.309710242150658
133.0309659671431,14.011173191115008,39.91693175304711,34.69896156456663,5.96825141581258,76.48207979661066,5.479268623362522
144.0658371854678,10.413701276474576,32.06686191781417,34.4779366338212,3.8543071849271096,45.0,4.878914056253644
107.71618481998958,15.377460329409388,43.8602335324301,25.7731979440002,5.518519889483465,46.28015000920386,5.940839016731485
102.0124843659514,10.849070705118896,38.3294578750908,27.28954879083529,3.0173467785625228,45.0,5.3112961903335485
85.77424997226649,10.08317737406563,38.50055781227979,34.22014338006952,6.352857199072366,77.22367360007209,3.5026677478047814
205.0307234338399,9.032141030731736,51.62402602954603,37.93694912255069,5.76670215858706,68.17598580699857,4.497126119363423
209.17162231882745,11.34461971784632,35.99273587765078,33.07847421282306,4.067271186722698,45.0,4.814426070543574
213.19173478911105,13.466087324398885,63.16033885867309,36.56821138542635,3.131746811104997,45.0,5.709858870742749
195.25985335083277,15.508823046780776,41.28416031240185,33.53376107704726,5.36622087816983,65.93682124221473,6.261759552567215
162.60767846065863,11.769806659130936,52.18961529527302,27.48066421712892,2.6904442084615887,45.0,4.727530451075742
203.84104570827884,13.76508006199712,51.96113653399767,33.19710764579303,2.6199280900817463,45.0,5.917757344321528
115.67332231988976,11.37188819719773,33.629274963388426,35.920111965507274,6.294504953626215,45.0,5.716052505811902
108.33587349102136,10.079959160825675,53.68923411904348,32.72917681737954,4.7249089954329335,76.57754047109825,3.3936118559247395
196.49094766624432,8.935043468098181,38.47661439360664,24.03951444234324,4.2993538428726366,49.98675057264334,4.899738825084663
100.0258815510034,11.392950329568135,32.67775543216187,36.76053654148164,2.3459752590021337,53.39432122359884,4.941983146148798
134.09326615072086,15.38527946216939,56.51976443000504,25.161927533618503,5.295291971003591,87.72005964616936,4.039972946253312
184.06350127508608,13.864664761940803,57.31314782387251,31.048627649844853,5.600981930780801,93.76576158486094,3.0114185771925697
245.4572977228739,15.854174815746235,58.59158901283665,23.16997254878829,2.5278477541440734,60.49100632179787,5.158362261740764
204.62786479362384,11.809817455849604,60.5425574092944,28.448442034131283,3.62733178565268,45.0,4.973500973858036
98.00717674536013,10.81784191334156,40.47523803486743,35.863304903887226,5.903069117579976,91.8645741209669,2.885327060650714
242.10337428690008,14.037978341405196,43.675848880923255,30.792232381377637,3.014730648587096,45.0,5.852882159706667
216.53647709663656,9.653992533462173,30.73534869460127,38.82664912097738,2.46933678908408,45.0,5.650037526919948
132.15794671960384,9.559075857707777,46.149688652363054,33.12942968440888,5.148099647179038,56.02911055928801,5.235204029974866
205.2008736104287,10.930657963601275,58.9045730835356,25.911039562941824,2.0440846162017707,45.0,4.317107379346943
164.50902223750268,12.330273046177153,33.03565102583268,20.641230709628875,4.680624677664598,45.0,5.840181379265106
97.08648993168094,12.870125577785632,60.978220564974514,27.117455702765135,2.304727942012653,45.0,6.110109262643894
128.20721494053885,14.406148795418716,55.869222800886746,25.318850684810663,5.109856013298597,91.93264723194258,3.981327575854847
218.8361795590677,13.939936437238927,46.48366963873704,21.896866635225432,5.87580202472742,45.0,6.033379555068585
244.06305348932253,13.282683649238344,55.71075850382513,22.484948612279364,3.517734793559042,55.56200432372287,4.30374797454131
137.5757546083468,9.237050460950968,49.95184654634238,39.31431634934482,2.9228061879978484,45.0,4.389109749729243
178.22597120244313,15.053984230078148,40.60632148309375,35.649286664513134,2.6759334675724213,45.0,6.911177062758902
147.45752746513915,8.06480781223636,58.61889570455642,36.395289062624336,5.860760654156101,45.0,4.64598294307252
246.82486748148608,13.98430917930565,63.14398463680271,23.96552936426412,4.308572079201923,45.0,5.858037817881419
177.14439589323445,8.852470866693606,63.36221990087645,33.80445495468581,5.572074713520042,62.335819572857055,4.040997557371558
100.8137830695842,10.286726575979202,53.70275205803728,33.36995686319738,4.803356364874041,87.74099569389678,3.5474205863426813
189.6461290003366,8.43067603208584,50.20212069131212,39.16858439080506,5.092707546087191,45.0,5.409482645454855
217.1420950198138,14.747463080898816,32.14258231839635,33.41440375246205,4.0164969020981625,83.39916616403151,4.381942795366707
167.85475429300135,15.0735123899007,41.25755605219535,27.45252776486658,2.791699924652048,45.0,5.451260221719084
183.3770122637472,10.462043207680416,50.40204100608307,21.88781031737988,3.978195028870607,45.0,5.75848092839944
124.28189007671634,13.582500633244488,43.648080213980776,20.5151967489094,6.125566703163286,61.84741856116233,5.064132175535102
135.1682617093642,13.972340246891724,63.48194739493414,27.447765215928,6.349452058775346,81.23084495326343,4.4248897406988
144.37863200231178,8.843285051200475,48.00274130036807,31.08514427583525,2.941043953467352,45.0,5.658579481439615
226.652312879864,15.638269622424769,50.3054227679972,35.02006192363209,5.141881634414431,89.01742162903152,4.291083579238913
159.15070741184093,11.796648946897356,55.76913719711557,27.246676651208947,5.454369822551111,86.81579217570537,3.0784567280284567
172.25132418824887,11.96042925762072,34.64040609468152,33.073599623957136,5.205663687034762,45.44748334864733,4.608697191169446
197.97301732488867,14.970425802408428,31.055222608331043,32.39635541687541,6.080023353470137,95.14670274092263,4.099374118862469
139.56917139894122,15.701159186991353,57.71808346437026,32.560851880744536,4.491712000868119,45.0,5.638428134169343
109.01711180497288,9.072961863568244,36.13046427294616,26.983502627616737,2.0034473159451798,45.0,5.173331833718465
131.2114087374432,8.14622392620245,33.37385099414037,37.47289935097411,4.6571686190365815,61.08486101954527,4.461263899701747
238.08685278519215,14.1454061092066,46.4444656078672,21.991605675649616,2.2379144784304894,48.7244037380405,4.939067960638804
126.68360944282672,10.72519020476418,64.3366991309826,27.00783347416602,5.23121535219498,45.0,5.1779731748264695
110.85472257235058,11.11170314285239,31.844388167184245,27.407202959588744,2.596331403205882,61.935026821804286,4.613451875052254
239.2660905805371,9.92743612874646,50.75594554454595,36.735706149902754,5.798313676261519,45.0,5.6003537811076365
141.4160246531316,12.12441364993902,51.63679181367115,34.07315258165737,3.38271600529965,73.56208376492907,4.15682697840691
105.98491773716512,13.917875094885389,62.228092883152605,20.20549246541334,5.445561203538308,45.0,5.560615782132945
164.1294331746459,12.304759479849793,64.7770991069471,20.267768476862464,5.279725244791551,45.0,5.833515286296407
89.5921076650286,11.71751987505289,51.98317927669631,35.9256272252177,4.793453355568198,45.0,5.4267060270801135
221.649753084183,11.625468590404042,52.56866659397172,21.407494151048468,2.235095760503033,45.0,4.857030378550372
117.11713598452116,11.635959901397795,40.202182111861255,24.39006040581593,2.854834393817643,45.0,6.0587157281853
164.24632073408094,9.458956462164693,49.726034781101376,23.31123253684221,6.227953220150072,49.53800743203702,4.858932350591643
245.694492110533,15.95970477086791,57.08374864655258,38.14838602796086,2.407483824364204,57.64819415799125,5.059095379369153
233.0810113101125,13.812760147926486,37.73956338575635,25.386945683476263,4.779789566471711,45.0,5.832887194501119
243.04507811608389,9.187899092908154,37.637664643898624,29.11153821116616,4.221580252376416,63.23498393529704,4.743068024124345
235.02870361304184,12.97196430875587,41.10615206837711,36.42257479208213,4.472180232853969,45.0,6.097597474221633
123.7727152921657,11.672082274766272,43.40427826290757,20.595200714196213,6.398784973029343,49.05132875255188,5.269208560878013
99.19363639537865,9.91699733883247,41.36877763445865,34.744145095527536,4.429590127015811,92.76462582590818,3.0396780652088844
247.5811208195696,9.49970302221497,40.46063387022273,28.47672526724437,5.613791626462975,83.56211491276959,4.041292711909545
117.62615957999208,15.608592744854192,44.34044024048711,32.26909376426189,5.579826412724307,45.0,6.533014878079722
130.6381548797824,8.481413167125327,46.939121823102624,20.26163809140636,5.404450378201886,45.0,5.810440314190851
221.2752542021828,10.434336389893684,60.20543488662978,32.35208862440125,6.235354987398892,45.0,5.739972723489078
188.65655549555237,12.390804210208524,41.1154917276621,37.58095662013891,6.29708430746689,57.37573875261484,5.414513172736529
103.5479643505192,11.559654435056547,51.16417669035178,29.1932964356968,5.711467591611362,81.54456008419764,3.2942005408808903
93.44828697554956,9.343200705168822,50.5825808872861,32.89455186952791,3.22471344435699,78.3605769426307,3.299288207476888
161.26481094773374,14.220609911037132,30.20076592051764,30.388333710398264,3.691483946633836,54.01157311902611,5.547574013803224
152.11194254369292,12.41114116610172,43.559216862321406,31.837397096525287,4.8114852133355495,58.35226149093313,5.068642881171741
113.70230604015757,10.477496874826508,64.06380757453402,32.04430151319735,2.2655343210568795,45.0,5.050449800948156
115.9977579941446,9.273583457637834,63.8677874592601,37.25175532070385,3.67847329881105,69.69832058121126,3.606153180791431
211.99557532942336,13.475635684070744,36.317128676404174,29.94476832900168,2.610403070432523,46.621292658395205,4.777309528453706
86.10963614215748,12.058145262189722,40.31279997630274,36.24191656120375,2.495563213317749,45.0,5.166965185063168
164.95340825674873,11.57109559852865,45.65670098386644,26.87760725592045,6.463413527980532,75.7600690368129,4.246340441844897
210.7162997327155,11.856258708165974,41.14657987487109,30.711145142707288,3.827426702369245,45.0,4.939930718823993
164.0099697538766,13.013607029832157,60.67668279494636,29.99594479197792,4.041462699335552,60.31119536182925,5.211743241599953
90.69231868208772,11.864931682813973,58.04379566215196,25.00856337925796,2.098369391394049,45.0,4.787037380040975
113.67574232367224,15.085779123530902,38.168166135549015,32.8532039025534,5.912677789072856,92.67596683489158,4.80608321976148
116.65167506432024,10.704745710525172,62.74682691921596,35.7430534293236,2.7800418091918533,45.0,4.828002930147379
147.53540409556655,8.789330232344557,57.01355749225114,26.593857337645375,3.727770625458371,45.0,4.4317360142222935
143.39711096282224,11.449111707379776,58.53402870217198,38.546857300574175,4.0950789027100445,45.0,5.308371170692945
204.16147423115143,10.20189193940612,61.13261728885187,24.992960424058985,4.339982507669503,45.0,5.509520046160884
183.2113075295656,14.565500853505016,59.20229712412477,37.79319007601542,5.509699145663298,62.70925214773856,5.061692850858711
223.89009863025072,13.199100510846204,49.14895917865665,37.091661924231886,2.65576731683446,45.0,6.126886593829646
139.89429464855738,12.506534968730117,32.85479465468047,39.809170464805376,4.206188276284703,71.41769808166568,4.395807213422346
140.44209949451778,14.859675410242666,57.07412624905044,27.550215333256176,3.2513942155998192,59.44438625815267,4.900729319716649
193.71453096027005,14.046319900029602,54.97994781008232,21.062693804840908,5.619681630392387,45.0,6.056396795242423
123.4235257965542,14.637009248931683,40.82384794901754,29.5662433953553,5.468943112662887,45.0,6.472049882470696
184.3626073660473,8.315621606962148,50.06768275649,32.097091753250936,4.165770069775835,45.0,4.880788231624122
126.5275045363704,11.07004009551843,44.73174539594176,30.333054867581065,2.816066532091046,45.0,4.92958589575148
110.2112672883279,12.532432793290871,48.76958522580922,20.077495842389983,2.580350268953393,46.80606908267957,4.5234253809768745
245.76222501774336,11.154824775228128,50.61635971656666,31.28249755368247,2.547725485112346,45.0,5.682513105513129
115.06447857328077,14.966998847632343,37.66527880840631,39.95150749421886,2.7081776358625067,48.21502906052946,6.0416976900697446
158.62169368305103,13.603370302913984,53.02295432678369,24.26240150030912,5.1168664185621004,45.0,5.98382773182882
218.9999682790466,12.8460201269265,39.8643770218265,28.92348214533331,5.9935672403181215,90.18601185078676,3.6010334824017702
83.055002255013,13.656492903101938,47.655304652830594,29.588754226711146,2.059985667558007,45.0,5.544335863138503
110.24641200860398,8.179276275397433,37.090422408269326,34.684258109252674,3.77592824091408,45.0,5.925140897634233
95.9541336786462,11.00489277501359,55.46343525230938,20.105176686673875,2.676244770468788,45.0,5.06601860344834
108.37313329919736,10.228711503150327,51.57049077070149,38.651922482757584,4.204803244368337,55.754752796446574,5.048953678214056
132.13021656970352,12.799404323268806,42.072897731048414,22.974841695533115,6.450305667201256,91.77244980310648,3.173366764904475
214.4380617992321,11.41576202823092,32.61875494331375,22.42642548444037,6.06552504010215,76.2826941382224,3.3813255542179808
106.52069989031234,14.816341205868923,46.75269048461733,23.418047595728744,2.595384814668711,58.873212897951774,4.867187946363584
90.60853756844912,13.305521763585114,61.752908552466266,34.612825557593574,3.44544905059896,73.27984271912726,4.014900148008048
186.0528852603589,11.140922785279798,43.03789469596643,21.23054439831699,4.198993562862107,63.30604035744357,3.744025805492164
145.574044398914,8.436200157266237,31.37855500672238,33.578003522041776,3.741632638967773,65.79734548319321,3.6687132709567294
176.8167166889837,14.978313058001907,33.53171744066719,34.207150420949176,2.2152099251063424,45.0,6.327007882717103
126.10999415132557,9.232885593412528,35.77786244859122,31.68534247354763,4.687409720432608,73.40728782483208,3.732656538610734
138.85819724058615,12.14246187836031,30.84033725633732,32.28242520138153,3.2587693957592645,45.0,5.785720254373173
228.40723079128375,11.945317888828674,42.35940879948738,35.441946895752714,2.523921541985364,55.702120710105206,3.659180634080937
100.6273416067848,14.249037298670183,30.3608157943932,30.364331113581105,3.110804818967269,66.17402794130484,5.229378507758902
193.12807575268,14.409418953037587,34.73526662465336,22.89404333892103,6.397578712777865,87.49431804735042,3.5461760851797512
132.30740823120857,13.96350060111137,46.22756076512468,23.640112234444985,3.4593644349652584,48.80994961726264,5.817342650537948
169.43387172852044,13.585406332867322,34.40849466693442,22.736796805637237,4.9208052007818965,58.39840680432875,5.442524880888137
163.00078108037204,9.62027745923377,44.36593126243902,35.080956476046005,4.503637022477086,45.0,5.9298667800165
184.1483860925301,14.477369130173551,60.87490828127335,21.69780904404629,4.972981390690836,45.0,6.00807349483161
185.00295999515424,10.558642444798554,39.89288038085421,34.30958000425237,2.9392189944133014,45.0,5.459108169755867
131.61778966818892,13.362891279719964,58.46097178451879,37.93333362177206,3.3885746865186555,45.0,6.210268569393096
230.1088271099038,8.756649675822578,40.05808142457896,36.86900603277773,6.252170374475263,45.0,6.09268901326679
234.26321189115248,15.332646162435974,46.25648758371744,20.802891183069733,2.543298611019217,45.0,5.964630758963041
140.06685107000186,15.62881687486198,43.62085009834853,33.64281977609953,2.717838159612419,45.0,6.090234155379246
122.81537380137073,9.665165142777733,64.52297379047162,30.191116320283285,4.149332412845975,64.63789587498083,3.757562418140417
103.77855875527165,12.501301097629458,52.4282403279783,25.22260749144696,2.6739915175817304,47.69791824884122,5.466797746438671
207.77968787722807,13.955050590982976,52.1566639522424,25.596536136097864,4.781492901417565,76.00781837801193,4.154866441303
139.2832396428715,12.591349637796874,60.38850625031334,34.37019698234296,6.0147557751116665,68.5214849997152,4.469211034038497
163.8926077365854,11.465998823782266,51.86509576773247,22.87130681682947,5.781509732293098,83.6200414268611,4.1572704113281285
139.2247886017581,10.173329312395364,47.18302181864911,36.7709013703213,4.879567347182615,48.49134633759127,5.054970960971366
199.292274424404,13.643859772996024,55.60512804744072,39.40330913373632,3.395838627505868,50.48413648008163,5.256108243652839
221.9575379130754,11.79308577771393,49.64800604601258,32.80692290299217,4.491044106823386,45.0,5.291859034723579
218.4150326818188,9.288459712363336,60.71316894428109,25.30868569769481,3.7652630233337527,45.0,5.108088853457289
150.66717352416583,8.171351462865381,34.954018673947374,30.24798390222823,3.970092914304804,69.32659703562678,4.066191297129105
164.04926952285683,13.367201582863231,60.34684194662332,22.72346806969707,2.312897246478439,45.0,5.742384364137847
139.4603734539426,14.032372506257056,57.606183059800415,25.07346537455462,2.007931629718738,45.0,6.285769273981497
163.42998512870315,12.174651278111416,39.6778683491449,25.87632258589069,2.534617804766854,45.0,5.2488459850393685
215.1946956107263,8.213490308074888,41.401738473680986,26.91661644555855,3.784004540285834,45.0,5.511985938495618
181.86480303835287,12.70084433403121,40.961279745243246,27.153265797733653,5.473488158045347,45.0,5.878497657526173
180.51996748059224,13.985904946606848,59.69386544098924,38.745785544078565,2.9587013148839123,45.0,5.34321250414482
189.14460346056185,10.666481892831168,40.1617461319528,21.781985668430075,2.58469776805322,45.0,5.124109731416457
138.09095255822,11.163981726314152,57.817827964203886,31.652950763577664,6.119712045992925,45.0,4.577146647232485
224.76959555327247,8.074072020763536,46.147452157657455,21.149135680529863,6.238780806187221,45.0,4.930523481396749
166.09520732621257,13.256276339221335,37.67265017115312,25.089970329600355,4.720217524395285,45.0,5.991552786227951
152.52486785360838,15.408416711270409,41.79705977972637,21.15195535247606,6.363044965398302,47.75425280287627,6.471329578717569
210.0156900524181,12.524582701510358,35.021821784838075,32.59816741985302,5.060451832590795,86.91804832869018,3.518313104505878
236.52401208813947,9.775545929741313,47.07606608244679,24.7275842142478,4.216866641625588,45.0,4.925770664517231
186.23034671241857,9.619567976763785,64.94129230814511,29.898222365757825,3.78512998508283,45.0,5.309260745516417
172.3044714107483,10.154896250722608,51.44014745672979,24.225008033569505,5.976511026057167,45.0,5.716130667149594
138.69225450754394,9.611277565191951,52.046701342373,35.77646364742384,6.022284741979989,45.0,5.257176489612808
229.8729902120961,11.459816853745588,50.4620920933034,29.323647067607684,2.9280561472629647,45.0,5.166885620053433
162.80231787528533,11.139558000554128,50.14921649546078,21.604002778129008,3.096150645745272,52.63598130936562,4.367438307916336
113.26956877886695,11.517490490482922,52.13537233709182,24.36697817841869,6.07592465948696,85.23735797063028,3.6920070691256055
205.40375740292552,13.059299413425626,56.27473455144715,27.61307898586145,5.450724343495993,45.0,6.038233123462508
223.600689060888,15.92630406880276,33.48343156324155,20.133430554704898,4.980543557391383,47.31391087354808,5.741838863180658
111.0201209018926,12.468388479871445,48.84391093970768,31.84115288193856,5.256891785835638,71.56591771599179,4.193616298990904
116.84746235522375,12.1607635104881,54.76677838201593,24.54192280755011,2.073220472020118,45.0,5.385609225175968
240.59671483698625,13.469476732887593,35.53487238716687,26.1061381737052,4.308320161400415,48.7552533302748,4.649793794460674
147.8100527113977,12.998153833685256,34.27437241256384,23.480527709567887,5.444927139820797,45.0,5.379292479291324
134.24266198145304,12.585759863177342,41.15502489838691,21.394739708928967,3.154847478400617,49.01496535858221,4.2394706905575
231.89752926318712,13.508663379987915,30.300253284792607,30.7201567592449,2.7137502986702344,45.0,6.029830789931891
85.46645125717556,12.4789492387684,59.95711155279275,30.689098462397705,2.2187855986207405,66.48188489019411,3.5579159695183984
204.82948657311525,13.90752941410162,38.57879663857512,35.33826375984804,2.4968975783118434,45.0,6.367635698120003
82.1405343848044,14.619654422142457,64.19023151955378,37.221219387209615,5.1151209930859824,73.12704492665753,4.540025169785116
222.8676559226324,11.59847933027276,45.490658242499975,37.42241700560322,5.784981825830137,91.61761224213882,3.6443068788838313
168.02102225012038,13.462680780208276,53.5274807625339,28.001485212223468,4.5124376698949735,74.08398843866762,4.425817854175403
82.7847054901531,14.9344361170632,43.04840755151868,37.31418144585339,3.18673282045409,46.38197009688698,6.181988629723719
199.9323063486475,15.350137856478735,38.12034052753595,20.7741290961446,4.957026636406627,68.36808898989023,4.9109465261409735
169.62598699026756,8.013986683236299,53.37562075206769,32.386796738564854,2.696784117784946,48.13017917920156,4.227746037476908
129.13084886239437,13.032720363702795,38.90319305479287,36.91611005301905,3.54368983463546,45.0,5.331849614002131
155.3956012114948,13.287608625825229,48.21966736362232,23.627542984865133,3.2167960759199814,45.0,5.329564580524083
136.0056218288001,15.882481420750183,61.14723121261801,20.72472454605793,3.5161803606859507,48.33191634956394,5.89978580497204
245.22475385602732,11.08371142900219,53.30902057906927,34.463903548105705,5.998917500039301,83.79996032027873,3.644936733160792
234.88268043494668,13.049126774922136,49.296969039091664,34.8197832730948,3.9141996069813354,45.0,4.307549454706869
186.8967353387332,14.050326113398144,51.97399771747018,24.37434116419037,3.9723814691411943,45.0,6.233716234726447
142.0696203919491,14.431124699350764,41.156576981123976,26.696882958466453,6.42199770620154,57.19379208366468,6.343767082475205
159.99111594156795,15.415126025096098,60.21041121633387,34.099131357769465,6.267741095221345,81.07607931868807,4.602791598798157
80.35443183907933,13.884021347544875,62.532911943130514,36.55240404737688,3.8966776968296655,66.97643415163459,4.9073295731837225
147.3423986541219,13.671755893415142,54.749283021582514,26.45948577559313,5.195631657352838,45.0,4.859829493277532
178.68406203635152,9.809227308624624,30.018059050169075,28.72858868726105,4.267792099009782,52.64698590186923,4.381418782500886
129.10834109619304,12.679832007719073,38.56610646816889,30.81818353782153,4.302632740115399,70.07487482005344,3.749095634472935
163.5282053358666,12.993904434514164,64.80361811575443,31.32098810763551,2.2542381822473607,45.0,4.420593619528078
96.96738576502072,9.970168566059652,42.175022257755536,30.652954455070347,5.506205284417828,46.60284886540892,5.179984005953243
154.23092486058573,13.613708864042335,40.734389007014656,24.655595467355507,3.040757470001596,45.0,4.894383256077735
197.46601597223028,12.88846030572849,42.74363879975638,29.30790608694977,4.326852799638118,85.50055516023814,3.3636616157570822
220.8393975245644,10.771918961157406,52.17089889856726,23.515142612438964,3.5950015185352115,45.0,4.908667489539047
89.88596652334067,13.806484417193802,46.84711366260609,33.21848270112579,2.627081642482396,45.0,5.913977437428148
176.39958832500082,9.391378873886442,39.33069730075203,28.176898285781974,3.5975973495084075,45.0,5.334042178421477
134.06983447742863,8.92129456511903,50.70363831802389,24.07767312229256,5.50510659748725,45.0,5.565996944862334
218.2488112241869,13.022903621440229,30.537840836279702,27.99410449945282,4.90587781430019,90.76445816591688,3.925770454628077
92.4882816995421,15.725226179303409,51.21719095170599,31.894949494529996,5.771405890234987,45.0,5.746061352746832
133.9461673103002,8.70082771479161,54.527134118018765,24.47113577758421,6.209370574943788,64.29190120358302,4.090189460218484
216.18380883272943,8.238194187447577,45.49321393388251,35.573191639031265,2.8961953001615792,59.21201893605814,4.811652917467876
167.47074748918686,15.458643396854251,47.90483209815643,24.42155550139605,3.241215274233162,45.0,5.3821203322786495
95.22289886427136,11.544451065639723,55.10760799196341,20.06170945353749,4.438016583489311,47.74932278481333,5.240204886416185
200.59472032356555,10.644104608675017,43.53098579489998,22.765733205023466,2.386469421862162,45.0,5.094768486021059
109.936722499136,12.987125933004316,42.80257146002936,37.61099764757478,4.533070393396472,92.9250108342511,3.7269675901121126
223.74420121207237,11.725281509149916,34.3780121276162,26.46734859889605,4.0215404679274585,52.12275636476906,4.887973747199066
235.3255625650881,11.017766651684957,50.84250724863158,29.15881664476798,5.415272393052707,45.0,5.359487249904765
239.31646382062985,9.857728940002266,54.31333030458278,27.472467148129997,2.022202529422957,45.0,4.308425732070598
89.50320032973102,15.927205120251408,55.54929822910573,38.63627215993745,5.252651418950916,45.0,6.297631227630937
162.97249121600333,13.661476202194567,33.52253650524084,36.45040967953645,3.294873291959747,45.0,5.703034901866811
162.30619175157307,12.823096986962677,58.25967110427922,22.474497143593744,2.3228927136433373,45.0,5.489806948078008
90.83886443809575,11.902715946286182,63.39875456451219,27.7896469686118,4.296215683794994,45.0,5.423358635955575
178.9775595325896,9.796793302035017,45.52697620567715,38.39507614230038,4.661674347677863,45.0,5.469426437401397
100.36549997548111,10.885893512000036,36.67251383308564,30.00058393401141,4.924175843058869,72.02373410243274,4.169224840755076
233.41183000615783,15.23088574596639,52.36544565086693,36.97362583265669,5.923997222347779,89.42982331747521,4.03723110580495
216.1579155134822,15.347337892307143,47.40151756587883,21.71980077556529,4.515322206725983,45.0,5.797616038082433
187.60606970249745,11.68625453383344,53.08206251910165,23.00221094969265,5.822594426664569,45.0,5.416134835433978
151.72556778403873,8.208896589374746,39.61224530746552,29.47163420411925,3.6338261187726575,45.0,4.758657632794206
235.96985826948924,14.08814600697482,50.44380553630413,34.666908986930345,2.6058222599884013,63.96025839744735,4.960212643837241
244.64371532786657,12.408059344071692,58.50167319054266,34.99286153322533,4.815823255627629,81.24601714825769,4.028983100374526
112.8452934491634,12.431314242978026,41.79136391508,36.74391879968425,5.740919189352556,87.2801316801137,4.367233106364076
165.689173222975,15.153760300043915,40.10314259716214,27.57695604060805,2.9106925923815243,45.0,6.505468433035505
228.93589053161688,11.354694199792156,32.52959955273618,30.815588705353992,4.73049306517386,45.79637007541479,5.163383751352362
126.0159803191072,12.654987055279026,62.6234531807483,28.16531343410072,5.884259588713222,85.76049470131599,3.4842552641451374
195.90630657951107,10.052359533571108,32.90379731405869,21.63399969272663,5.385285980378671,49.25213924039416,5.245177178686087
167.2211622672259,14.850275847314858,37.81070679089019,32.604799393945115,5.832890616459814,45.0,6.096287727956918
159.5880015996147,9.646378207609246,52.20773771269198,22.0599341918633,2.932220133143826,53.131824450246256,4.092325803309189
171.14346531709597,9.71978225626143,43.76448824082488,20.191065175774263,3.5153166722266147,45.0,5.722438076503265
202.68506560511744,9.541214299951122,42.497755709080806,22.09866833738776,5.760081220994776,45.0,5.199705844656156
90.011381958724,11.652947747984246,58.914770381028056,27.534065688976877,4.002683919034116,64.65671769440101,4.125235259076728
247.07622188131307,10.52951254933253,51.49672203656618,24.50759403307985,4.546487062262377,45.0,5.000851408590702
160.5493348415758,8.020783144995775,39.25143156442827,32.871356270241705,4.695360103230987,71.10695962890077,4.0580151739730725
172.98852761260062,13.992827261824484,48.754258922037046,25.75156924898885,6.497591575417608,46.668599977145,5.273603172203231
130.42701972453472,15.024478815117336,42.023048431384446,36.01781250891115,5.218626331992043,45.0,6.081829460325741
105.64070599113816,8.814741371380403,35.672011213228764,25.34457282222998,4.2882462934652725,45.22950967796798,4.8289126676105445
180.7772268727163,11.632364694323936,44.56640236022091,30.14633855027988,4.641649431445497,45.0,5.128632346364192
219.6979305489743,9.063810928014274,40.02677936136173,32.08217122263398,4.090960100598929,45.0,5.145250545985833
172.0178028987387,8.270823903008617,46.53517563691744,31.73138618092296,5.267169331246655,45.0,4.581013922085284
224.16251781161253,10.67056620581944,45.4499047314518,21.85577052583452,4.626853465860217,45.0,5.186261989073032
179.3908568755968,12.892218147815871,39.6736651394646,20.818436583727287,5.473348122792278,45.0,5.776823397622357
221.80708461767355,14.37297022317518,30.322413281536157,37.7073877485069,6.044733474856469,53.20539561588422,5.296560949667446
227.35602775962687,10.886946979870174,41.98146157898089,23.873627769917796,2.3344030234457667,45.0,4.680250693527016
120.27999208711164,12.168619820544578,51.445011655595415,29.456271028641844,5.743058950713939,45.0,5.260889542353831
141.64627103737092,11.58498388100078,47.83537123924048,30.62939626851465,3.0481259744557185,56.52030324087476,4.596781371634937
144.41218972391334,8.28050279629639,59.49132936674626,37.33703785112496,4.827870685307939,45.0,6.037063956324289
160.5607382856942,11.259375484374926,48.243213389214944,27.13230064308004,5.368735212326281,45.0,5.41204982366156
160.12418055973433,14.344460503015773,36.25759611425239,23.244231968709517,4.691383238923123,84.33862841621897,3.784479120276261
213.73324284099604,11.918045907018186,41.507048052758506,39.04824495486603,4.223228827912416,45.0,5.639525837855235
146.88540345189074,13.550549121848192,35.525303339068174,34.997873638851814,3.233558871846395,45.0,5.839656172521339
203.80721374517125,8.477666232440564,55.27311954958692,33.96614786910426,4.922287334311979,67.57837835149454,3.7961682656308033
202.3792648737744,9.73010951997373,41.73362302612594,26.14773591844705,2.6891056311122146,45.0,5.470018759556031
132.103754046652,12.180255597571696,51.81154918120325,30.182285057968254,2.6397695798757197,61.36825899660556,4.219772647862258
95.42980154757528,15.03772118410985,57.662959814685095,23.07994966602677,6.300302287391174,92.6501724235453,4.177429467456137
207.6514457483942,12.37179359017836,30.29366189472333,24.376302864918955,5.544888510613253,47.7025460922186,5.228927481521787
162.28311412006337,13.538985867049345,59.6650828449588,24.43759685805554,3.034483063069256,45.0,5.290512118363294
224.71210212613485,8.549253223685891,44.518423216961416,38.108239903851,6.225129565511022,82.55179429799396,3.543193550176758
188.2818752801036,10.562841439471663,63.7531365715315,31.02347099747804,3.472617926823085,45.0,5.16411191999359
177.2742186614737,9.066172102965114,44.81459393187672,30.758476691564155,4.247943190108401,60.72755686220246,4.600494720032756
102.60971733678228,15.496130878395398,34.0344214406616,21.761757720341738,6.306318919109659,45.0,6.613761819103772
135.69812932384707,10.811729203581177,51.99339104063702,39.87495360794984,2.929736016952368,45.0,5.806936259859288
193.81445814396653,8.289445872371441,51.31477315220565,24.14756135881595,2.95437718897456,45.0,4.12124817456044
129.8993352793643,10.864793923498349,39.795473481433376,36.0474138417391,4.609488022767854,74.0882525876657,4.441692800683178
229.9957402694507,13.515282564795337,51.66890140623515,31.239792461851994,3.4187085505464374,78.80253274477452,4.548543662524819
248.71267677576267,9.3662131938771,31.386826353812697,30.33964032691997,5.88870810233087,63.54872025376979,4.072145611259052
101.6831589760364,10.733548798743824,54.118634155950986,28.73609064614952,4.360135234126682,83.57546651034741,2.9129611604669616
145.83103892073018,13.293115310474672,47.11032829218169,21.00847894344046,5.5875135627741885,49.62003180076282,5.568243306484862
204.48567108922936,14.462278749213992,53.94523963619172,25.04619869899085,5.816095765955287,68.53824820837482,4.983178859518127
106.88118771648536,15.86616623701146,62.402373866884616,21.60163394483949,4.001025747704934,76.09861922292893,4.772659350253409
248.9243064075482,10.223320047293772,35.92314653918399,38.055657492910406,6.099016141251055,49.78896640725387,4.9193660377543535
162.71878646670763,12.284765498705852,43.74397265381421,37.12100047371132,6.444578613488531,45.0,5.158883069477025
143.260568018044,11.999120742337208,61.25376175436936,24.26739897554603,4.38745491341695,73.37310799275426,3.679034544471107
134.25247402232054,10.764611868919172,51.13370835227735,20.41268380718464,2.673870556785752,45.0,5.349385386895696
112.46836086771216,15.577584766070483,50.76508716948795,36.53550603536871,3.0256561491896274,89.7770383438531,4.680946946409686
222.7695659919388,15.603538130629168,34.53374615245909,37.36510360064143,4.393465641962225,95.58504761584028,4.398337574750625
217.16246843367827,11.388484247603474,56.48514828575698,29.238982977564653,2.5222927745552197,45.0,5.441926220002397
150.19192016390758,10.742663860604187,40.5285779161195,33.15129916747753,3.7673227900544513,59.68503415345842,4.929602157784953
209.6150844829052,14.114851810655455,48.433447312352726,32.61516351223541,4.322207837207824,77.58753635072158,4.130934513938114
208.9805621664379,14.655162036638348,41.05832454868104,27.136154812104863,5.931210404493806,84.70417364060778,4.723036860760438
172.957195255282,12.125814131322372,38.589962226932585,38.12798842086431,3.061109411707993,70.44619431410746,3.6816660502565246
85.52829343503475,14.989061475644345,47.41457845243921,25.616615184270085,2.967257203574837,68.60478160852124,5.364814279323213
118.82893753034556,13.551482124449842,44.9829658549434,28.42202080808625,5.141282567825556,45.0,6.016088843606056
194.6194058468086,11.431511465520892,41.39887859775863,38.37776771169084,5.656741717427889,45.0,5.785166936918374
87.3532325085977,12.402197585831615,41.23915599018125,25.79438742817344,3.3694445271008844,55.665120630220045,4.464991370539527
91.23506331916688,15.894089673105356,46.33837271777074,35.93610229954204,5.258775726605476,97.31832079898189,4.1900739841638845
190.32998703827596,15.48007491097546,52.185457974839785,31.98378256329999,5.70336893483953,96.23493059045916,4.502258664415272
243.4976590136673,10.070037233985044,52.79745863567672,30.063623525911844,5.935840815690781,65.8838175104889,4.440352795132348
155.0796722207599,8.572573593024119,57.61889780720795,33.119291733371,4.286715794992414,45.0,5.580814271774301
165.906825566394,11.205155474610557,32.501464329567746,39.451780397764296,4.229911118306594,89.98574323163744,3.309243740013339
94.60002480523494,13.62480870474943,53.70639479967922,33.40146765487563,3.2698825241897675,49.42776364316445,5.54430593624814
135.66628303715694,14.305898952721034,57.328580421016326,31.403065591941505,3.7616567218697865,84.32342910285054,3.39088762898264
180.05953500220068,13.8962924081602,36.30678849115409,33.448450227923104,2.214624021652747,45.0,5.783447072319055
194.23124810989745,12.83416446642998,60.68275636449309,26.067035354347347,5.95857031105311,83.69885093994178,3.56097238987913
125.7165101749392,11.39840961187562,42.876562977568895,27.7557824930034,5.305849237003592,46.67325970523364,5.132038655167166
114.71606724878971,8.586881570201285,53.00389945799857,30.847295157682943,2.4848581543332293,45.0,5.333557839976084
92.2738787565953,15.645399819183345,45.72263682632335,37.338219835622624,4.960603742388591,92.35411681281728,4.447228109293903
226.990662289907,9.068108336296014,41.84367127783859,37.44637592420794,5.015072937492316,76.53607296882284,4.451641172330624
99.64696663030118,10.027984668092763,62.18504690244956,22.75402849119704,3.313905988556247,45.0,5.580780324427329
231.4462405283642,13.48849967547122,41.33622841355575,20.642921711583494,4.375375819120075,45.0,5.663195372669275
208.0241702073209,15.83034237147119,32.41966614195011,27.023731290008428,3.9475429583637576,78.51686535900087,5.310564786158902
247.60877556953213,15.091893620789843,34.62233447536239,32.158152891284075,2.306308575769819,45.0,6.7504804367925
224.740583662186,11.966927403493871,43.47881979453095,21.27059765479419,6.358128192862576,45.0,5.366133206275521
218.4880750819505,9.700496804466509,47.11218256315358,33.47871917070856,6.266012207348785,86.00825208928428,3.300444739065004
225.84394832657117,9.574306716393794,56.43777162035106,28.373244985732946,3.363492643959389,45.0,5.590376590139149
151.4427377185031,14.63648263381956,59.8112950937295,27.44648283685601,2.977244723110436,45.0,6.538674226643343
136.8222158007474,8.757219281951171,42.35703760816163,33.9717723208765,2.7467073692546324,45.0,4.168410150847915
163.72972774785774,11.876478238097938,58.56939209442975,39.33932045374162,5.610715944572332,85.86944584552474,3.5637860692775964
114.69731611378208,12.681229431105676,33.31763153963792,30.19552244760363,6.0556514028273085,90.14795393798268,2.9392320140811394
229.00858370373837,8.059622202761078,63.36822882631088,39.368341449861646,3.346125305229499,45.65252513630278,4.762092060569663
96.81477652442912,10.87375988918107,45.33015464525651,23.542424719511317,4.098305630473572,52.64828294641541,4.946990901276517
188.4263883930336,13.250969427788275,63.15686855988067,33.08728941832412,4.9170808613017485,45.81871320238925,5.011550851957152
202.576893620363,13.549842570469306,52.3197386128392,39.6398008688326,5.466414931991421,73.3836406904458,4.165576481145978
184.9919649547712,15.943086134844808,50.13028646759949,22.316521039078346,4.585995731280649,45.0,6.859404616903166
119.46035098492032,15.349211522879942,32.69894252677638,36.04139805916715,5.641878767492602,66.88018410560298,5.265280006353171
204.2461000077776,10.49753169185788,39.44863489909514,25.73883072938048,5.118649089573228,72.78864485901553,4.056327213977375
246.17826352967265,14.884257590994189,38.82147075731351,24.98682548275236,2.648913510838156,45.0,5.783289901245645
225.4727546343724,9.415014365207083,64.51615848265686,23.60011593176967,2.500910285135037,45.0,4.855611619572301
119.23064387190772,11.91775479094991,56.53127993161158,32.01790140862497,2.102587933016854,49.50618937127456,4.2764956608207925
100.90815934851445,13.378357772007586,43.854883867176206,32.0381769052852,4.613760944799793,90.22949491344292,3.038364858074648
112.62975491973296,12.62406610003242,31.992786074712555,32.824109704880165,6.415282822233141,77.84533996878594,4.244654798899225
140.6971480981212,11.322508836416525,37.21496697069775,23.69816106402361,6.481328681769307,45.0,5.132952307470154
247.8358367918184,13.064977208713149,35.76713249763708,38.68785107160733,2.552711608787794,46.38827455824217,5.142929835257553
148.2765009431238,10.508678538626423,56.64504753344608,38.12524303042156,4.830051207556093,59.5688898283243,4.819874119129935
162.85901887357278,12.793158766113242,60.33801379513899,29.212240376253057,5.5005292943445045,74.32178948841289,4.1105599720530535
164.1056729263447,15.726514295585927,47.9794677995702,34.89418905698932,4.726018975409271,45.0,5.3739028474261845
149.86569182158578,8.183901722454893,43.12484322178818,38.35105295120187,3.86182901017364,45.0,5.044590102108918
243.6031081162897,10.674054243666951,48.559895937816506,20.002745819938237,4.664463169821584,45.0,5.446830640160855
124.09589118232384,14.251637893200764,40.77268676559997,26.9765900645827,2.836984372003551,55.80315540299539,4.40380749637159
208.3838337982995,8.078721272989782,30.91885479000217,25.72655152674336,2.0757936816856306,45.0,4.677702446585849
245.3517144475732,10.059704011699312,63.05475491480334,25.727518208403723,5.911576873205349,56.283187518018586,3.6552614958214136
150.47653751124767,10.080150170418548,37.30482846391477,27.43580318797834,6.376449886316951,45.0,4.790398731625929
117.15180966631824,11.836907278531717,60.09983839279922,39.25441552904066,2.0897861871812364,45.0,5.375125803313794
119.74352364294268,9.082322271332714,40.73073832918873,33.65966123212361,6.090720220922769,64.13906886527852,3.928320142903389
226.91344421266805,8.27105174202339,51.9892662347429,25.14813433679861,2.9809239878469955,45.0,5.274779505945622
165.83264551093973,12.537083220934482,59.333893918884925,37.59611593830553,5.191060797745479,52.41876603176252,5.863817847768754
91.01746908553564,11.5874575773818,48.92554422118885,34.1644324795893,5.103169355060237,70.2955852416411,3.483570746971655
108.4675797606322,14.50503998200208,34.839576973192315,36.1564911713934,5.516064614020848,99.0,3.3762213246592228
131.91647386905515,11.662779552517769,50.13783775008462,32.908382982299734,5.0672455311004185,56.10795123542572,4.54433504761038
208.4122751282561,15.357865823505971,58.825624183319576,27.277428995680072,6.364491122886028,45.0,5.205241102568811
172.38449664986342,12.462013373175022,49.87467482585848,22.30377580127619,6.024396010128046,45.0,5.664012905399499
247.38241496940256,12.373810013503329,58.82888373603073,30.849065185506596,2.861599529588107,66.71011061706062,3.9299625438805097
144.2101454904007,9.2209812064691,51.17587799114855,27.3337590883311,4.018590334334539,45.0,4.99429354884346
198.99383752000097,13.108030368161106,41.4834960853136,26.14532141558199,2.9593664334412355,45.44746314174939,4.443154548436118
104.7077177824961,11.56272496724462,48.40333881200839,22.968864654422852,2.1464670211646104,52.81973499104791,4.856752574877931
206.49859587281256,11.783999094078798,38.649232507764125,37.5882000581928,6.395499003192464,56.37961807382902,4.35240286705925
181.9280391154948,12.630797118586294,45.776920838520965,24.8000599352723,4.63526885275596,45.0,5.844980222976529
235.7471621144741,15.360505357003037,32.98530489037343,23.60790484662442,2.38010044687955,45.0,6.336698690818739
241.35336457991087,11.008884822972073,39.1950930183385,21.11481521536071,6.012657613158255,70.34898870762488,3.415117211071826
162.63288282566333,13.906707932424904,41.42562873207221,26.68700141032872,3.22292302110343,45.0,5.339361925121635
227.32765999708013,12.23829245165046,40.70314557844762,39.89255529719031,2.827500315419434,45.0,5.180661303794287
245.8188774858484,14.233224319782078,55.85931954610013,29.59152384864244,2.203868195816705,45.0,5.738656718805695
215.2362900276728,11.506512544392704,53.37883341089576,29.688971261670893,4.365383221602464,60.29305939591736,4.83580095253418
110.88791386126638,15.00937299052402,45.70877568318258,23.34867712262105,4.427271266118122,45.0,6.416976400612002
221.10340718515505,11.808329467990808,35.995146077368084,35.0553601032834,5.037545741726111,54.288761615400816,4.902552634667279
88.40672115553797,15.597177924816728,32.723957072611086,36.22733919497517,2.576727905842817,45.0,6.56957389292435
218.67305588403084,12.941845286003172,47.34488543593979,36.27630020556029,4.444068750328553,46.30344865499136,5.570792264658789
103.2224649653164,13.786705014500646,43.01473974500526,38.446832146015325,4.637974401228215,89.86307202381117,3.990570067008571
97.30407779954793,10.50333132146966,60.15973387807316,29.804623752954384,5.022087130024996,58.65592248312517,4.962033935646496
152.96291528381977,10.917237667081585,35.291548376395234,31.544907161570656,3.462223055971448,60.01921676670094,4.935806475277375
85.79196397865184,12.068128137913009,51.713206833085344,27.785273306239397,2.7256176234639264,45.0,5.794930845253548
121.78754885262076,8.645112512954672,53.78323036389504,34.81596059800707,4.4780835626518485,45.0,5.300154420720604
232.1214211701928,11.923625478185215,58.10209760002861,25.32131362360184,4.690926681043127,45.0,5.972536224531206
88.56821435138124,9.606108817178066,55.937631031487,20.81144544743951,5.77166902123936,54.72301032176959,4.420450883684319
178.38705891884123,15.903960212623977,38.560966569539765,22.512275692973397,3.3383364536843274,45.0,7.0
109.79458419632569,10.523279135101612,54.893574799265934,34.50620338077656,4.499934797555454,49.20709626601014,4.628619554594794
129.74262094925058,10.344025804860582,40.244499148599424,28.77441582374744,4.805744566857054,80.56175887790131,3.4271096397313743
184.1163745397227,11.146855329723843,39.5888136924798,25.703624433468725,3.54176053095256,45.0,5.595564990839643
234.00395316337787,14.92336758739585,51.89521880527171,33.39096033731086,3.806439835791258,81.74761538074652,4.040610305789388
149.54584559376403,9.344342965882976,57.7218824650369,20.49814998598619,3.0444750064195247,45.0,6.083209633568776
144.28304521903314,14.016118620611817,43.00516733550422,25.033259048266537,2.6886311761928434,45.0,6.616604125583116
227.19395637898205,12.157660422058218,48.372377944262894,23.56659075326701,3.4555208427610795,45.0,5.610940057175132
90.31878718597268,10.39035879337159,51.00198467232176,34.25763858457002,6.199716045436207,45.0,5.395013075000158
231.00485344426596,14.738822994529569,50.92086064201112,27.830780758188705,2.9846985540930966,45.0,5.798377314361938
219.4441894932157,13.244630618303631,49.96559188602137,26.08668689852181,3.181375019990063,53.20217686163804,4.483983115921823
209.7259552720855,15.910879912352597,49.21981429787962,36.93022391181596,2.274829487272125,45.0,6.694707687445416
208.8237248880132,13.43362256115799,30.938541474826053,20.738851187688272,3.961678629189476,45.0,5.653599206081411
82.2713976643288,14.45577927822972,63.17104551344018,28.011147989752445,3.801439307691262,74.52205166923373,4.809461022998624
214.2736940516969,11.281696539284903,55.51981268754864,34.60766281622578,4.62471567150445,45.0,6.053625708303814
248.16608654270024,14.69646259242464,44.60362394447304,21.187691104474645,3.6084723993443975,45.0,5.976738318765296
210.1409203786185,15.35868867399196,31.21182092653299,26.151502048862284,2.989615457409966,71.6030236950239,4.751172312179777
109.2125650710292,15.07066361701756,62.78432812010241,25.98632003966171,3.1014559669886905,55.13818752632316,5.298106196878518
155.16014813829594,11.397006703619926,54.7902044194414,28.8393018165758,6.166156471695646,86.75307169933008,3.541815557166963
193.9869456464804,9.234698637938727,49.15378777669804,31.59156073639837,2.749327866413012,45.0,5.167778584964793
175.2494309561426,11.453262159501822,45.73256783441651,34.436230328824536,2.582427858903575,49.36962660729949,4.86677973540144
86.76248678564106,11.001541822822,55.8273229173814,34.901079590579684,2.532306768151238,55.77508659184173,4.32124246006858
187.214606565356,14.08711133238841,42.08280093909847,26.22829592206614,5.478805445996882,64.27290726126314,5.258178792751765
147.63327456891562,15.327023022501573,53.59849788416108,22.177600267422584,3.8778971385577696,45.0,6.235835415063402
150.73007765485528,12.863015119708775,30.9806771550849,37.18769549109794,4.053200699747748,66.39486965574626,3.682561486855347
183.88212802538004,14.790158194512372,31.612133917648563,36.31644518950539,2.562656945452866,49.98912293167853,5.600482386234953
224.86792579137168,12.70401989250661,64.51219504965174,23.88144917301062,2.1876256667063103,45.0,5.120602306561298
205.3567523969256,9.51613239742085,32.88916382726735,32.24261295899754,3.043906579805057,45.0,4.852372770406806
166.79067234003992,15.58155917360536,41.81048730778999,23.41108711046823,5.187720810099441,63.21511870249258,5.491110263835053
178.9157682064014,9.260400272831571,42.14467197226416,34.87987372257744,4.313613611954959,48.08299729030576,4.810219173709744
209.29780136044576,8.64098074812259,50.45941856503352,21.48297011844299,2.566885770913162,45.0,5.130817059888263
248.39303225930544,10.268808694360215,51.0662277863104,30.466920349764376,2.5643786539906985,45.0,5.322695215624947
151.69303550211188,12.86514677575449,55.49166134185762,24.021270346451416,2.7173319830259737,45.0,5.28707079005058
107.79636972043969,14.20041678939346,43.221387263544834,29.18944466777439,4.071254166442413,82.60780143093633,3.984796210539332
152.02164518561835,8.659430970796564,32.13036300428215,36.95817947817083,2.986608523068772,45.0,4.748140158024757
225.01488969202373,13.529362116778952,41.3878620084954,39.23746111742633,2.8760997943338498,74.37499918627124,4.165804433386832
205.62968899694607,15.154495589780677,36.63290312389068,21.315899983380504,4.196653003064576,45.0,6.3212216781849175
145.72000459487583,12.751669874545446,40.36678512995055,31.339066999204817,5.468603379239254,45.0,6.216354489848614
150.35062795114823,11.41664088971566,38.167238582861806,36.14920891427026,2.8776466130948184,45.0,5.849542422986064
181.3413559305125,14.193357099164134,55.61765753084889,32.20665144128781,5.648469890064511,54.19816054497411,5.524244908403699
195.9439165875444,11.806705045623149,59.83521962590116,27.10632420857769,6.092175453227341,78.3781067556983,3.666065114844072
118.79475525247568,9.456289485398663,59.35174462501534,22.346691336822587,3.5173128683260027,45.0,4.318455957247948
126.33306903568774,8.963835467844227,47.41788347290679,38.926698285701335,4.729076326071176,68.19689982070847,3.673251143272649
210.62214095815315,9.325964372043265,50.796677607076425,29.01934423596768,3.763380441703916,45.0,4.922676049447516
172.79375038965674,8.82429473665445,31.84675298570642,35.08931553413825,6.264990662802727,47.67989155014444,4.863526654167579
228.97200691154708,14.737784688552772,32.23694817565747,31.191682971654167,5.057259510133013,45.27915032730547,5.976593799312155
154.7521771932727,14.334813425803858,37.60747270687027,39.12227667399364,5.241833894837915,69.04330204579978,5.65299719131103
117.73947734188133,13.727490763374536,54.14875946287646,28.0147456660834,2.141025817768369,52.45595605794728,5.494444827328481
80.8172958425249,8.875087747311653,53.22517751656767,23.87010655266206,6.203214867030916,45.0,5.886928083127913
126.99740367511762,8.8547861818901,48.31424826247165,28.06245262049025,2.8642751123342034,45.0,4.461752372190919
193.79202162307007,15.172407478238233,60.18684680615422,21.001985278513324,6.375698894030032,45.0,5.892826802313602
92.98903433656828,14.4292080712755,34.660679228175326,35.806483718717146,6.460064891422119,45.0,6.03940100370022
97.0825893556654,13.74662665023256,51.95171554994229,36.26152088512231,3.8441039808976423,45.0,6.360998686478943
139.31082282501893,11.00643693810568,44.02289645180564,35.29847185532957,4.385084578953687,45.0,5.5344973367487125
180.483779523625,10.26408757244868,55.73602822248749,25.818576025722223,4.599194993859632,53.725033083066734,3.739663967276895
106.11163531079494,8.931983674629066,58.65433436046492,26.72094759958719,6.183847597870028,45.0,5.0800171164477455
195.6768103821591,9.196244661870244,33.680864549432684,20.272372882666648,5.616833206006817,45.0,4.827686332249955
176.67678011458824,10.22451096505548,50.10533840720545,36.29649513141133,3.346886870637651,45.0,5.088740373943981
197.9293686258734,9.037667288261732,40.61990147914433,24.18789723727249,3.085786356275791,45.0,5.71934708630895
148.10947285381155,9.2791150893644,43.54805154241957,39.34192596621215,6.087397142418888,50.738710577365055,4.985631676977818
236.8508308775945,8.393739410093861,50.09237952458258,32.7442358274747,6.151308517853511,45.0,5.653312533224556
93.60573536105908,9.58464828882984,36.01509158293885,35.51158325618666,5.053780961068846,91.898113421753,3.236383018839819
209.2127028109884,9.084493752897307,64.52771718356415,36.62066022763365,5.511502607318678,45.0,5.688003042269454
91.88814039781708,11.963528329991668,38.07636654413167,39.496546615372566,2.6149736834471127,45.0,5.331408869847737
203.06394511165283,10.33895479502744,30.66582490341804,35.9970408597472,2.4296145794629416,45.0,6.14049746167305
184.76000969830807,10.848910897837268,55.31864377251968,29.46291799875537,5.241262814597326,45.0,5.820536460693868
141.46294583910625,8.168111983323872,41.32042579400599,21.858868414203723,4.005172694113244,45.0,5.067654919261248
167.70822817403365,10.660368752053069,51.57837558647569,22.185522431114464,5.969226024938525,79.02654287172656,3.6964206570830695
192.71870614787667,10.71751677143177,60.59007021273289,36.58138092637266,3.150235958466502,61.7673032028853,4.968810737991035
189.44136628779964,8.366919975845901,51.762486471492494,20.799105226802084,3.0698692569164896,45.0,4.598481676864825
210.8942970740779,14.009816563329457,47.729727763290114,23.979527000131228,2.755055115522566,45.0,5.766121553332242
120.7882797380732,12.901386482702994,43.552499866272726,33.49124606436497,4.9376850353019845,91.43447228027368,4.186994396035145
146.4915954635852,8.35088621040551,61.43191797728012,20.524826024699376,3.463196336629472,45.0,4.979100893461492
238.94923529117517,11.313378157795633,53.78233687518664,37.02977839023908,2.857700204595432,45.0,5.247067028929633
246.2348349767464,8.261271192935805,47.19899760539744,37.359542208045504,4.525901721157815,45.0,5.302575580065042
211.51037563627443,13.436609892626556,39.02349902118149,24.568887921798645,4.534615884918516,45.0,4.73572859572199
116.92971820224852,15.710355901754816,47.85110767881549,36.99547353111458,2.497748877859601,71.63170577303775,5.152176284443257
153.11926965413912,11.733622407559922,40.9191541721005,31.70412711272381,2.029965889463735,45.0,5.40784635414467
154.67967165626067,15.065409684075046,32.20582144326719,32.62926493023954,2.9355047180745477,58.92245041563078,5.903455830079757
147.01423287191636,14.284795769139627,57.68483200475792,27.56123657770139,3.5781611678877967,67.60382796466018,4.689496915366219
211.1891871659456,8.150954310973374,41.34751015341835,24.71741736776442,2.8467414032081,45.0,5.402397501645199
95.02943011796222,11.682270309178872,58.663061284730006,30.51024260800421,4.25520520741262,69.47323022448575,4.4223459734365855
153.67846648534325,12.487510010084245,35.186704022809174,34.21963550537498,2.1696191296489875,45.0,5.716033140093025
145.89867052916492,11.513724432435303,58.679710807282056,29.817259477916707,5.168302738814003,72.73234426296906,3.840176258066174
108.12776042666324,9.414158519095206,45.72821698901323,37.52657038160382,3.2777399007311154,45.0,5.098069757612661
136.0953445285594,12.758795906148077,64.8027536664759,35.53971941074852,5.558540509192261,57.51439536415028,4.154853989858884
235.39617025081475,11.628582971961643,41.264727850845766,34.19803025045507,2.015837394533067,45.0,5.477198547113947
172.8904708517652,12.496149740523911,30.91059000411049,30.03836312887971,4.151103310141519,82.90756542648879,3.538032415751525
154.84686177182238,13.353868229586803,52.81178409827709,37.160453470804654,6.059967580762585,58.54179817795042,5.796062370439369
139.67963930129216,8.443426701259526,58.56134794043933,35.6332838861962,4.523075776360216,45.0,5.784859742816902
215.5441197860301,9.445176619345924,53.39646373489293,26.21791336221804,2.40638901960742,45.0,5.287708763564395
146.23453060146932,12.36119539636434,45.85720134700706,20.34040961096012,4.206111920488757,52.72785644819875,5.181038299841997
187.92608999202832,13.483785506399766,49.00786216823971,20.61757700247396,2.818953845339955,45.0,5.883420785782603
103.09696623954017,15.297935716160584,64.20377709997499,35.419361735518294,6.396536536776114,95.80330496689032,4.796226858558781
84.92681807568414,8.223378249922254,59.48279120739827,33.75325535444326,3.963573688258569,45.0,4.922812894254874
127.08924735059426,8.127078828075307,38.05509987543168,30.036527676922905,4.645014454802714,45.0,4.50053568787226
197.07614187493985,12.022100823079452,49.28639519307957,39.704236240034845,5.184718793338552,45.0,5.711418182647188
205.05725881182047,13.487654478509194,51.24476878372272,38.94917780985035,2.0630975065620905,45.0,4.880862665273642
141.77552569318317,8.12437075171059,46.94758140921668,33.57732682392173,3.2679567717680342,55.84636032741249,4.566140981276547
227.86579336801265,15.043426131497345,59.87473591683637,31.68429943221632,3.4529033013048123,45.0,5.608661458719636
155.20922585068956,15.74733704737815,48.99127525756258,20.37403978140125,4.086064046507211,82.65922660375566,3.844224035911334
85.29486123756642,9.233465538565987,48.71651802259188,20.255330847399936,3.0605091732787413,45.0,5.120028515341246
138.9677555802083,10.23464354945288,34.41033378114413,23.945053122674096,2.458938754340853,45.0,4.2517563895083885
215.9616526662537,9.167541139163903,34.1919288290199,24.399312929328936,6.168850529903665,65.43227754780571,4.306505209411469
193.75038680953668,13.455164241424152,35.32990749827012,21.567168621125937,4.714660939916592,45.0,5.564097659269816
142.6611678253568,9.182491288651944,34.88122700479728,35.02649699661809,3.6269720761040594,45.0,4.65971400858491
162.33612009553266,10.263460613059106,52.10920432712739,33.91747672704943,3.038210346404399,45.0,4.878534922108658
110.76311540290187,14.996545737248052,38.786863945052005,37.69971999460461,3.669309898294883,80.2522103287632,4.401725623087553
85.40454382937776,15.93711067003104,31.01842382464784,29.13484709809783,4.743578961547952,45.0,6.655356159996016
118.75248657455872,13.230153527123043,35.11138757761783,23.19682705923582,6.256161968794602,94.9151220536903,3.0413349038037696
178.39146720751347,11.315530244178108,35.76224887638267,36.64740892631933,6.22411032593571,73.1093210926834,4.651111221450129
207.98742624044135,15.09027543504255,37.929235852927015,28.91400113469942,3.8632106670087,79.36030557793106,5.217247075133014
173.03891310847416,11.754629031688712,51.46272804932181,30.326172056231137,2.220546667445157,57.58138912374714,4.201036376603186
235.04542271338624,15.274372751382678,56.34832412500388,37.84761446978344,3.275276269606349,45.0,6.463151170108073
221.88011220946163,15.865220734747666,48.03365002220468,33.69980454455892,2.870594903428652,45.0,6.143711673162143
88.00394953525891,8.634656394788328,47.79687055695318,32.9234870246513,4.919268155657617,79.83844983400998,3.441624246044269
128.2683401020148,11.727393907669642,48.05471042313072,27.75024249415249,6.230784976717937,77.92512857964265,3.781810027775825
217.6496894824872,13.787157612470509,44.576507665123856,25.0717808966594,4.790185215620605,86.80772622143627,4.343076767253167
111.32588922777492,14.61680880897927,35.05129241780408,21.340832540003134,2.1145293241691325,45.0,5.401839158445272
225.4918082265323,12.59243175871194,36.85956752994674,20.226359534112905,6.0173872468178535,57.89159854502324,4.729620746461149
148.87700047727287,8.879915070339722,57.8057056904924,22.957491146120457,3.9696328586601024,45.0,5.416393313900954
192.67329776450435,10.169193400928515,39.72287984721719,38.11913721641484,6.078951333293034,78.75732444702291,3.3314809563392944
219.0634463236176,11.777876350234608,64.3708570685086,20.127562537900538,2.1442485850617263,45.0,4.8009410596382445
131.7083130141195,9.3398159099707,61.827307290244384,20.44013917631481,2.1479383116918087,45.0,5.385946513420835
227.0782890850316,12.240103915824088,41.59537372568703,30.091449208322626,4.920467862634744,69.43879918066199,4.463049818963346
184.19840130399865,12.24153168131565,43.07158520165046,27.820126985485643,4.631472530318648,80.23747438113001,3.646370902214634
188.84654641447415,15.318653682860148,58.18367563733841,29.220015693044047,2.0484385596762853,45.0,6.51984415976473
244.33035141014335,8.885495482194727,61.54111934136847,24.693303096584643,6.443404531739176,45.0,5.216637931665745
148.71276194464784,10.738390263084186,39.027115743060975,32.24514181604829,2.3266880586055927,60.05353094377022,4.216581923160912
170.23023864484924,13.101943842127364,34.804494155937896,36.22964249025003,2.7974928124506477,45.0,5.543948526263268
117.56338906141976,10.824700820859745,30.846454663254978,24.293432612206296,4.282912892798265,57.16295980149728,4.553841048108447
110.7475588764246,12.877965869877563,41.63161133077176,26.62119980307065,5.065933920943108,67.4080237757139,4.720597146580238
177.0578194069604,8.368846230310853,53.97636844197494,31.164397080932225,3.0538185552620183,45.0,5.632040932141445
92.17414848790445,14.217817131398215,37.08087478703924,21.93582760841653,4.450264228341213,88.42706643480524,3.477941930980692
247.64333922756143,12.797725632290302,56.02922469349345,23.068306586077128,3.5987812960031955,45.0,5.94686233668609
87.20466284958174,12.631646079242143,63.55307916336877,38.145671526965984,4.774468782669006,73.85338466575152,4.137945488822953
163.97407908864716,13.372886862091113,41.5326028625528,34.07994088011357,6.016561879207165,71.57784451017785,4.848491069992979
90.44992170842586,15.618613409772664,56.535318354639216,22.595523925062707,4.090058200800822,45.0,6.71018264124193
216.6129149876205,13.591075288400926,36.32538877965887,37.324210413258655,2.0281180458878616,45.0,5.965350275123841
196.918707375666,12.960582563518994,44.9418415227512,21.791612053225396,3.526347895436753,45.0,4.914452839368332
242.53650927491785,15.916102835151587,53.83506047095571,25.821153553494817,3.402127946959234,45.0,5.292447775498776
134.55675144807194,9.856949301070122,50.11373415037299,22.08690555290734,4.480602862035517,45.0,4.859229649058221
222.6576959246945,10.502646668976102,51.95673581168064,22.45295087870641,3.316969262101355,45.0,5.758306844613562
219.7861767583285,9.027555646283414,45.99391679129842,21.05269806017837,3.83963022467208,45.811587468556105,4.51527402998631
228.79241533479592,8.857197821132733,34.52556080523758,33.051597380292186,5.638655550335659,45.0,5.7431070881275925
101.88885285127304,10.315515767049874,55.02312688046276,31.848152314086004,3.483630406679249,45.0,5.370514015558449
249.8900739203104,9.71434253100383,31.915136598600437,25.517186036794723,6.476877407348753,55.95768896465374,4.494404612115816
233.9485892567542,12.514675386168008,48.44451543157278,27.01892693165299,5.8129434198741725,55.71125094735309,4.640037910011024
158.25812045944056,9.37660440979746,40.07404955915703,36.41796096319714,5.272581327679355,62.15413962885323,4.637507749755368
106.98137398879834,9.306499307090007,58.4448975246092,26.29821206535709,3.6600210643403286,46.83090084879047,4.668472725549045
193.5782417328078,10.879252741001444,58.28918170368425,22.95149272576664,4.087326984219251,50.74883740415422,4.490819251860929
116.40515558148444,9.6355257431304,64.25371447000862,36.2673294964174,3.007557464028804,63.412700392502174,4.400733269910423
192.05126752310773,9.592461696885746,38.43013919496812,37.63845456566567,3.1503401302185283,49.86481614868432,4.370238729987558
137.68521873039217,13.347851265877464,44.76632815024476,28.090149242338512,3.1065003035487875,70.26870703623102,4.33031217332616
204.0437694960856,14.702894337341364,46.166981072467465,37.0417242883005,4.901139146517597,83.5374990773798,3.658551796997716
151.23263048078624,15.257759249154107,49.17859109059429,33.526390953515474,3.81028859705143,59.83661661835023,5.930618126415268
202.2764554485247,10.617319639956612,58.80019657359242,33.47688535633709,2.707143476647078,45.0,5.470858125871206
84.61829967288976,8.578038089510418,55.32275830160404,20.2287538202381,5.083416363352251,45.0,5.00723030647808
118.46399245913132,14.176925335959243,61.09255840239682,23.023496674414982,4.169274476257082,47.78431978124515,5.537973011925247
197.57745940554523,14.68199201225166,39.275963911873234,32.95107547026218,4.002151551542941,90.9527676774045,3.902167911760015
96.2119655579152,12.581127020762324,62.46189124417269,27.097029720891644,6.143113837026789,45.0,5.731297571545527
159.35413218342376,9.356685616023784,58.81764040559669,37.55347458571882,5.180859546227971,79.06689838313858,3.3339616022881198
177.5583724023213,9.82142514653549,49.49401773561087,25.32616012128708,5.19709513851848,76.91366878918741,3.6532508365052863
131.31799279892704,14.46314852040484,50.91216669740451,34.173125960752216,5.5040910416361015,52.77822061200786,6.3278504916925264
238.54927963974947,15.082998101310968,45.01920506663905,37.7000354810031,2.105650204636098,64.53130374142286,5.210443243102709
246.44519214143656,15.17893322885446,58.21842268919952,29.003029130527445,5.939672686247963,52.13411133525243,6.318461232004518
230.16526710389397,14.519982608876283,36.293494939682525,26.82201782951828,5.654774160186162,53.61885699906824,6.00523404617553
213.93217625030348,9.05314389625437,36.682653585838814,35.147288414780625,2.3432092547366405,55.14246206421829,4.497527845003046
123.1607940587503,14.890491924525325,37.93671027738741,28.029354116669605,2.54343971246463,56.94874558710503,5.45628970101759
232.02650690167096,10.56589577416332,33.22094539798921,34.15109308033321,5.412484356077331,45.0,5.350562396880473
238.67537857155585,13.960675158445778,62.32535409856286,28.441700026151278,5.091464165926652,47.26546723779062,5.739923520744529
229.27283785186088,8.433434601803292,41.66868212047408,39.78280955701656,3.283646682316909,45.0,5.378736397696086
84.7597150603618,13.89251669424088,34.1166229148167,39.86523007101814,5.150842206449115,45.0,5.426781417771258
235.26677967142524,9.2070386016047,38.54974332622963,21.752969166430503,2.232984264334476,45.0,5.752383358546308
109.4251036826192,8.678611517176815,46.21850969807996,36.50151004110971,4.70479897619427,45.0,5.501085237774202
182.7434224321328,9.6018597155167,45.08602919823801,29.63855086966504,5.653919372214661,75.5067413082488,3.0851218366402584
167.45815774552614,10.87400279362654,59.06771398820414,34.4729574147058,6.322130152681238,45.0,4.800870705879905
240.05585385841837,14.279159964677648,51.85385164211026,20.958864146180208,6.0752963505103725,49.46418250300682,5.289547370538026
177.30092386901822,10.381517990122006,62.64882111777813,36.57477896714431,4.13271004787023,45.0,5.412242303879177
158.71774941367056,14.30256096432602,35.303765090043846,27.316378226240857,6.12743566155911,45.0,6.432527494236204
212.7488427269572,13.772343352345167,57.40413007686151,36.15379391483182,6.458317912879047,70.78420644975458,4.787292390624304
88.55327872627316,9.558027934479997,60.98552071009117,37.2783874865186,4.733579909873084,88.08384098764517,3.9560216063947378
110.55616156876864,8.34374360009555,61.10062359516966,21.90503090404032,6.193417360877592,45.0,5.094144873121695
133.4067182771029,15.630242925118246,61.82247378575882,25.0481147523788,6.0186381214133,85.50742956692103,3.961177074871898
195.3979446549274,13.1526445773019,41.20934402980441,26.860825407368605,2.285825921169934,45.0,6.198147172295903
139.05744275886536,10.862559146741075,50.00712254355441,29.06863590500094,3.491833883088553,62.05482839634877,3.68518354258794
156.5649759692729,11.12343083808246,42.42430872370616,32.234805513795266,3.811729481078484,46.251019033062654,5.302088849885367
85.50546158011765,13.033590289503278,39.14244122313504,33.77825143571255,2.6716547215396456,45.0,5.2661623368803525
160.68044898175168,15.71769503874397,42.80639054147773,29.65828260068016,3.7098930791082942,61.67911267967261,5.949336982015597
178.49086158250327,12.964572244317946,59.77484996454842,38.13080248767744,5.9591360592864335,45.37058004943643,5.045373271588001
117.29679510033412,15.235557525432103,44.28581642241109,38.66053544654479,2.0408888178035247,68.56751699280596,5.179538869459093
239.721126769566,14.300436077746856,57.69399829911569,30.21108176094431,4.700419372769617,45.0,6.007982490195687
147.43039437618745,8.809430034522473,37.12350083693324,38.759369091300194,4.366676223783284,45.0,4.443562580957304
236.7405706852597,8.09349096598503,39.82955664622994,24.171837408361256,6.152457172145273,45.0,4.66010891597354
204.7280104166101,11.448452077912156,46.11920943171127,26.99750991222477,3.708097051174973,45.0,4.866040701184588
162.82612334611542,10.859439024584308,37.02863377133548,21.35442118783888,2.624913045013081,45.0,4.603500284587518
193.2337673964688,9.98021037007121,42.67934737203431,24.153482704414092,3.278576870174161,48.89770313670802,4.105289627576356
249.62574613788016,11.048724837921055,38.286655389484224,20.837548777138963,6.317315166257481,66.47676133119748,3.9523183882860495
235.56179396772623,13.973132952468909,35.56167172854493,39.74747739770985,5.682054353681224,81.77736721425477,4.852241026635366
235.530749610266,10.260908710422669,52.41081735221343,30.26968450014987,5.68666424624544,75.07784313913687,3.9073367926408658
179.77202895402286,11.197624846210772,54.42495558637616,22.390894000339262,4.343380699734279,45.0,5.160046526283233
219.8235506356655,14.862048900679124,59.512714838321656,38.66670513060457,5.546493764513751,81.99586425129324,4.621994497069311
212.46743203964115,10.661658998699748,57.58070028179954,35.28409440026713,4.625619565242106,80.19544023912397,3.554423553652663
134.7596082057863,10.805361514261506,57.4840626882848,26.17996358735615,4.245080307380811,45.0,4.564363435710083
137.9044794560456,9.95192976484438,49.82848659638629,20.23795393067712,4.142543633479511,45.0,5.472554013598673
185.64754959311352,9.25693607548649,53.173728937120586,23.84303281305759,6.341775738216814,57.2038375664753,5.260022754014441
111.91597507127238,15.771845928381854,49.32225683278394,35.531675102393535,6.324004494547567,73.62922759712598,4.599870763401169
233.2001049621905,9.709567848901974,41.64978019879323,29.85518784671924,3.452071544084809,45.0,4.956465552197036
150.21007684520168,14.375919177691303,31.43224192212909,37.67955225442314,2.535986598430504,84.88668370547694,4.714009205490062
192.94507963621172,12.942649808189074,42.73820818853898,28.435535190766764,4.854500602981387,45.0,5.654499208785513
204.10232660567112,13.42587512905547,62.32072695618774,34.26691758835668,2.3187045147301597,45.0,5.764466038587447
224.58702626088007,10.827160053199272,57.78836693541612,35.9553839643786,6.3247345624029165,46.92940988046108,5.118075920116266
103.46747367580556,13.647904180313432,30.88580691182653,39.336850759218976,3.100952024839776,77.2762497711745,4.475538522338212
170.85865200465108,10.257661590694566,45.15604667325544,37.63020074010679,6.071157649149379,60.29549235164,5.242921256122438
120.39180128714024,14.93030327392314,34.56499962121479,31.775260254028183,3.2274615347439664,84.39864178024456,4.693314963112115
229.29379203207984,15.596997813527182,38.036764568246944,21.922621282201543,5.905330576422112,90.72619965551104,4.726368601724207
81.74561176870934,9.124686883967357,51.8324404910997,31.104148920276444,3.5959303861719447,68.0672867423906,4.616876321664428
99.11964290904564,10.80490841605802,49.97504612395623,38.25791382707956,5.704130317222739,49.19807213394027,5.536725964529464
239.27628954078168,8.083005585520977,43.34350819004585,20.573408679271036,6.02360301644217,50.84233005143466,5.376736991799676
155.84152610865928,15.23455233840955,43.53435236857293,20.36222193535666,5.354645887115215,84.74548967678514,4.566009477974607
202.4272125081863,13.198712532623572,56.29151584493219,22.788293158018668,5.447263136961109,45.0,5.368187880641432
180.1795252617755,10.856013736889118,60.179278665352086,38.3804111888404,4.975286747313545,45.0,5.704187123636544
158.07832771762338,8.693762559225123,51.57642054395427,33.46417414380904,3.736168168731113,45.0,5.187828811529435
240.73100224075523,15.736651448193168,46.467112773186486,35.15539720036966,4.726767862870234,80.28906280716294,5.108089178855903
194.57489843594888,13.070274759653593,57.2999154960673,34.024322424477965,4.548620406186419,45.0,5.476900896557036
183.14103048064624,14.506688944946347,42.72338225156726,38.20361310048805,2.275818386051191,62.83102673673224,5.217516126820295
213.0492038579184,14.438130901038996,48.55402524243194,34.92233570114848,4.542042744569082,55.44072776149207,6.194374720012171
176.47091647058124,14.537824037198767,30.40849492230039,21.325580536401095,2.5798638430769945,45.0,6.13266817609102
138.45188998918533,12.56986622511726,52.14895879224585,21.313716294406383,2.590895325210399,47.40356052205398,4.280702309329298
113.77039030083772,14.222485476930276,57.14347847153348,27.77212817569601,2.3850759702848032,47.60140791608208,6.123373147182357
160.82752199601848,11.927507442167949,60.80546170524926,27.329122370738247,5.854338963898326,45.0,4.623116517834731
167.49652462237134,10.336402054360866,62.05395794194239,30.680512148319664,2.7930474532925778,45.0,5.305905934081826
91.82433618881444,13.625345333985203,40.558996143851566,36.30267682775072,4.658902833803202,92.12450180359332,3.7109035906368737
196.1761326172238,12.926872898278852,35.45546924270114,23.17140262951496,5.955751762567855,74.41620687690089,4.109170420344553
146.20476396586173,13.681304873175788,51.753657029653525,38.63142220207325,4.8001363338213245,64.39125071147788,5.126737701072969
87.88587355094066,12.418402850011857,31.9419664103954,26.76303668153995,4.692702718935273,83.12465397130995,3.427547984809121
128.21974038447917,9.244299916296445,50.46826457668647,37.71197702308227,4.684420044248476,46.34729572772963,4.387261805814703
98.38406660917836,12.720656712760793,49.26808867403713,28.595590748538456,3.222026652024584,75.6621331296546,4.131036405621751
125.87777480093024,8.516814218331112,39.47729617938138,38.22493014787453,6.107055954939366,56.04853806792639,4.9281644774571225
243.39730337467196,15.368164335826943,42.078306185827046,24.11177891139441,3.700757492420909,45.0,6.188820686601908
137.9137980918764,10.271254742515897,53.12986652265084,32.82651425725147,5.744144779643045,75.95230534154722,3.487331930374337
107.5043442128838,8.77410410770853,42.32892308960974,23.3866376911788,6.042805480208456,45.0,4.670629831335322
247.51158782196003,9.125160183957028,40.80804387965995,38.32251633355536,2.34536044746146,45.0,5.23722715278825
214.05696302561583,12.853406881624457,54.63778700534578,37.52090210252422,2.9001578322157755,65.92656213318145,4.071957192173547
223.71203214785237,11.35377587628971,41.193940770931,26.64216699335681,3.1677199203625066,45.0,5.507486227349396
217.74887340424883,8.194541617934968,32.76784644999406,35.76480404391837,3.5218839774202912,45.0,5.845032787656706
221.8461902368317,8.360053276277887,62.3042586944694,38.317978344760775,5.530851869617363,45.0,5.081848347029755
200.4993196421204,15.590625086749684,40.49682107934177,23.32474600988722,2.5026471938749486,45.0,6.978817380531448
220.02359266107555,13.432795304168888,36.77736468557866,32.38343293205308,5.974054369606635,45.0,4.883620870265892
213.87079052021167,9.050393467801577,38.72894087963468,26.14173979519513,4.472659817142999,45.0,5.19584232820443
121.03118774743938,9.667245012601372,38.75847370226135,20.479688249454718,5.28742074408906,58.84784090245749,4.358676440795886
219.77129218710675,13.926763937728197,58.84676673431209,24.203055775731634,4.433991222186855,45.0,5.388192661801963
216.0843913792618,11.60502390623896,51.52595854015425,34.787839969469786,5.016383997257832,72.68117612355525,4.233688604127899
87.61925152638482,12.682815591024417,62.33468815838012,22.81618180720793,3.735368016609813,45.0,5.116433550293241
196.94450705835945,13.866804259581544,37.69819315737724,29.27905722419766,4.199542439988739,45.0,6.047901129002987
209.4866407297011,14.572887985930697,48.33723205912055,21.2164196357485,3.501828938435139,46.71377434964757,5.144532791484365
230.2595428437136,12.282089479940623,39.8657050735696,38.41919959334511,3.2631801238687936,45.0,5.9966269883569225
121.05083502465558,15.681107758481904,64.98592469076415,27.377296790269035,3.555190683512963,80.35183885736497,4.371689645061215
190.37465549483065,13.768872752823928,63.19626380685065,31.510286552393453,2.7259290790469333,54.4993627029694,5.198799858928691
90.4615609053807,10.375475262767162,42.99489671660109,36.89990887903004,6.205344571497547,46.79195957567232,5.736230338011694
230.31326297662383,12.296392338507411,44.9549120873867,35.120401951931534,2.3561470978025647,45.0,5.205292341409383
186.31466322142,14.060573293565133,31.78618776012909,34.88983158712998,3.23455574137198,45.0,5.678709994746157
120.4829354841076,14.911058583070156,38.66105808653643,29.15189641327846,2.1757414863826035,45.0,6.720114759263179
159.70229247259925,10.521643716169896,55.92316202561712,27.0020283683554,2.968906249590817,45.0,5.238837574573069
108.66777526322754,8.04994508315359,30.351357837053264,22.20718637781291,2.512538138690199,45.0,4.273903423982291
123.19013801090776,12.931675719894166,36.21852270809828,30.635281896883097,4.547203440753775,83.21060237634879,3.705112989523296
149.4521972822102,13.79346453511231,31.063038380802443,36.92665968241516,6.44944937859889,93.17275996736932,4.288494690426468
161.68984668741908,13.29696088098861,63.87763793053037,32.77086503940984,4.490302544850771,60.476824517823744,4.047929241556867
229.2215115515796,9.482688516413903,37.202901017179535,29.19595070010685,5.4936249986348304,45.79521815834671,4.3708778404384105
92.00122248999182,9.45205696043571,52.4589313505272,30.513815304659047,5.789403136927039,89.1182504899048,3.685260673919092
150.25147027160443,8.391670046531813,63.67752151533371,20.493997194048205,5.10547921333459,45.0,5.357556563147522
239.6967288195218,12.334059695862752,48.36136614696694,20.869256631093485,5.266929222558833,73.40801474756398,3.982793217007584
191.66789322590745,15.91830722988279,46.88745975794609,30.5615264752432,3.7468941479432303,69.31842903359977,4.552883568438929
188.55763870319885,9.497615683480404,55.68775153100043,33.68806732716514,5.725046116776952,64.6879504224424,4.002032072387626
182.481135283614,15.689215616016186,60.797638125773645,21.22090529476828,3.3260895585988512,45.0,6.419278583694403
129.18758593553554,14.812038189184594,47.00269511317822,24.937153242353585,2.402760608701101,46.04610869478979,6.322206089551086
197.88871252642,15.86461795368878,31.394658530189,33.14178497749418,5.408647254684946,90.5980749945694,4.319576329799562
134.99117098604893,15.353285857282884,37.34849318948499,22.113649806698582,2.5837639803402865,45.0,6.807408235273735
208.27527370884115,9.13753296422434,63.17721471974688,20.353094220556144,5.814035936078998,45.0,5.2754472154940295
135.2613338699847,10.444261145578905,41.06226861985698,26.91458038477517,2.95758737076746,45.0,5.735153919276398
146.15813132380237,8.82168642884693,35.22465046588312,20.04062379324168,2.455159588296065,45.0,5.1537638667752335
242.4159867238679,12.47689570139116,48.27741122221276,35.469760317156414,4.116167516228187,45.0,5.35573275573718
128.52787360405716,14.228086564802796,33.942978040518625,32.35609959709924,3.99649529565328,92.87200629721394,3.692205719915037
230.2382142118452,10.828786318685456,51.63152926405198,38.06415622367173,4.050277329451911,45.0,5.462289830539708
151.46960724483552,10.55015609505512,41.45404801879052,37.36305634716808,2.130538675005439,48.63829857516754,4.455450720381856
152.7407523846195,12.03332940978718,51.87158693316603,20.567883226031885,4.256158890731024,45.0,4.246914300064256
150.9365529520931,13.770357365295824,56.95960261115986,22.603092581758837,5.119922382300073,45.0,5.726304077067185
102.09232303189908,14.084206309989018,47.57321696674035,26.213893185659455,3.134247994177806,45.0,6.17579535851038
89.42710512839186,14.109075234340864,63.26178829657442,21.26421970270032,2.3994441640486577,45.0,4.7883896716891154
180.9676974169012,8.365768486480263,47.54172937916374,34.41120398885623,5.34747764908072,45.0,5.563424696738007
197.2594161545004,8.820793627539274,43.24481837223768,39.47446822078573,4.36393125973006,45.0,5.665857263618955
88.04170919572476,11.028996833290378,44.47201618239819,24.96537912001391,2.9098992200397675,45.0,5.558701231649369
247.05374582852696,11.579934604248995,53.30511786464629,28.51484284140439,5.9968066792955526,45.0,5.024436751376081
113.3140597569982,12.463434642423383,63.563262403882746,25.38399980165218,2.9367241232615973,45.0,4.840254951169729
214.24855431542423,15.113133388014544,48.10225352269698,20.383330442185557,3.797757443275344,53.8166562735291,5.065386350031981
118.49419577255593,11.06801070000802,57.4697344718374,25.398868275889317,2.4591500058011286,45.0,5.391112686323739
216.031598369249,9.486531517538497,51.89128714044397,31.098605126399747,3.735152087482184,45.0,5.196534534228871
153.92803380885428,9.023860566410832,52.25223394398456,20.577020291252804,3.5399033832747104,45.0,5.793434340547384
241.9835712522112,15.33926790373958,57.01782720306992,27.36821613918272,4.184276428704902,45.0,6.75016057171584
186.6643108156598,14.764198941367988,33.92066450082869,20.29656019287348,3.41063380900134,53.87991023221193,5.45959396436181
126.18643348052387,10.626438953371771,53.65479104123402,32.58682580533174,5.814958524539525,92.79985584892589,2.823770284490636
204.01556268090275,12.256893532800952,53.658484398779336,34.03493075480384,6.400322447560696,45.0,5.29599637130989
237.9500283218456,9.384451673831771,54.63553352407647,37.89022667201745,2.4480383497205698,45.0,4.457184664835962
112.00928244690006,11.511722712905998,63.72747222987816,35.37155397635803,3.5124032769031173,45.0,5.075917681735522
113.07043870548998,9.195462526210177,38.51598189612045,20.72840742634206,6.250859199160994,45.0,5.120655045852367
89.41373743966449,11.036372958881444,47.09629254522989,34.573482006426254,2.173666805597739,45.0,5.485955814272984
202.56402215551947,9.617440912054496,47.910669622704845,39.43856401956724,3.728968320452192,82.29311731495193,3.139594204043345
196.87600648018255,12.141768400532673,39.61123361507417,32.34584129123818,2.924286079984729,45.0,4.425721480108414
206.6088150663868,15.077754406055876,40.47900874763937,34.73882256432516,6.379139866048747,96.36162250068448,3.7165566331631967
160.15554190823414,14.270431758178615,53.00367265410664,36.76560976284331,3.645733641515779,45.0,6.332304721749773
110.80399190161464,15.680267617425429,38.806793374695935,28.992124716326146,2.602109088068044,45.0,6.852139366906657
223.50277074562632,15.397139127039084,42.90173963158426,22.447089164505982,2.211864323478473,45.0,5.47426294750581
216.93358450258296,13.291001369694374,58.965184556042416,38.025233134529664,2.6468800911477954,62.75829767219642,4.523203911137826
233.89115926397548,8.766113257583074,30.043014716755824,26.40768816293556,3.2730408024858826,45.0,5.019170932759754
200.0103536489184,12.412164655265192,53.83970764703369,21.478543986853264,4.50466958248163,45.0,5.87565778437642
119.83560357729218,10.72968993779098,59.0467426393231,26.456671447937858,5.448236862149701,45.0,4.915855992831506
221.4462027560324,9.847817915876927,31.899152482064544,26.716503657859867,5.8070451586305145,45.0,4.885683918132969
242.16010941652613,15.020736945666233,55.14533682813706,28.338018061395736,3.828223493321726,56.10124538708092,5.258147862571573
86.07192103446033,12.460723232767204,43.49234569444786,32.79387701730123,2.5275307258723574,45.0,5.517548699723106
134.6571629522609,9.744994320614724,54.11346512203227,23.477550960353557,3.4013824234606265,45.0,4.800646121196039
94.62181809987165,9.90696259773932,47.12576797801198,22.295413363712928,3.1629856674871517,45.0,4.975168402834871
187.14911349107055,14.16526884719513,36.77159365634471,35.63819869025431,3.672637341444082,86.55039933950701,4.422191168580282
222.9065148952716,8.992145100749548,51.62803272089046,29.281827063422853,5.455084609260052,45.0,5.656596432152272
238.4067232568348,15.616153298237936,52.11762720854291,32.17188097056307,6.35999020512399,67.31633907421927,5.720253262426381
127.4025382193392,12.66389560667071,61.88775331079196,21.700307137335567,6.346019452420509,45.0,5.640954304799286
155.26327866479272,8.009102346847955,38.69536412800504,35.787921100247914,2.4911512689214463,45.0,4.971422902804602
119.28284153020572,14.007340144168882,64.38155676030422,33.77549026854581,4.117199105050952,45.0,5.970644261160343
177.47049607681618,11.894530346528422,50.2597615369658,26.85892680270691,3.0224787992746984,45.0,4.315166528552194
101.00363817183003,10.860613450503685,47.506398080988006,35.487713266578204,2.809900466788638,45.0,5.109661649369988
210.11053640680757,8.249595732637815,63.51431571796311,35.11696896309483,2.282269390069562,45.0,4.4304524766724365
123.59451255784808,11.05978640772214,30.23869416172552,31.15919194800824,5.999938723307442,93.97367628424183,3.004818608803508
145.26348951771996,14.380571693263542,30.283958297149237,21.24677841725852,4.769608816646183,80.82029654742493,4.311482439655138
220.22756309499152,10.539851046539331,47.147475547491446,24.640736511072827,6.042396156345479,45.0,5.0268806430901485
169.25584313106904,11.497084630224071,62.08995890502494,28.59387717748909,6.42393573261778,45.0,5.381872337538688
214.066806781539,15.34685896545356,44.87770008755879,35.74826335088766,2.9832274118690694,45.0,6.561303533492929
87.91015682341279,8.080590003160777,32.782554237516344,29.466078212017408,3.1381387155898453,45.0,5.125661821733821
185.79029211067672,11.73522293256585,39.29020838625052,37.43522271780285,2.6444026918117287,45.0,5.507727111180975
214.1374661807699,14.281977743188698,39.932171092497306,29.15548992152478,3.1746713389457035,45.0,5.934972706803226
111.16364918457568,14.129939734273728,34.01253285282533,24.55770595406215,2.2778152663438327,45.0,5.631574709137945
176.26001644624324,10.084845725821673,41.97540066575266,31.61404816150501,2.3685803879182203,45.0,5.361397368336235
180.68871218732608,12.275911596135614,56.04749183464379,31.669510123445047,5.113635078620751,73.04916859594839,3.5803058366133973
98.43481637541912,12.323382141721046,54.84399479942144,36.86494858794147,2.5388119693776146,49.12470800041321,5.05980422879456
114.62347795276588,9.51722780487245,61.53297373243645,34.89171371653825,2.228431728274253,45.0,5.455726150800612
192.79121267751168,10.79518290386166,52.65154179986433,28.04714711977834,3.647277883601548,61.02060390772292,4.841329373443006
95.89834903215738,13.47387375996851,52.05170265377549,24.518363556502848,5.035576973126422,50.20608998073514,5.6814463110364
96.1521995932016,12.2878266313489,54.61762873454229,20.12200566020034,3.853200697717333,45.0,5.050565290921976
205.5344386491313,15.580980938383336,54.47345448729154,30.54806562818999,4.471130041501668,64.78987010877786,5.560118996425565
148.43927761119753,14.782848252101454,41.85521941536423,35.296385718856364,2.47983471349137,73.96096383126701,4.838169522128766
196.7431549105232,8.687632365913927,47.04626098239093,30.42094342776561,3.837921861118345,68.20763456544152,3.460413154136573
159.84877952812425,13.083142281750872,45.62712315536064,20.57171875999064,4.795880295713025,48.18689674838272,5.7798874496220165
126.27769430742804,14.903164847538354,60.08170871727344,38.23396565945444,3.4320927485981336,45.0,6.153280096140728
133.70709508874444,11.142473699526796,54.12429261568701,27.49694467582976,3.7233625607145697,45.0,5.566647434769495
115.48819843799316,13.038767795531143,60.72274483928463,20.725577976982237,5.380399232511355,45.0,5.661482255781498
179.49496711029292,10.117173275390178,40.04643327597144,24.872233164325067,4.745118188903311,45.0,5.377516761524599
106.15957285527612,9.88491551750793,50.45194395466762,38.40828537092628,3.832569564911593,49.51460228519087,5.609785409609753
115.40949005257262,13.920683790730486,63.64166705620258,38.9651705470826,3.99529635944109,79.98479838633199,4.122304594762672
184.13552919100195,14.665312309090446,64.12616762005652,27.975987650370737,5.17753289856298,50.95904244680198,5.317410818792376
201.4088217465277,12.13488575959216,36.27038472644903,33.72758302536548,2.194594588678499,57.91197447274141,3.8762775122421687
179.71691273884517,14.792598630368182,64.64325158456356,35.55914190735246,4.404675064339105,68.1537318097688,4.593262534027861
81.83771294440547,15.066733158482023,53.75041356200521,38.21547111103188,3.26240919802856,45.0,5.481282946259669
136.4756562845396,14.654385442206255,51.97785067596172,27.62184964484192,2.904577335647621,45.0,5.477838089908501
141.10792294597573,8.427393550539314,36.29676702160327,33.76977205451733,5.055291187481297,80.56977155320133,3.542499592073288
216.68675886312607,9.68001261757048,44.75958743468548,20.656474269513147,3.9031753437042176,45.0,5.483165807775923
110.30985705717644,11.980537902022755,32.23124524134626,22.84916083346984,6.412468530905996,45.0,5.640141452438739
201.92368439120983,13.226760796805834,30.60014792578674,39.41606908081109,5.440562923478914,88.815832337057,4.2125160002868345
120.74892418994268,12.493968824513589,58.38731174814362,32.8577212104936,3.4162003235876988,57.52326430748577,4.794557638885204
114.2829373731648,11.561892226836708,32.77539349556862,39.86857622716585,6.015874320044373,91.74700922356097,3.178702239978325
129.94451925507272,13.827086991091353,39.65220556948592,25.83102533535541,5.680063502167081,91.12647632110756,3.5515934347239013
190.7697484565302,9.725980520120356,35.4900802785025,36.70096511339011,5.370843327423359,91.40576404366352,3.5139251646247374
177.3600074799861,9.757149480689002,56.59544024594844,39.091561802559,3.0935401119055905,45.0,4.651867067969711
220.95411982959945,13.956041114298392,40.34840710654864,23.0737810921519,5.010331219918492,45.0,5.760400386149948
102.2156221399431,15.949748929835469,59.353394396293176,35.31977351770168,2.4150119439915505,83.6144020019572,4.779174522187421
228.23772000417264,13.09990588645033,48.95290145912256,29.886893002856205,5.885682360623952,59.73238384230982,5.202119963991818
169.59077149561722,10.836949782906023,61.63395267031922,28.256781961394267,4.058611531022482,45.0,5.454758505531163
156.6669222338628,11.402824976107766,51.41574113593644,38.55726208271757,3.068472543238918,45.0,5.146159086069609
188.6334675358376,13.841204906215712,43.59529592058152,34.87619882183516,4.659991520585586,69.94475420092402,4.986332446419082
101.0482790334398,8.022154002914494,44.88004356358047,27.889797568356595,3.63433868065673,57.235741992986576,4.445504571218181
223.72276714911465,11.926058968477571,31.04419139249536,34.04853630013795,3.891567735773588,45.0,5.78066839579151
90.7102152484185,13.707581969079897,30.94468898166182,21.763220651135477,6.083223281587398,87.24751063015648,4.017207453432855
228.51445218491315,13.756487221176164,45.99976342426185,32.67947756485163,3.2558988329806366,49.86160315489446,5.652768915932478
109.65341716108084,12.343109283608436,64.16777761460355,35.21450212048815,5.738422306768266,91.3711163370978,3.122640196807424
140.34902820088115,11.311464827118671,63.94050873544964,39.561027411960126,3.0029530830971694,72.5363856969619,4.091615975971706
226.1423433078958,13.143567323590537,48.13077090259395,28.804085274290465,4.007282511374179,69.04239680134567,4.165979231152127
208.2196583601851,11.28672295464351,55.21278656006964,37.87966680535389,4.532442189356301,51.21133528160056,5.626698456581201
242.8583507784474,12.279414197570034,59.96271651554733,27.64507172899489,6.4174953788766,54.88175757509596,4.488053394834685
200.54183268884788,15.13231835244708,48.49109034911908,36.50441079440653,4.478810511065423,85.85943660886903,4.380019692022923
184.32055690299217,11.611665679198154,48.35168742970842,26.078371666586296,4.167622034484635,45.0,4.443601056416028
198.52581150793225,10.892684223643046,44.10626047746432,27.35482612558609,3.8246000251604215,68.52378974600232,4.386321982082393
208.1704157839137,13.216270428556667,35.42948617254195,20.26534739797816,5.544190748381092,73.3957591952885,4.139998434273661
182.55132125539936,14.798019823082235,45.53318397410344,20.39160969591155,5.948457643133992,84.51171688024331,4.5007937767527215
182.96558453131348,10.518945690569742,34.75887714051621,31.266897598186294,6.13267942324151,54.606125236745726,5.537325519462661
172.16695591501235,9.181755286406458,46.40151909546772,30.94536241403792,2.7184261787671997,45.0,4.778195781441058
108.79668859878174,13.766201104334463,49.41813170420068,28.0796880388681,2.5777352613482325,62.77102236189121,4.591509469860699
130.7810959633346,14.956565665650992,35.837403458650755,23.276012428072303,4.51680414787602,91.53638592365664,4.333632555831087
135.8869498294033,11.323594947530676,48.42807441782466,39.59007681912429,5.949741411783835,84.36599536870442,3.77054291310504
138.65060230512466,8.575125988631996,39.12159278771463,29.57414198372121,6.050616635050724,85.750603309748,3.74198949437276
106.70573446378904,15.80719165708734,59.921635384706974,33.38251143671209,2.3793875417993395,47.03873328312158,6.158557319018519
221.2471972702044,14.030956706516465,59.60523593664155,38.90734407102613,2.7450713804487545,45.0,6.621141948288765
205.12158910760235,14.57350801086002,33.54455393339058,32.453781858602014,3.568141979382398,45.0,6.342264673599056
133.0848411134585,12.677191442219392,50.18632933073384,26.602193823039293,3.1367258155181883,45.0,5.291943194405514
86.34720408834205,9.886797574754096,46.51660596392374,34.784169406062745,3.9773219006523566,45.0,5.542369908277189
218.75501922173777,9.534470573302531,34.07965595422385,37.62734559631716,2.730841678351119,45.0,5.61344265347326
118.40021258257548,8.281638412083273,30.443400584353387,26.703854499357647,5.599822229921523,76.05928738381694,3.945850387085962
214.4239814834832,13.76329750153364,45.13272127822256,29.255813673612067,2.068546125696212,55.83183025403096,4.681454090751362
130.5436227567667,10.829057904098256,40.589884744848185,35.18770090941767,2.604219701660126,45.0,4.554544079416079
207.77427794418335,11.575164944223564,37.074890241501336,28.19313413688141,2.5269064847177827,58.20960107470163,4.68170708735485
120.5424073062211,15.229973036903148,54.79586082744149,37.60226385105901,4.232133690114467,45.0,6.650238668798833
106.79226579009232,9.903623588435828,47.07295164247448,32.14995841657476,2.4354766250309665,45.0,4.904053707799719
203.1547128515452,10.570831085198574,61.11797036838614,38.475092235318186,4.271564874532343,74.45222067498669,3.882550480430623
243.4815988511372,12.743021519557924,35.87468952304747,21.568141853378236,2.7418219940110493,45.0,6.126278511913059
227.5495019794581,10.231765462501157,50.81181178757173,39.91050767299124,3.1124801850218096,45.0,4.779417755239852
130.02464224177828,12.817484952066543,64.99377282650717,20.99628851827689,5.331956769076748,45.0,5.768759425859299
231.05900048065504,11.082665307876873,46.68347953418287,30.0736468216947,5.401839230387035,45.0,5.073816663794236
205.2715970159086,12.31635820504034,39.97689700153771,26.164953722495493,2.287665787990219,62.588628937741895,3.833183410567108
236.89961242545317,8.832620868826819,30.28613647012985,20.408384842294076,2.051305911509661,45.0,5.397776769201338
88.94740561695104,14.293035619767789,48.67884610082776,36.19648204822585,4.403474195511945,98.66397528025668,3.677779148342848
132.00511464041833,11.582045588712536,52.3607565066751,23.299489008868044,5.576405257045879,82.33092711447077,3.2632736550594004
179.53993170978924,14.985798836409906,50.42795706104441,31.302537706555164,4.196506824536695,45.0242743738912,6.1931813168719625
144.99567567028262,9.5141244652678,40.14557145351955,37.236976101132015,3.081568743031978,48.18890275927213,4.594705378949964
156.04921921763048,9.640013983934589,54.53468506355618,27.399232065877577,3.1962820141182804,45.0,5.738508144627108
246.516217687784,13.222912456489636,31.076461264232464,21.669772407556124,6.310195132095254,64.74981654821207,3.8592599657810345
123.49556852830956,14.864265531762744,48.226160666339794,34.89990986175793,4.941768132576685,62.67484390227297,5.143450621227215
103.30829131351778,13.448582382163297,60.462214799461535,32.066416408877544,4.470515873654469,92.4686743407914,3.426486825255449
203.51227321782864,11.648838916970538,54.72313701867685,25.80933509983829,5.054707444894442,45.0,5.132852132619328
157.19400383640186,12.226745907079426,62.00712140305406,34.772466808428845,2.8843968351453286,45.0,5.277071456889189
96.4135555269237,8.33604662782081,34.383576615387,26.492108451964015,3.649609588598472,45.0,5.300355834361358
179.92077655624655,8.30356094870086,56.58087581632905,36.006454359922174,5.571692032331788,45.0,5.468750159781352
113.62873407639448,12.916541797867096,51.07782393938278,37.12536672931285,2.1913707920796144,45.0,5.582452543367198
174.43683514308316,11.39435008017821,39.3945798259924,30.983428218136364,3.5295245786541622,45.0,5.868099893241251
216.12491753330212,8.483753562981368,54.50250390551928,20.65219180981251,2.2422054448040813,45.0,5.427908874805388
200.67714115738744,11.952964005657975,57.784450531027474,37.920208286118346,6.086529074437101,47.306704656417686,5.05269281572592
190.0499592791615,15.799147186653936,46.889955516405706,23.01471721049015,6.025060687929454,94.0093431528708,3.688889663044053
193.46570372256605,14.143145224003744,39.95883264719711,37.65157716186067,6.291022339473966,93.84452983450689,4.374734872846827
188.98184897006144,14.46673473601946,40.90096525118696,20.07202426249131,4.017651212723955,45.0,6.034579439637334
201.1671729067528,15.337454416410166,30.12179308279945,33.40850539507841,4.293773140427654,85.4606074845952,4.906861722317045
106.20651791090891,10.06079521893058,64.62303253593998,23.3732667825727,5.153787199492376,75.95101496272608,3.911427255722412
141.6903639027755,14.575141077609649,45.91245324798032,30.224923912603877,2.779308533129961,45.0,5.760674543308429
149.73319124462654,8.254039857544143,61.9438237159833,31.443974032426837,3.3294639091091787,45.0,4.85103885436995
127.45823669395348,14.09669793407485,51.678294484100704,29.629213438672977,3.61114884864518,55.88535885004459,6.0776117177064695
195.92559969892216,12.108994711052954,61.74339335406941,36.55731800590037,4.212771996672593,49.017509060071454,4.212407385473902
248.7464005637761,11.306094798210296,46.62168445968993,36.81868686623457,3.425535123668368,45.0,5.69979594972469
83.3489200874529,9.14386433788945,60.922195302416426,20.535205389702043,3.2305833596904265,45.0,5.589406961976358
143.62811071617335,9.231385289740771,60.23832986974951,27.07312090378813,3.469179665051213,55.94776835056364,4.64392276895842
190.8014919941491,15.743016789545294,48.5561277020645,36.33655836941045,4.119248092907787,46.57805366199352,5.658986054441386
96.1083591785421,13.900510021792972,44.06007515145309,26.48440742963328,5.334588036278348,45.0,5.337101835524551
239.68024268350013,15.858278854207123,63.10215733866628,33.446265057461794,6.269388994943048,55.858707528887166,5.202475941900801
184.58992808853824,8.82369340314152,33.35165001415063,22.90910363603817,4.6941911969599,45.0,5.351430563411766
188.23340425466145,9.351287830622436,49.46475729419714,35.62170387252721,3.152688857111336,45.0,4.936424116465888
113.73818032696504,9.565481700123431,31.31067477257433,26.38510441477073,2.6508344751922834,45.0,4.272755008960785
219.9260766229723,8.609200565251344,33.372638799887326,31.4511887503872,5.676693096304256,76.59264207043208,3.732000334907815
158.1007221421953,15.014828101758043,30.60909956670842,35.0046927174964,4.913514944016331,65.43639924428994,5.223607117490707
178.043709865619,10.069925431461868,61.726450211687705,36.59264920284525,2.701747737099093,48.295702249531615,4.955604329963828
191.13095244276792,9.622403335754216,30.035164602924866,21.96668678714212,5.291281668443639,45.0,5.223041861019018
215.4168838973599,14.583448880032568,44.15467086282024,35.61637875667189,4.487714742035051,55.22743541379968,6.487776587358366
169.1012710898611,14.216982683673212,34.28598500972932,22.299298144347425,3.0796685600095204,45.0,6.292458514575943
135.73949567877585,15.935142115476726,56.104864846211285,33.827228249490894,2.65445616638236,45.0,5.754371189308516
164.48980589918727,10.23880861951459,38.40412646403938,39.51222082336791,6.45999186445843,78.91702847824209,3.4511169538204505
200.58912353337445,9.69256727860585,36.5171424953467,30.442056727856745,2.2959191729407347,45.0,4.211291120652429
185.8874232617489,10.631880734420903,40.51514919976746,32.306081702405145,5.74204692742658,51.866047485656686,4.070154237420154
190.4554239431045,13.700292428544827,62.13026528421508,21.61044520244042,4.484097663559262,53.554331634612296,4.938568928519487
96.51168441339178,9.69129615796622,46.949955958454936,34.91429651578325,3.2781028098487246,45.0,5.124992302927065
89.77057675490806,8.239325819948055,50.19903861415047,20.364384039936137,2.1195933856171445,45.0,4.645251963814994
86.36333684706024,15.251016631082322,63.28317517237598,21.75037181639177,3.7266892113519967,57.40550960828414,4.994346710698136
172.94302811183502,15.04516989289908,49.50524921313639,27.076852056777632,2.734403501683277,45.0,6.190993210447987
227.00764271041345,10.80699458664112,51.30733857382086,21.051852656619168,3.320144465234228,45.0,5.182137236527449
81.15362423515052,12.898248948573784,36.733622249496136,36.70635554637284,2.2704469972948216,70.0433493732951,4.205717403992702
197.95346563023557,13.64001991709776,52.56078827178099,33.397140528597,5.691799218228337,86.82836420370357,3.962221852242481
146.63560169175778,11.498278540314038,40.81680414559735,21.07975558433986,6.437357673505682,46.99304016263029,4.529724421341083
88.98066893527582,14.494408390167983,49.20597240347352,25.410445962291337,2.4407864413124245,45.0,6.082600204420105
147.32640169402572,12.121547787279283,52.31011296373648,31.957939565384347,3.957863670207547,45.0,5.203791124086907
110.90409520506486,15.181068566019864,34.43545539746573,27.17273151782957,3.389616357643358,74.73334153217405,5.388834006637925
179.08804373422737,14.502790428919706,63.00994478960169,23.77480029116702,2.737408036677276,45.0,6.479205277408264
188.7243332588087,13.202825501268196,56.35566022086934,26.80041133035439,3.0526983485596397,45.0,6.0374359627200125
238.98075141794268,15.307213160578872,47.641195302127,28.651337423363948,5.091944011679673,45.0,6.643251825596224
116.4342370709426,10.957798418188236,34.85271165163501,32.16023205227188,4.353770735921994,74.40631124761877,3.986548446027896
248.0962019246584,13.235361426907442,61.35989824006925,27.098978890112125,3.334692927328234,45.0,4.632696993877413
107.4029942707477,12.85842311017788,41.96916062015912,33.66105780415741,3.934097547957655,79.93152935457395,3.702459096567869
170.6616871277338,14.670936388254315,49.61902430356485,29.68308258702625,6.170937958634648,46.681089071742754,5.714617948753888
188.62631769204157,10.68489190439096,41.39477422631263,35.45170140237754,6.429406170828705,45.0,5.510071560820256
112.3193173341707,9.27837511071319,32.80670796051086,30.31367396566621,6.394558248760613,90.15682460935552,3.728320223690764
224.13730734302104,13.57048811030572,30.11640653961561,36.03372277831257,4.030127532719729,65.73927717125126,4.643858489447712
89.12824129437388,15.003286523788034,35.71857832327177,37.5849188694903,3.124249166132824,45.0,6.822582253813573
97.88064565684611,12.10751543425835,33.26965178822196,37.95078696152837,2.824542726010285,45.0,5.589331185345139
109.31873635124931,10.569681907902837,50.74662594287265,21.704981722901756,5.95711344155197,45.0,4.996802810124484
107.60031437631504,8.713092667697275,43.23839591033168,21.43959668669842,5.519212003850497,52.10974917152464,4.8319064485856416
80.79821337264391,12.494919841126176,48.319890110697045,31.13540191860512,3.975168130194656,60.461129094705726,5.054423280004405
179.46487459671374,8.030718873968144,30.40568069956857,27.108379894493385,4.788795341812968,45.0,5.942054518153716
180.1459317487028,8.148096752683161,62.42277861554158,30.7457860049749,3.901249060061037,45.0,4.066202295105596
125.68062336775525,8.866868988991978,54.190728788301584,37.20932717475621,2.166529590764655,51.32726644296726,3.9596179391710153
101.15960533805924,15.402743682866245,39.48975934022992,30.520664577890837,2.3167222514824037,74.50739349303086,5.000524369745712
121.39943371331682,14.019313126816831,53.718345946071466,38.55819889640175,5.95778052085363,98.69173527426004,3.506519536731292
139.9355904591242,14.447521433088298,62.41731057049758,37.0693404218657,4.384135145690033,52.84864558359297,5.410289373862524
203.26250070678532,9.53586013065919,37.37843661391595,23.049438907600383,3.8690663096998903,45.0,5.941265349358016
117.76130265603072,12.721968125623093,35.88032792185927,21.931836997537925,3.4541151960751626,45.0,5.704188933669451
86.75443920331229,12.102281077395949,33.62280710853581,31.788740237851865,5.265700032991271,97.1567333900408,2.9367678353473154
87.28046302080446,8.279650558182327,55.83306058202257,27.82435941988304,4.747908777916551,45.0,5.381147797164182
81.25649414704858,14.319860246923994,34.39572238585823,28.863977636853512,4.217956040867469,62.008180035233096,5.878386180280933
106.89859758779224,15.040988166848845,30.08360409654163,27.37214356699996,6.127960016984635,45.9022422696891,5.99548224082902
168.11773746053686,13.107070718488648,37.26597689077896,22.0117679713773,3.010021546272428,47.8896833234188,5.0974131859728296
180.7623638652986,13.27050362196582,54.42713682115313,38.756532694896414,2.6813468533318527,45.0,5.551832250174577
177.84333090231456,8.420873665761839,64.33967341497936,21.014047300257204,2.5576187581001024,45.0,4.676067923137058
169.01315180326725,10.0640031581243,53.39896064204616,29.87573237247936,4.488136618837327,45.0,5.134353946181321
118.19504808612032,12.029437235219604,33.96257082860099,31.348979157667458,2.541647692654393,48.62045806239408,4.650732800722649
115.24462331950008,9.07958419872412,41.91599402979598,36.4649377355635,5.321487304831776,79.223756261202,3.9276144238431367
242.03126364895363,11.270526490308557,52.59023143508862,30.624865715318627,2.141484223578948,45.0,4.955246834440548
96.6312035536869,11.334732772686332,54.159973480474896,39.59280187859896,5.89754194448633,93.29003025129008,3.099781567400407
181.63276123558276,8.530065522086954,50.485578448924215,32.283484414102645,5.505827217487013,45.0,5.462114421879491
201.11580107401664,12.696785416723586,36.52041954672729,33.72306819455944,4.1234946118893605,55.89646980966015,4.701652603412564
193.6980518748622,12.254283170536134,32.55233134941817,21.52443067989312,3.823336528147905,45.0,5.609294026747042
158.00471115006638,9.250824229386524,63.60214240665806,20.928900343485456,3.143503167748552,45.0,4.66687668342578
174.74697917023977,14.56841948792678,35.78136686678985,36.49221785362427,2.611810244770424,45.0,6.324749645159812
218.87465907334405,13.983042918591805,58.11419830146252,33.48032103846789,2.464598374941418,63.864526969666144,4.969076529170773
194.0478803084342,15.109963914765672,59.45814449185204,31.611552682667813,6.076736122056933,67.08839435434253,5.052493099334606
97.65252942787666,13.646780549290495,31.999939853169497,30.228711532337805,4.436137914088693,61.51999534522161,5.362664807026812
177.66474370223938,11.249347816032282,51.37450917093882,33.37646486895947,3.9410562058099488,45.0,5.046048074638962
84.5681393029707,11.41327002736822,61.33122481569981,32.48954085340138,2.108462777505028,45.0,5.020316863031978
227.3882768316097,11.78558896372845,48.34731467497223,35.71211229617644,2.4983701936883405,45.0,5.838045390272907
156.23980164525102,8.801987294602824,55.55913326400805,24.970000392145725,5.970857511138638,61.72347661272624,4.668148376582816
117.68920037408056,12.22129016682418,46.4340089771934,29.797136450229186,4.156415782105178,45.0,5.889971631824064
88.22740862660326,11.851948271116749,50.34891403884937,38.32995102859941,2.976644254643912,56.82041791852905,3.987067723855595
121.68279621762024,10.06233038711962,53.27540288375099,37.73941566086156,6.498792817521066,45.267974772951135,5.265831571213251
245.15001425110088,10.288704097765258,44.37088382965859,39.14549094929425,3.0212670548932263,58.62625024602308,4.598236186965792
91.61356821462248,11.149381734357792,59.13369784771832,34.94824196020252,3.4440364071779017,59.1844874412396,4.263764760821137
241.22095008147863,9.764085052224008,34.00389025276657,28.967746592572624,4.838049450658144,72.06654377215575,3.941933975251515
129.66358018785783,13.004936189365614,32.77972965243186,31.15747267331282,5.418414730451504,89.13522531618987,3.4914489426748525
91.56809498239603,12.675163927994715,38.628780837206726,33.91103602574556,2.0767575976431125,45.0,4.838226321871479
106.67950174389512,11.428944691467995,52.86777420676165,28.109756365748737,4.771481142578498,55.89357045314417,4.540704334208429
97.41293691253722,14.23410330682593,37.44620032815291,30.641924565801247,6.372292970508676,99.0,3.342805035120903
179.8135574641412,9.504266947444956,63.69809800306853,30.8933863033902,4.841523097275681,45.0,4.582735669247762
156.41826247624846,14.260920923498697,33.465879964899095,30.30314796803274,3.321307247445616,45.0,5.908063298950529
206.1577993674732,9.818658540862907,54.88280423862753,35.803638479895355,5.660847743839751,52.2790844547414,4.739133621248802
154.87404316550803,14.802189483435845,63.08154355014135,33.285836481667154,4.8847162337188745,69.72505244473768,4.576625876950089
246.6860353515685,15.641592093311456,57.035163919047584,26.94389174926308,5.301836322007356,45.0,6.239284177616806
232.40535043925328,10.561180391208037,41.71196397100123,30.810074010926584,4.439389230210688,45.0,5.203040552071386
187.3438113522924,10.50487444206767,43.0599366491758,34.88155788032058,6.478101896280876,94.56551084081846,2.864321041653575
179.8359930479259,12.339049828607338,38.09874191257565,38.279718704089404,4.234184291538271,89.3246408716033,2.991952286858345
214.71873392635248,14.726529777697776,47.492788954819375,39.73306229032592,6.036043719823426,53.33790359568364,5.284761044229069
209.23815062357872,14.02506347302583,41.718790946926426,24.323359675274133,5.5860847686664,45.0,5.770978036826424
246.7748513050547,13.597695022751068,53.48446556543182,24.8322803424922,3.0764741120503967,45.0,5.742475098088553
214.65258376007876,8.715935797235193,45.37035218332078,38.95674175146531,3.4398372638327697,45.0,5.979126586314408
213.60203194867407,14.611831066449671,35.62962400025292,28.32503394210164,3.449371584516489,45.0,5.475548991083954
162.11645113134637,12.673371727825153,38.26536465938471,27.963526511008137,2.145128040944016,54.82208928934451,4.631685611119623
141.19763690425134,12.59523690490548,60.31451769806817,32.935303319561534,6.117077777055672,54.35051292686289,5.096182214837425
93.675312084444,8.880121027492386,38.0134681302021,21.630589113495915,6.136256504032502,61.190445215391605,5.002236497215648
215.5300751347718,15.228873623987385,58.97656401907216,23.70191899773744,2.203287687789115,45.0,5.305526332573697
231.1772865158388,11.126081109129048,33.11027349066149,27.885218666372293,5.524104088351509,69.02709516299488,3.945971240752197
208.99451301729405,13.908628829191578,60.887208709935365,38.81083017898944,6.403629900174378,45.0,4.81917719974748
172.8512577329422,9.599367267469496,47.88545951407255,25.64539726348131,5.28550132801396,71.0813940972599,4.504293733552663
108.54895170159789,14.45399577831837,56.74085189422555,39.04442175108537,5.17586919058432,45.0,6.402820860647427
109.09120001930263,13.25850882331352,33.732795559538594,20.623470820445096,5.382761363972352,83.20083303719706,3.813321818973306
243.09618196302813,12.850548790949702,37.835237543464494,20.53120528688626,6.263863962422203,45.0,5.385730068491114
213.78685425700652,10.749917888785015,61.36034135414918,39.72533935319365,4.333537598254992,45.0,4.725634982106591
83.73710324333771,8.863969636903251,62.82016136016358,31.582269155673643,2.193452601028089,45.0,4.735761423287036
104.15175547092018,9.902583636461095,32.05313370774307,33.59467076285465,2.7385999601662374,45.0,5.372991042228848
166.7710607898255,11.661796182074742,59.28879815120614,31.989472422578693,4.03075343531655,45.0,5.854147981308971
158.1685335547161,14.445634766749109,40.36952560900333,39.44457896084072,3.041898913559028,50.78054184429788,5.186988172118085
81.87621493872714,14.504427400463994,36.05852856725225,24.82248902892609,5.426530386272978,45.0,6.711902289232654
160.04448103327934,8.417057315357274,57.16293462724147,35.0138477237272,3.0158477299406687,63.9322908983832,3.9907213981552903
104.7455884321226,9.743717743873544,56.691967516978245,30.57216992793752,2.7163339568092133,61.58543757879209,4.141449747933926
194.19592414630117,10.24270026277236,57.95728745492492,34.76719166159313,5.478254692306964,45.0,4.5048231286521805
84.11448219106757,11.99111670230669,54.76016528240062,26.168699860945257,4.122109922323976,45.0,5.780810679629061
107.74217928582868,11.192230068874956,47.27919889260141,37.62294159030541,3.252603987620379,45.0,4.756225902999251
140.59886022377202,14.081732128186877,40.17549431272354,26.426419577055736,3.4947235609259364,70.41801608844015,4.42861001174874
246.1644585754941,10.962149711977595,64.13981797000721,26.014462348796563,6.41878976504494,70.80914649856727,3.646594959965179
152.07797075994642,12.109690935034433,44.19217994427759,28.94417805271112,6.30927048138292,45.0,5.69656298015366
226.20391947666883,12.065717977191206,53.988973248630685,21.10179272634107,2.6912781504786687,45.0,4.92301101718804
189.1819336595296,8.83035334385594,44.848127494299696,36.85047035781483,4.9707777365464185,45.0,4.764930079761729
237.18225904922684,8.09625818184978,54.58708131044386,20.40276110378231,3.0564378842570097,45.0,4.052502959091926
93.91579058393962,14.062373039411105,36.33336675548005,36.3532683082438,6.084269970284062,51.5679926818883,5.161313804245879
129.3527617914379,9.269359196621393,60.357982916662245,29.753855122951897,5.032393043068383,45.0,5.071008176445551
155.30654053292344,12.783607019805704,42.78992131942124,32.06803657908472,2.669992199731062,45.0,5.69099165117667
105.84651894927602,8.600743848299718,34.72805936384002,39.847981180421165,2.055170755651839,63.073489056151,4.11819353176537
224.00619139879447,9.36086175263485,44.8181691773482,32.804963388174464,2.054666640308877,45.0,5.40646508290477
103.37798456586576,11.321029992284002,39.35057672698739,33.614388802249415,5.1177388525137815,56.98602042050788,4.530663431503847
186.5752748532142,14.58672655155737,32.57060286440269,25.7358997395663,5.449420224475439,49.717947840563234,5.957664771204374
237.8119718190964,9.114314186018287,55.768207210204544,26.272807093970435,3.143697612168291,45.0,4.26084134247396
219.98059929401052,14.86183864201071,42.76166904981737,20.27537638722069,6.337324792002357,65.16158929587219,5.465530672914575
186.70447411370705,10.89107571695974,61.76066002100451,34.19099198797986,3.298387186749264,45.0,4.70775605887598
201.01492722582665,15.151551174510171,61.36811943358301,28.188027312466765,2.013477734693111,45.0,5.691873068799427
123.312954362708,11.151548673589756,64.83724664178972,33.87505966311569,3.536996621474742,45.0,5.161376359193875
131.50458722490828,13.028326511462176,35.69963482370229,25.572018593879303,5.669987709113808,68.18110278505199,4.302359257079787
227.09406638146865,8.667970306597354,45.22111263178757,22.158151058654905,5.49871829472907,70.01233183498148,3.572881139367193
207.7500219560347,13.796106923151168,54.94396904560242,33.95965166105314,6.473630073110043,77.03708922843066,4.706092861411729
171.17933049391013,10.877136397233537,63.89087738519438,37.15985248375596,3.629064655306321,71.10716249193672,4.185959061627037
170.06603609897942,9.342644259598188,39.75094512977216,33.06870965725752,4.6383688847704265,45.0,5.755968860965231
173.17535265374232,8.251514299224644,43.8056892203667,31.468131212653653,2.7563302251028547,45.0,4.401990438587459
176.1119466910796,10.349264467128553,38.13233685556237,39.28660353511325,3.836848286693952,45.0,5.734732631118694
89.85576515068803,12.299304271796458,49.47730947128584,30.537372219339463,5.709662138448556,64.70730324537311,4.053705987185487
184.89829698834592,15.714157023308708,62.12805165436109,27.2843815358436,3.891121154090323,69.17287295888801,4.930404231693647
213.39653953717843,14.223867764138912,36.89846373577285,26.19538434812128,2.254272986380112,45.0,6.489355788732013
130.7190613478267,10.90456951887314,62.62682744994059,32.99205887111734,2.3420930831110667,45.0,4.843134258217912
180.98621763503428,15.749244834576151,38.0833624492272,39.22390789371572,6.21062391670241,79.0798985046864,5.164846858445007
245.2145825082316,9.589393420757707,43.42458252768155,38.91364386028772,5.516721948049279,45.0,4.928266757873804
169.49072151177944,11.805906685054303,43.44857322971649,29.03545530768205,4.417219948380911,73.68756689134915,4.219112255664902
145.9771272998757,9.245886841161653,33.687326900723605,28.10634930334917,4.529768978938656,45.0,5.611949522030933
84.3155945094212,12.271069106691114,48.21203974354636,23.971846937133375,4.580317471191966,70.16736571736361,3.8958488014888535
224.96844344255936,14.75065410013828,59.88269192704788,28.48094553668332,4.460919176658286,55.36928439340548,5.563557982051621
146.19370060325662,15.81615297117097,43.77899869058456,38.90238243118726,3.652149044352997,84.97916679749464,4.8700682173376855
96.48722596386874,10.007210883365548,39.42752522676443,36.72042374042434,6.472755066886326,96.01777249538247,3.145500588334764
203.18376050944863,8.408864207592247,33.15409667666234,34.530053973850656,3.976075411668624,45.0,5.774448862842483
191.90146469888663,14.523895190317475,45.38248928129574,28.521267921256843,5.281963440924053,60.75769938446616,5.204872859136673
193.48431422157503,15.220082691915891,46.56696312792485,38.01542722906869,6.051908254714015,57.35463754483785,6.25852025718441
163.22109525553697,11.589873923329478,48.06757241866661,31.56160504094384,4.309943178452228,75.70194853725867,3.389653143716336
183.06526303114413,13.832728493552844,61.51353570465882,38.506083568920914,5.629295142730841,45.0,6.070882011491792
236.07065069408767,10.456775710363267,50.91578799114322,27.74352763637565,2.5687387267957504,45.0,5.408636035495125
196.41217602681013,11.341791815327646,31.62026699325116,26.451137099032877,6.1839268862862005,57.5498107111796,5.249910523967861
156.0098804557057,13.751507233271738,64.99065772796912,36.942802760955175,4.055282291740944,45.0,5.96075132329808
111.04633506720192,8.737946907642987,63.31567422215856,31.780686763736803,3.754282349569632,45.0,5.339717256268861
219.50929293067705,12.36520035960398,53.95721293718336,22.23111924871744,4.517822210606435,45.0,4.920151211979799
218.045237611878,13.898504965107517,33.475866978676926,31.63941057850566,5.033740276088212,74.07601344580274,4.338909211682826
194.69047783012132,14.88831855257989,41.7780598064288,32.36721162928871,6.033932993173589,80.92115293800526,4.527983832678808
124.54479779177731,13.512822431242803,50.6001293688044,26.340678312677365,2.450617982561729,45.0,5.235838580627139
249.31269101160757,13.791082700712128,33.27990265686028,33.932893044640124,4.674597485284059,61.76369797615857,4.921246125326116
225.86695963166412,13.665433678486924,38.81466161763575,29.36091375781532,2.19764165168755,45.0,5.292345111667157
102.02806926811544,10.432773477656244,39.64119558291208,20.1534211158038,2.434064650979206,45.0,5.861350850960925
214.17016798109,9.046312340911555,63.252421016911846,23.723633454909468,3.19286111128024,45.0,4.830640846651653
153.89905433126742,9.27724047628427,31.22973350511054,33.06403025622485,2.3965142944958284,45.0,5.131402340554461
97.75850882181484,10.442262549154794,32.64627518039252,20.381057306695865,2.026292338428625,45.0,5.209418395138137
103.9352669450872,11.649713590107408,39.45430239466281,35.98063497926952,5.254644366547402,45.0,5.463823530251768
185.82839444243697,11.015286782675838,58.96152878056405,36.07270272214383,2.0057122265338667,45.0,5.7475917935930045
84.46931241132707,8.765402683545464,32.03890199701746,35.34700894753561,3.438000245894819,72.96664664745502,4.40301288728077
96.89299100628496,12.39954566808744,35.279556178204984,31.40684730752432,2.3488023236779947,45.0,6.146670868005058
241.44946349191963,8.129940760078947,39.99805467953638,29.61463864756192,5.588970404413357,45.0,5.256182595199261
230.179647111288,9.562794347559889,36.10733418830861,28.36797301383187,6.400987296569615,45.0,5.2950539252118265
177.18583194942718,14.192185281664225,45.08090284557506,28.249625145910983,4.1353655757840295,45.0,6.025354251081817
158.2815046520454,8.331883084232535,43.17790363046863,39.75725866930736,2.9150214109658155,45.0,4.215291616569407
99.0967044258775,13.018844767433189,44.85829349522601,26.89961344031056,2.721271215633594,45.0,5.579629513281867
97.1181638728655,13.088745224519554,36.67079506673541,23.127595808859105,4.254519215937343,87.72679270959256,3.560942686956934
169.86380971112845,11.951516905974772,39.50972489670966,31.478365594389004,6.073680354441324,82.3598668515977,3.160326266729289
134.0105393409096,11.588069814955258,41.62755666058656,33.58991887989404,3.8872459408874422,80.93735719257978,3.0041199524840763
120.94115800677932,9.09671150524139,63.82467324356812,34.286346678856845,3.2826681954472305,53.200586066426006,4.8805640443371
132.68278257291573,9.110518342170424,52.3163481439362,21.57442385973903,5.40760280962587,45.47925787850279,4.742833834938239
163.769760759514,8.622309774925817,61.40132737033345,28.44327247432217,5.778099121743498,45.0,4.825872862536095
119.22675926998748,11.71600993800002,49.364336750683975,36.87111797892892,4.586444185720483,45.0,5.546409747390924
99.13772574036464,11.915231048980775,35.16148269891333,31.96595826081534,3.080039519119844,77.8679862167573,3.965416814047526
95.86133327244436,13.55460569017758,32.08919173040032,33.45449086763279,5.864921060779073,58.09323311183094,5.196856256964247
167.79626669244436,10.368112306586331,52.39384617317093,38.050373362449534,3.999221391079616,45.0,5.228875886612004
225.6700635041728,15.675655418706611,35.98230990355363,33.90365011558437,2.128964633036231,45.0,6.257578997608478
120.58372020457044,14.78381967208882,44.160609397988026,28.89721778904673,2.7913484480728297,45.0,6.16967343796362
237.95585371763076,8.502318178340737,43.969530609799705,28.30216070057941,2.589812127928698,45.0,5.577362663398125
202.18334660263423,9.507081985539456,55.28964889397509,34.1170366012623,4.402002503663078,45.0,5.724212973278652
189.10885554191933,15.839139698790426,30.32561881877424,31.42526437817891,3.89768625751803,50.24181072368181,6.421049993697981
199.5796271552902,13.561357908932536,57.50889084138845,27.9314507804052,6.327521484988642,45.0,6.272523004458035
176.28439196140016,9.746813434252758,39.38116317779151,29.498306128022627,3.301389633056607,45.0,5.223189103933194
197.5723364588007,12.670634278719714,40.2866474875145,34.96492804579998,4.352991934898371,45.0,5.513165818854072
231.13374977800623,12.706867887648096,31.567649266183835,33.4839440277859,4.000745112281969,51.78177701695819,5.421673955191713
124.20110085870736,11.647994427112632,37.33460237820891,38.724752954652345,4.06189745544348,45.0,5.166361810852093
143.95731240178006,11.9962025662029,51.80154321362038,35.65545019638502,5.04481493845246,58.66808461755777,5.218588986194895
213.66993841847545,10.165694821436237,39.10736840568432,30.60956729313141,4.51300198043125,45.0,5.663981998555633
88.06202334761882,12.199466516700063,34.18395079926395,20.99353670889873,3.185953665676319,62.8600869139923,4.129947840889832
112.34775018622972,11.873493478060947,47.475594181528656,21.291213549965853,3.772946857520197,54.525935175571824,3.86898826014712
122.34825754267231,14.15632558140356,40.1174394712435,39.52455662866613,4.333890434250813,77.47466140859586,4.881978283324435
110.94631825242976,9.625342512215,48.59977382958763,24.497997965164878,3.722562714016159,64.32650852408158,4.099922761279621
104.3357165921072,11.837676281948395,62.34306786842628,21.17540733563,5.328180055057745,45.0,5.123419101162739
101.83032155668464,8.912620802917196,58.29599585399177,27.385129277337924,6.247564193880197,67.2154425813931,3.675717920125683
167.0230669284723,14.694318503570628,54.62143615262403,28.21384959455849,4.2068636496122895,45.0,6.057285767974918
89.4842501734421,15.87911858091882,60.9554131450278,29.39674620323845,5.872683823524474,54.81448551615784,6.01792215484125
190.07676239473597,12.780578241287309,41.135982470613655,38.852320959413966,6.165713186301717,45.0,6.186712601726997
139.2908687631188,14.800739396344966,57.567754933735856,21.89442112653921,6.30557732141672,45.0,6.096689253971267
147.07386237377216,8.193558621790215,61.32253637674248,33.04904620799056,3.3283254205680217,45.0,5.295426208944869
128.59618867068127,8.864003650673457,61.2500694392178,29.59627093647253,4.079310697658844,45.0,4.863547216427748
146.00371742836785,10.196282315512471,61.83302948918231,21.721141712788835,5.63931197639826,45.0,5.369212092564304
151.31951933751867,13.712778579339634,39.41594238268277,24.41109291231652,2.08137209712852,45.0,5.614051858538641
97.93305234560526,11.613742548205275,44.12978545041287,39.66701458050481,3.979770780598185,77.80856329632815,3.1297712329227725
111.51141281182588,12.49001041025254,57.7793904136722,22.22089114425014,2.759268652663411,45.0,4.669290873028194
164.33443833020755,9.42847029623276,44.99275831167696,28.698285916188578,2.8388586840832133,45.6858363065985,4.789055178203762
212.2651100630245,13.259437318172653,31.487627020562616,29.032231700700684,2.0244372355254407,53.77862607652724,5.334235286709912
174.46517097442245,10.82365228137629,38.41696850875299,32.54217882023596,4.159261242899302,45.0,5.445597962516866
237.0632384461318,14.178124980040064,48.23817401839662,27.52934146307071,5.856727180807738,45.0,5.514816811612596
105.33273250581892,12.115621415232882,47.68276788550619,37.49413654812423,5.294831982346947,74.14529513043311,3.844285351701623
142.3343249658834,10.30394691802016,52.69040666847178,22.755909691391164,4.5240277158857065,45.0,5.267577176686306
182.3097362091077,10.398371749534617,46.76634454785288,31.29691575727587,6.270843137549872,45.0,5.544119141356628
229.6076485693536,9.61333735641766,63.71381290302368,33.33196369689357,5.234735132055254,65.069328012064,4.307481837312196
92.1254800216974,13.249028273514371,51.4278198975946,32.613762916877505,5.001981604435787,74.28132514687643,4.8935555084481885
119.31879541312682,14.008057395058955,47.61008179531731,22.653469803498936,2.85223554355081,45.0,5.3205814898194745
151.93859932371493,15.18093157244693,54.59286431514036,27.437796273702972,4.217881013466175,51.67376038911956,5.556559343005448
102.64805181382243,13.52097550184654,41.08308495633258,24.281447264926936,5.678798335055136,84.89961137331716,4.166078844916427
224.8161641880315,15.306005641700436,43.40880482516759,32.02380212821956,2.68554423023546,45.0,5.380325359410528
198.81559322423252,10.094900679686344,47.69375956423755,37.179093008018754,4.905643821742605,79.62152516831115,3.675275442233505
122.95839471077858,13.41917396003068,63.61936236414604,28.452533588717912,4.067978410657478,82.46209626407862,4.100204452436472
228.3734109485327,8.794561358718656,60.44889463228923,22.36906137631653,3.249269455956415,45.0,5.194687940054786
215.46988336113628,15.748678140923529,33.20640368562838,24.18705609018193,4.759319320106847,45.273390621241646,6.561537895739964
85.09442946510391,9.72635905871056,46.88221142355587,22.611472263914013,6.372326420385853,45.312892590233645,4.890899469822562
231.4948838240188,10.362528988091771,39.13734243566749,31.106129778106663,3.242855331058099,53.470386489280976,4.643321065119888
137.0652963911296,14.211627542188156,53.34500953399268,37.21248931060151,4.814487007802001,73.00547966078271,4.806492107942631
189.78784971673429,12.815193926299385,52.475065559973615,32.001534785492545,5.248293710678713,83.56443301710485,3.412504628513981
211.54142002116384,15.542994256621586,53.32860951211528,21.349494947504336,5.173826514915326,52.3417470523537,6.034305105593579
188.9082593012016,12.908203881835586,55.15368522429873,20.445555199682765,2.324041588979908,45.0,6.339920139873133
172.69989527656176,11.691010338464686,35.45720957956399,39.985484966550665,3.11900907521212,73.47544022191326,3.6239686267746096
195.87523607553544,13.002944284592104,60.52225052775154,26.572308924743574,3.2350264688367614,45.0,5.894756500793324
95.12182163128725,15.076429127700864,44.7149276204334,32.23981840219544,4.089431423411118,45.0,5.665683309193988
97.62435496735355,9.171398619718929,51.77755154183099,29.38532074773568,2.937601433536255,46.52585988869621,4.764732443260304
211.77207685494147,13.261275671318463,32.25335350935016,35.30740904387584,5.227776988851705,55.53995771142244,5.889792231777451
162.76025580722956,11.760025831926791,44.49872693576944,23.13432271615745,5.979445210597209,73.83609458200976,3.4577129859892817
97.19321047486989,10.59926456819338,47.07056338247985,25.70074769866013,5.948173768643281,45.0,4.555525303712217
137.72652906150975,8.264393300342565,39.20209047916917,22.523044835006885,3.789488935624354,61.62765333211016,4.8036457990542925
120.98597894830078,10.511520329248867,42.43986100922369,30.974128665015563,5.403370306310308,84.7759478664051,3.8757707579679206
116.11275118865126,13.427457644220125,33.61359121685342,26.56774359308081,6.295809251154929,45.0,4.894860854054724
113.15636249426484,15.588879036207704,64.04596914378284,22.23927654424054,2.99851872941307,45.0,5.653683510178343
164.19350691496862,11.85391132986193,57.93172013434925,23.617055413909604,5.5536351436498,45.0,5.491935284455286
244.1355265298472,11.852317154921815,41.51526081925088,21.84627247933068,5.488270821361549,59.10703491422592,4.546950754675498
115.09288806460498,10.211959554593877,57.06369735285461,20.63956396724909,2.9202759550935737,45.0,5.544678561222621
112.40377108700244,15.25286493417212,53.3653601710388,22.71168645839242,6.027927940343984,62.69230707290879,5.19745453230856
248.4751863340493,15.437927634816536,61.44178188292064,27.69394642918317,5.368924342881979,48.15511123268394,5.848072321165733
179.29219867949786,12.642706330882389,51.53932635514224,26.631066752152456,6.111251781367531,49.942416754880114,4.822264672715584
219.5845414986682,15.462198271843326,46.33545683205513,38.83163096537483,4.174860039898858,70.63148662286939,4.701020156026374
174.0750426346844,15.286195227792655,61.06493898320906,31.8699358471342,5.623706351748315,45.0,5.597539074131479
168.06325338298583,12.417908651563083,32.97268231021047,22.16529454929869,6.432638383261455,45.0,5.687817875812209
101.19328963186015,8.089507045459934,57.76261775871036,28.08042180084393,5.684843490578021,69.32755640448472,4.249027991537256
152.34923947995065,11.714890467307152,47.20850206020694,24.106657540884804,3.3327728071977023,45.0,5.238835264761001
124.67682949613484,14.515720547879187,31.57687864607817,31.924961420188545,5.609144150249815,51.17225435732655,5.76187082089407
93.02060164519963,11.944212512304336,41.675353929872536,23.47624896890686,5.131015032247834,45.0,5.524810074764083
241.64593645464345,15.604384759820062,47.725923190588055,22.13599007535301,2.293390544362788,45.0,6.274673757242246
224.7286154108777,11.155967825215022,41.86049893860569,32.142400961747725,2.631269463705506,45.0,5.354349007309216
123.3923352531554,11.569019582761443,42.82558747447805,32.213197094597255,6.088776124812003,45.0,4.152131483096941
143.68103017271054,14.704714583863094,39.73140431134063,29.3758221378021,6.289652769246793,90.76002535255353,3.5094235481978413
141.1543588078939,12.847978779697076,40.17750754508893,25.631054898280063,2.948462668390197,45.0,5.641822165076374
204.9889377851174,8.363104146945924,30.916711333153017,26.536298317774182,2.249428788217104,45.0,5.720630068412851
115.31176814744845,13.315271992854946,44.34614807037039,34.99013508673862,5.400992155402594,45.0,5.575747396047733
212.89328828860397,13.21854701312068,49.05132293272356,21.133506459368604,5.772562974766463,48.37632332569191,5.415365407920884
81.40111201859219,10.906843764927746,62.07920736536592,33.11145670734991,6.337953055133149,63.44201295664218,4.960947357668362
195.3338481567937,8.294506511869837,61.40966498721851,20.480309179055176,2.869962604229401,45.0,5.649619301181183
168.17981359925813,10.408059596046996,38.8864670884238,32.07615282325256,6.007167885849719,45.0,5.216268013542914
86.57719246908343,8.432127184323331,39.39091743346066,34.49826822051332,4.985637829818039,75.98644655397334,4.185227942068519
245.49183453597783,9.337375943368832,33.70578964411784,37.097778805853046,4.821589227612818,45.0,5.314980969551068
111.88416639156102,14.82332254067376,46.16390642967559,20.847290036568957,3.09804395856147,45.0,5.496451031948366
130.33741919388683,9.28921967863118,33.667499277243714,20.603394925463423,3.5067288309199234,45.0,4.768482648296951
189.34823628472,11.132840128736186,49.80083468136648,39.276232248530846,3.2920526696755887,69.32077905231628,3.792486396538088
98.33794007965408,15.52702688168375,57.76605283328982,24.906311883388987,2.1118429480613536,45.0,6.146859179243718
186.6802895648592,11.481829344247778,45.02716506916195,29.03791481707756,5.900159168679171,78.37231642201166,4.300012352839444
246.48757941458507,8.324921680173645,54.55622395127348,34.31391622412521,5.981437405627919,45.0,4.5436009985794055
208.91858453932505,13.915630111024551,54.60009555142047,39.79561461799721,2.135438588294367,45.0,5.889544657438449
106.8586459179721,15.134625350398588,55.09880901058099,27.24901265469759,6.250071670234867,69.16873070751774,5.876437856009465
80.29552167638369,9.603149017712983,34.54223642572167,25.987793304726484,5.025087807880071,77.09874053090233,4.260660636191188
100.05093742456133,11.947568317738211,63.28632700553422,20.93948000725076,4.899524041444046,45.0,5.068657466107991
206.7473070051996,9.561375174393936,56.67309722923956,25.947158655820587,5.714808234836189,45.0,5.498011433358943
158.8198049386036,11.66922904976152,45.24485208044526,28.54995102904688,3.937592672540851,58.41841371600309,4.604275847076665
230.9807179574265,8.998583329555856,40.42829082875924,24.752238738503443,2.0491646161369568,45.0,4.722146238970664
149.00416912108244,11.914001190467062,34.23359006575308,26.13666043833914,2.7556745275992824,45.0,5.758340216850826
248.8254006446421,15.413276412791545,61.12424985519052,35.43286153715415,2.880106036298861,45.0,6.622901292050626
202.4594106438521,8.352656042024288,40.85073634067171,32.83521830325232,5.193818563755922,51.108023029728166,4.9846287609162605
190.63687582947296,14.082455040610508,56.93966553348459,33.19769766291977,6.317052376681509,45.0,6.121695322017672
216.28073786655065,12.782145640540504,41.478360999524405,25.067099897953167,3.407950045592227,72.0701919432924,4.283461553142073
128.05026540816465,13.85500131811175,33.32857626330787,27.59691215119917,5.133770186909507,96.00186865507972,3.5292683491308874
137.98820054001916,8.83127043931407,52.32866029554674,23.950556352319143,6.461391793199535,45.0,4.39738445452716
102.3446035753434,13.411549059305957,54.732783585288686,22.140591256846037,5.02157263795766,46.23247792968319,5.772919193431946
129.79066541086831,12.666534545565112,30.93218156660572,33.12024151600756,4.4528567345100925,45.0,5.406229331247275
165.3764866637962,9.011131071899372,56.61921073338005,28.999929634850798,3.066783324044415,45.0,5.193766526017981
246.9240661348721,13.784613697143016,60.96349931652192,35.54562787784696,4.565804449832851,45.0,6.076401423584208
213.63862338845345,10.514998924378226,32.52335744515178,31.87461928165918,2.255256629696635,45.0,5.241250285982117
129.45532840045314,15.75258486690626,54.4460627396896,34.359412927389634,4.232616329553477,57.92841870838596,5.442192636591011
125.24550575513942,8.22552763817571,45.89819088575419,34.092005344513616,2.982459709489305,45.0,4.837218933709115
129.96055324192554,10.950622633123594,46.97283114528499,30.906571532769767,5.026704777348742,79.12412053793727,4.061204129147312
171.04587003665355,14.96287967089026,53.849388058470666,29.02803290683949,3.054278228627447,45.0,5.621052726811612
121.97832817374116,13.157945999344696,45.95345609538865,22.46055071195425,6.308301266385318,74.83373389705639,4.78157328961328
205.6884653830728,11.342041033515752,64.36656782130494,35.41483401105593,3.467941321076986,46.41192441109673,4.588402125056412
204.55612280497783,15.393204993802916,45.17276482140796,33.37138360555798,4.287223792319906,45.0,6.113331803666688
87.31730608933964,8.953115764064005,39.29468611334912,34.874176723919504,2.151587125028146,55.530088196697,5.1698043071239965
123.6530601669572,12.561772353785702,39.24618452237405,33.18632609960905,3.959144090255582,88.66597491133913,3.5863407020877545
114.49466061834124,9.629045562858952,64.61514100210826,39.3033561777408,3.478846636620827,45.0,5.613726370537412
243.75096676791384,9.423902634946993,52.02690557264328,35.421761280270246,3.724573896860941,45.0,5.725569518898986
162.00725792029436,11.531020555364902,63.3096940361677,39.06214875185957,3.5559820796435235,45.0,5.29688224800117
196.47099874902185,9.242602546812948,33.417197884495195,22.46808443090333,5.048458820282448,45.0,5.470367354671385
123.69694703842283,8.55127557619398,57.98123135314746,35.27790638917399,6.272261879104613,63.86897255994979,4.453235390702928
149.04312829250262,8.501470563524942,61.99911234754218,36.56516478431013,2.5263368011926115,55.597013670259855,4.261301118376767
207.27153467059173,13.387441885914004,43.9103897477696,20.662257912180586,3.3561862476786337,45.0,6.169256828123897
234.78624130556557,13.175748893270724,41.50459733001082,35.90921823136452,3.5155449307670352,45.0,6.2567341230316895
189.68803813259476,10.62449664210106,54.25280806177926,24.47427661024668,2.096707640609235,45.0,5.134426585396451
192.76339174939147,13.337421220830128,51.922019900646816,36.68513586784087,2.754723105009306,45.0,4.855388993629531
157.84591096565092,9.995730277102584,49.04168685397099,21.358496541407924,2.745855550543593,45.0,5.966066683687764
166.05531855409845,9.503925806919304,59.16905668062213,31.19514326176417,4.67394038489043,52.60103067825567,4.471367586330887
245.06215123867645,14.049793922401523,64.40275303492139,29.02672237190988,4.069821128190223,45.0,5.94741975697989
195.6412222818961,10.212736717031502,37.64899728659165,21.86585602329888,2.174905855827391,45.0,4.601846019175549
148.2329267859809,15.530487722081135,61.74566183403127,35.239951769269354,3.954534170684375,45.0,5.516823891546294
220.9444645302329,9.69890021579828,43.90581099008568,24.16430216068306,4.681914191823115,45.0,5.73561115182076
133.48237858845394,13.125486313457422,54.48775625801086,26.797856735560693,2.1132225720702578,45.0,5.727872585353774
161.8505890333821,9.968930285785316,35.72893254588095,34.12795532288311,3.1903449958783576,45.0,5.269625496119119
153.30169020006986,8.922802922262422,64.23259231009621,30.042804719460012,3.2575475312084965,45.0,5.550068433397745
244.23496973862072,15.13015026023561,35.651547114539085,39.23812375227187,2.41976709172352,67.33366595453614,5.2302020866498165
228.53916300391327,15.021046992172728,53.05560760118206,21.49992794282295,3.2495542846493537,45.0,5.942673474717768
108.19360794801696,8.897740855686866,45.770423214472245,28.05746341878494,2.2946687641442427,55.61342216186523,4.253770254629366
136.05668895140286,13.919685839161602,64.9776592471031,25.900717261218418,5.328667482595714,63.66772873159925,4.791877292895513
236.46555571350396,14.79960208887958,45.86181532770696,22.470610513024777,4.27978093112189,45.0,6.341256285583391
143.00276746042258,11.041976239280018,57.32498314112184,23.793141468233067,2.0795120262940854,45.0,5.613327388886214
103.3310758255663,12.527545403047773,60.53212033640205,36.59876463370794,3.5695328498665777,80.2525963993722,3.9711180500598
116.7035565139083,12.8143478998671,62.6542337009927,34.63370426577693,5.703620214029868,63.097213120580754,4.4357424431893335
120.10990223773668,9.627564965850825,44.38828935009352,23.413621093981835,2.7992992074376684,53.6785823544635,3.921399670586361
233.3384669872911,13.402028411752504,62.72894806180094,25.217699000737326,3.441366671299319,61.68556786257384,4.888074212183737
186.8654048025961,9.51157926423457,42.02019373984888,28.63314591390989,3.221705044202965,63.678048947170026,4.083092786749107
246.4114675006675,14.20690243020504,38.22479648423053,36.36363548099867,3.732694011741801,52.37864562153158,5.313380885470262
243.31366633979303,8.463004330068518,44.53112625385413,26.358039102923865,6.115411846443154,45.0,4.60611414355964
139.55733557362447,13.651845303812175,58.24968208321097,35.29156137192369,5.118371094551469,68.81684266695092,4.287534458430918
248.89970811811196,9.2408019288941,31.13829675526384,27.817884962371902,4.509660160599008,64.3852657360699,3.800548288521771
109.45940137585848,14.107106103129796,58.32181741327204,26.750897934016702,6.242670122903339,86.54200799910029,3.2843713543639086
163.02424493502508,10.00684683049312,48.523813822096365,23.28439740747265,4.208060123946147,59.71389228882844,4.459357431856437
193.0532623357198,15.595763545265733,45.39193859939581,35.81647907598422,4.645699869247843,94.19660498951502,3.7732780639368064
131.05444950175638,10.71549104645756,56.3872615884017,38.94228095877802,2.192844377619571,45.0,4.8072334506258265
106.40637816390895,15.2372452139384,58.112106299871584,38.02072093282284,2.932711126155285,45.0,6.402771102312263
182.6725393764108,15.417288100415847,44.32009928177898,28.072525772570327,3.1559662109773576,45.0,6.397726519438136
136.11654016000404,10.133612274925472,37.69376503085292,28.348765667423876,3.5930033463107485,50.05382595717238,4.964466034151903
80.22132473004194,15.768246303999376,41.04540126215049,25.543053130709232,5.669465939103874,66.02464845405565,5.356804504508463
113.47456167772012,14.378325355675674,62.999591010013134,34.97030809687135,5.970022627208063,58.54124684204128,5.841084486379243
166.6153310898759,10.70693083843115,58.13851459456328,21.95004452074188,2.512252420643672,45.0,5.30017014510545
230.8156408838036,11.660729328616506,52.82984411212023,25.71146643948029,5.440244627547604,45.0,4.583102358025927
105.6978882410093,8.164736074049717,44.42436345089788,23.5334656246002,4.563655605554943,66.24832060088168,3.981350849089555
157.9275368957002,14.55295593642212,49.11388608796688,39.43330826856766,3.164098864609377,73.93921180601544,4.6934157934385095
95.7891780700193,14.561005794019804,46.11038414545854,27.59345357669184,3.6478896629698463,45.0,6.007141502151423
149.10834576168412,10.726244485843374,30.210127704770848,37.21440790293693,3.2520587222745814,45.0,5.859586041725144
124.1291546155133,13.09465797396296,56.83856309848346,38.24058033699104,4.646570734267371,45.0,5.910043594077102
211.9546286901001,15.074438271533936,37.77816020485402,33.653774195433314,4.70194990628545,89.97116497901757,4.375465734441796
85.3748832773372,11.780112804948132,49.52484600178632,34.029984986467554,6.218981283150817,64.09871506092226,4.3438399202418925
121.8157110761922,8.047781233686072,59.28142681204445,36.66512481137407,3.510286241178778,48.832856420478464,4.52177364149536
83.36956481748288,14.91904707253408,52.47424163362463,21.65414411961632,6.384230333374725,45.0,6.323918475212189
191.86292307238423,13.093543851112187,42.83936949811716,24.941707007023865,3.1480768698928103,45.0,5.657886709952315
161.86698652615215,10.367562464331543,59.11633548924616,30.148556854108563,5.72185532090937,45.0,6.015382929645856
210.43380889504445,8.943635961319611,54.92015930747588,37.622018009810986,2.831164073152515,45.0,4.50092334440237
206.06415630407,15.897315626302722,49.06691240685932,35.45667851970394,2.53342962777845,82.73284351025643,5.257518407734202
238.19329299586516,8.637023600941232,44.25900481195477,39.08428069320236,2.227553609487836,47.67457894764014,4.011425298095387
137.23534104344895,11.41188898328608,49.81901858255946,32.460323526974,2.138710629787723,61.32915558272474,4.655459292328407
128.88094630076588,11.563929204794828,49.91698385129634,22.573868401700416,5.711011084593758,82.43483201665724,3.6816534582218674
207.493323897012,11.832481988726904,46.70280446499554,25.05791832664591,5.215486537869273,83.92611672136748,3.2547967004008247
116.10037006993012,11.40802064035348,56.59564360160489,34.937699199029886,5.45382976107995,52.29398007104622,4.810222264444927
233.76008098609276,15.703580871160224,58.37976586513841,35.3135612855655,3.91180870156239,53.317988822893525,5.794656810673656
165.05583973203557,9.282315929851665,34.82967321960388,32.53524675002525,2.266843914603917,45.0,5.072773828735581
200.6476898269858,8.486182485576833,53.66941493856194,26.06750097700267,2.1820505939705632,45.0,5.141104249248796
195.1331605388252,9.03816895265638,41.12134338944385,39.222427798844585,6.117739979276652,45.0,4.956593508294382
214.8678623474722,12.081179255440333,31.08709722162884,31.002192246554127,3.6313412688305897,45.0,6.150334447882919
153.85533088746604,9.35433084100058,43.54004981967128,32.48296471937252,5.842269109838154,88.27768978422318,2.647968738035432
163.0082532473266,10.285280620215692,39.89947363746954,30.20037471539203,2.4541722518596045,45.0,5.193207544163156
204.29821664332565,10.846836424832452,40.71015180852702,25.878357654177226,3.741041762197335,45.0,5.303267054674271
148.40238164421248,11.27649531470739,34.68419553181404,29.41028157292752,6.377337592200669,69.15225660694855,4.394807648120453
195.80451769770875,15.219427647492466,60.14732763404449,24.090847332586478,4.576752492212281,45.0,6.213309592146283
192.99636313923648,14.349145833557111,35.77181084221251,21.096763390057703,5.017096526513613,69.96580572481403,5.36966768360963
197.8231945869688,10.340875890793122,47.82660868341621,35.16309856416931,5.512574034660451,89.28572655330906,3.917208782209985
211.44004202440595,12.684054822205796,50.34591102669812,20.7669465252618,6.21966416893213,80.07814522366954,4.0363958168128375
198.4574913733056,13.095239531358876,44.91964962716615,24.027307219779495,3.889077616476611,50.34837967978939,4.501747213770441
84.29866907170504,15.966621472275737,41.58019410362225,20.80759507349127,2.400085409405987,45.0,5.3029827858349
148.79559688263757,12.99770231242801,59.23035066159612,22.20385147089762,6.329333036008159,86.13814265148933,3.557555634188495
174.8958188349393,8.646801156574819,56.92305207998216,33.84519118569959,3.743603754439501,58.461444066452096,4.263678543321635
180.0670987659081,8.97241029130147,40.84431974148188,22.79387784450397,4.602403517990634,54.01302331799032,5.132731847311992
241.94189433240504,14.09234674008664,62.13971647692502,35.21759303796182,5.813691245499783,81.41592139344223,4.143717519614229
105.7397633152433,14.468288551617963,36.41248703915227,21.12874318477821,3.444718478573712,45.0,6.375984895113122
147.92950439561042,14.44956809467108,35.105738771517736,38.73856749387839,4.54889926557553,95.81021739843752,3.571875854477637
170.34740791293694,12.812348635615145,47.08103368816029,37.5123941101574,5.722864355564832,87.87702711653735,4.321787534184346
152.47636834604424,14.672328094240676,57.50249864690712,29.77795428535672,3.4955211117119718,64.09706924980082,4.734672127507469
187.11292273947043,12.445016890853434,43.83326520597124,33.87777107007948,2.6693904441077985,45.0,5.22390928508505
236.12288091405895,12.214948315987542,40.9458798202667,26.767682605248066,4.762636517831759,49.43053450038445,4.76717780325027
238.1108023134573,11.35806059424432,33.663060590283735,27.1228491199727,6.150542891900643,45.0,5.862759136285439
172.58056178120472,11.28227087151831,47.32270163123879,36.66396568194504,3.4149995555746324,45.0,5.736755351365899
198.31374079828876,8.62092141962734,43.62804460258226,25.98243336280376,3.1797368067904133,45.0,5.062979744938545
216.1325206860172,10.965735348195263,40.98853865169173,28.81148937898505,2.2765569043029843,45.0,5.685694300811434
164.92102024908272,9.536578139804188,47.66655499173357,33.949129880582284,5.186506886592346,75.46671004408006,3.724160586001184
191.93276036333583,15.361660813913195,43.091712515005945,23.429038486599417,3.4819091336260684,69.11160326617492,5.064337898129855
96.13465108102234,12.236097060052812,64.76996879242931,37.42293839559066,3.2058533198323094,78.59100753082102,3.906946956202792
195.52279329085223,12.298808647343655,60.49509048540884,38.48986145649453,4.759736608779319,73.05691531276712,4.042562716236252
191.252057913046,14.296250106761782,44.46602462026676,28.052479572111075,2.525641059585051,45.0,5.959300340224599
210.25408212191996,11.38795621397788,37.65509509065287,34.13539037820558,3.307413852370998,45.0,5.668732124201863
228.52092266340813,14.559231374603794,31.761775315455232,21.823122102594198,5.23099594389403,45.0,6.383788390105613
114.27209120214988,9.596625364416232,45.06028802324112,24.896425690080896,4.241123037582365,45.0,5.89990813563203
242.0830476475814,13.801545324492013,33.861972798835595,23.232297675769463,2.3025954185236395,45.0,5.886891656740387
136.71000768737326,13.412143103093968,37.71546157357773,33.27145246616489,2.492979905445925,57.32392551015857,4.963716345161292
208.71298065272637,11.470362927167816,59.24149162032225,34.36594307605425,2.77259282111833,45.0,4.80386789848796
96.37248676462514,8.38878129275474,57.65487326443035,36.82594985461395,6.192607189160042,53.6827561900289,5.299880570792171
87.75684966505877,10.394212588074,55.87989582504432,35.2585003067297,3.945823517681845,45.0,5.608118807998192
247.14561308732607,12.08096285731484,64.66922659261138,22.28232675432345,5.61138440188634,45.0,5.848722553603331
107.5685538391362,15.566295483638648,64.57716413730927,32.67192765872358,6.3179615190062535,48.232553472734175,6.143121658938925
145.51267162229976,11.11962672165948,56.15242889821323,22.752001489999323,2.0105441754799243,45.0,4.704562593605532
158.50438763956026,9.92561886703959,39.994937437270224,31.860107882646275,5.374831684075197,58.69717746131398,4.632172597491897
244.42323087533288,9.581470778242164,31.67731327773015,25.278273771655098,4.38218615307842,53.21222775011654,4.458504757748308
104.95296948598352,10.175655360464166,44.18609632260193,21.34445890613995,3.3787372122561656,65.89795326067845,4.317292150304301
218.07442739336517,15.607743576943829,58.01183171903911,22.03029640220194,2.0679271042123872,45.0,5.293689253219175
171.61867464994032,8.611619002971342,48.41732868258197,36.678153769915696,3.92217215047115,55.29897754517849,4.768496534238226
104.891625850557,9.204559994619334,36.12832794927319,21.267057142964138,3.1157249489356778,48.649774868928944,4.729362375275915
212.66807839866797,13.676606627408074,35.004350203511166,28.088896311026907,5.27611046478306,45.0,4.957174038960108
81.08611982855939,12.500401955920402,64.76260983943016,24.42636021756785,2.789151556360067,45.0,5.44805823189953
212.22004743159656,14.238070873167132,45.40953810871629,21.58073790634423,5.636285296404581,45.0,6.256712644841377
115.444979600372,9.435159698379184,64.84182878260151,26.350231703750723,3.773826598415428,54.197077391727966,4.4112555544794985
209.0387616029457,13.43960670404304,54.35270260163163,35.739662611126874,5.410610413189696,45.0,6.324095529253848
167.7625410062923,15.479927173892415,53.7329136429372,24.41545397559252,4.793065036357817,45.0,5.659867466276733
152.0152497368008,13.932025740548571,56.25433549260529,24.886316639375625,6.452812267508499,89.22796188979359,3.82466784695536
146.7254245733899,9.035544035197065,37.46066405900848,21.62148110901305,4.094572356541642,69.9817506145165,4.050698222032963
148.34889495516802,10.02625206143301,41.21868217282862,38.5861925218441,5.532821000401819,91.06666174997846,3.037206343816695
108.42649639870189,14.196561739905484,42.8545469651018,36.33953375495334,3.825368504398043,65.87302813334992,4.886103839266963
173.2644352339429,12.928749657357734,32.25305534105117,24.467512517432315,4.444682587052402,45.0,5.118658294478955
112.95264883369292,12.89173545313217,62.897492843033184,30.84340638353934,3.4885397912602367,48.74268723973194,4.242052458083092
225.2323520472916,9.97172488579782,64.43030441139064,28.27675053111924,5.767891122845568,60.05173808338853,4.269436829460841
236.4632068933284,14.98777892346594,57.54521542282918,23.862620570328943,6.4410627504214775,45.0,6.454453531902333
89.92458553688945,8.940072610686821,51.18016435500515,38.38730234266442,5.606261375367958,45.0,5.787577963745097
87.56472145930394,11.723509577833918,56.259026431886376,25.743447232917543,5.112366692136181,84.07621240464596,3.1492932749703444
219.69429957047385,10.947261778485371,64.649193403249,35.828987880087176,2.630171622899893,45.0,4.427586283101096
123.26348976286394,8.039921270561003,49.93734117154864,35.09502365266799,3.332354156763428,64.84562770721915,4.320030911387189
105.54791391401209,10.142782879222018,47.626538831916776,34.848848358235855,2.884069080485695,51.352961038205095,4.835406846621396
108.07427723403605,12.83910754484736,58.69415393890357,32.0205162864193,2.866971612967579,45.0,4.9967827040528565
223.85534544968667,12.844243246129029,62.593354228362216,32.640839476237865,4.967997826928616,45.0,5.965580033826768
114.1809620130572,10.028455220255498,52.3974137565875,29.27484471427563,3.723853508682053,55.167964796558266,4.879719697161412
107.1898673191658,13.375962908621808,49.059799753077854,33.79929472271074,2.678577525012632,45.0,5.987283973557586
128.12964815754276,13.16310967318412,50.52762062873524,21.57911511174605,4.273612967462688,84.64320901264402,3.9990621636050303
123.1081767192664,14.122567972368545,45.77391333835854,36.71497185882794,4.528827159897533,91.21885165903466,4.280699973373007
86.97661010649597,8.910341287513175,50.656959386603816,23.82544693951297,2.262450362118771,59.35822086699758,4.2440101045660095
129.30850141432387,10.012646340341732,44.96294008160153,20.007652246144044,6.0182175713625625,45.0,5.81748336797809
198.2590867864957,12.643648706727022,44.35866790430954,29.506921407982425,4.276714219997972,80.96471872875324,3.2518661407437865
130.36658667335587,12.820240591486684,63.94564421068777,28.315057674362052,2.1402265971228207,45.0,5.155320550841285
220.401796188992,12.937785809400308,57.445545096422464,23.091947993927363,3.056980948164955,45.0,4.576767214199275
196.06346869100076,10.758091262471336,36.32019334441637,25.503765277589476,2.7575963265916417,45.64067446819219,4.489393024528945
220.5199785611944,15.315818138871087,34.20655216757548,21.42056729914648,2.1220092935969257,45.0,6.243905556243629
191.61626983162424,15.96321196685858,38.96979649424623,28.019100831892267,2.01123566162975,45.0,6.366949312603737
87.44545531646459,11.768589579298492,61.8324420473351,22.606235297395,4.366102235434839,45.0,5.327282439511457
182.39670550366935,14.981347309726903,48.28832633864033,38.67297338208304,3.032157353599536,62.6523156619694,5.352164643373252
203.94727423863856,9.47560977982662,44.65873653954988,39.087014761729804,4.311145078625268,74.96208273542662,3.438001519187168
116.05872620583304,8.181267417848275,46.36738199284144,20.15072308076813,2.1948624436476774,45.0,4.688664339741257
228.0816240948494,12.145568963671952,46.19212061139821,20.695612536996453,6.063454171522731,69.9045282943591,3.998667891066124
165.73992255883866,13.148008198260214,31.944634438957856,20.369239155511615,2.417357297132459,45.0,5.896142671008423
182.20211525151,13.057374454457618,51.3272705627881,35.87854894827763,5.129487836639143,79.64201629051952,3.469766910804762
143.82383376439523,15.842826389379065,62.50857450324988,30.450859125939985,3.380251050439773,45.85036419615195,5.979464417766832
130.12589042693196,13.824463006586504,34.50753463315542,24.271400138067747,6.489186836776487,78.58715794479171,4.337102522822139
168.40821044614563,15.19049926109899,62.86507319240717,24.25414875902525,2.266404969190122,45.0,6.096524354902595
134.4934131444296,10.593621576837917,30.730364827928945,24.92281099335008,4.020737811354513,70.32800978864496,4.1849860024432
87.8052293660873,9.716434209598834,48.10467699509685,24.80473827488973,5.892575567893501,66.68627480800836,3.857722586880958
178.78102241172627,12.582867076727725,34.90688875186803,35.598430917811015,6.467373848318933,65.7024802227367,4.187916495371965
173.49032806321588,10.137403324669847,30.595067927378388,36.63548841473429,4.238790311449725,74.99470504818466,3.2765696860049007
218.60653479933785,13.989942552434243,58.989175269969536,35.22032356225332,3.201013358634259,71.14622500795905,4.081995876388081
166.32664817408985,14.278876938023323,33.60574449162634,31.599747837537706,3.787273318063572,73.54393991376168,4.57577471614785
188.35837904245253,8.46742108778266,48.53736637316648,33.692658941459456,4.381286684239658,59.15965221673532,4.135536029254952
166.8246703938263,14.5133658008746,43.76169704731143,22.69427166809804,5.790275274027042,81.41894021390023,4.549560650389252
230.3298525184288,13.0846766280189,42.87298710869054,24.38755102509927,3.998043919520682,45.0,4.801595813979452
185.9296125476716,8.793755306748674,49.586005621949,38.67969693510682,6.342443420490998,88.91361525272754,3.681367901304264
105.2069062583268,12.297185861577326,38.374258393255374,36.7572760133876,4.497226207920495,45.0,5.774924534101723
102.32440122137,11.005241045203189,44.89001092255134,24.488168219909188,6.478045536289398,45.0,5.679867290247487
80.16015307073751,11.103146252516648,56.61062359780683,22.357655347821943,5.618493855849207,82.9734116962236,3.915326827392154
197.04135876676844,13.12676069187819,57.751634801624895,31.50009802338737,2.4575903824586174,45.0,5.134893517416366
205.20795059196848,9.42271440186498,39.848544831495296,24.06239513967436,3.769843374976453,45.0,5.516714648214476
141.0493361649245,13.50718905381432,56.35942164980761,39.46410335557975,4.962268464656851,91.54702591379171,3.5085967808866068
189.61879284865864,8.938536874786154,41.05133237200215,28.48738136262762,2.931496090122617,45.0,5.597883065952036
117.32745482440818,9.897764239359203,40.57611898451704,22.98620093512113,2.2169028447870565,45.0,5.248955733445802
102.70584103373258,12.031947028662742,47.01023746313612,33.92950532229644,3.679535403839656,45.0,5.037149076250727
127.02701552927029,13.600178522654131,35.759226189318625,27.90237147800999,2.764991376872447,45.0,5.3553181779189485
193.10306317656335,11.42730432977989,34.76628866672304,28.8831278059936,2.0417509697007774,45.0,5.077254631835607
204.87060043033188,12.73134833978364,40.270073563546646,25.297724213397714,5.20002022302077,45.424636636872926,5.803961913286305
233.09228212383303,14.185624977359131,36.26583849268714,26.08820190931023,4.154259393761151,45.0,6.221215862683698
89.87379340898272,9.49013641885021,35.2521818794036,25.42387000878488,5.66888073918166,78.61091829235232,4.088425660791591
145.80057606400132,8.153193429069251,33.934841388110584,27.906738624995995,3.4917211958088803,61.41695385383511,4.058492920042253
102.03823088701918,13.790780436837393,63.42057918053735,38.51243918502247,3.832956816098608,92.9755761307429,3.931025665676485
239.97155212708867,11.722542053665856,32.931448489453835,39.89196182767656,5.040533948114723,60.54127608062358,5.090135076964359
130.87644522603188,10.246160386231528,49.495235718471015,20.377718717098205,3.352339946751444,45.0,4.55255475825253
114.98155630936466,9.163388432748008,32.83423231823998,22.937301425118235,4.14522194158169,61.63309918896061,4.453572119994254
86.21792639108564,12.192134494195331,59.003038833154896,37.4171123816437,3.062435392274728,45.0,5.832247321513245
165.81127855736096,13.354362690001237,56.94205406582624,32.875537944574795,3.739366387738397,45.0,5.605304900527671
81.05998653774459,14.897400199295213,58.73882587301885,25.979730802458207,3.102709160876176,45.0,5.170536178993114
206.888207414038,11.954112110411623,53.535455689805424,24.00306793501967,5.992655961135432,45.0,5.716079898626431
159.47693654321532,15.439059833426183,40.878944079775984,31.04381122014091,6.02893845551178,52.88103384263623,5.67031107247236
98.31485960284763,13.461881601890257,38.925034827980525,35.64692256848949,5.23921253673069,92.8456560254902,3.425060541277855
160.99002571099163,14.89288764808964,46.05739078564389,30.110239446376887,3.5664771436522518,45.0,6.636486692280714
162.56529023088396,8.300002578875212,61.68488401303682,33.35426842319821,4.314702209380308,76.24154722984177,3.5746506323979528
244.30412931066027,8.329641204096424,64.74957890336393,24.52129440029816,2.4151923015714134,45.0,5.266280128692229
176.7713178459071,11.63009367900754,51.2773117911002,36.946274049614544,4.040205256894732,45.0,5.632732722534522
231.84644198389688,15.699810141645532,31.459401279357543,31.46154688747618,6.056718752334548,85.9823512308218,4.937943808988762
225.43646495272432,15.380879562392154,57.75032707817789,35.887689251977115,5.255475999115186,76.30650997832117,4.497677337345178
146.82260847766497,15.89661661515537,54.56993296252666,25.74531819674007,5.916825874950503,45.0,6.127832896202296
121.30976790611965,13.219613155457203,48.747432065872005,38.93044149432981,3.387698244849856,76.93737141647816,3.8646576325911335
248.192621969854,10.516371481509054,32.50493191858973,24.89037907612802,2.650304292418852,45.0,5.289603166811629
191.71350255296605,12.404249468969365,30.33555874600202,37.001123025068544,4.870280088788434,89.4540096652452,3.2200427521728874
191.48591430519068,9.984499270829152,31.47342148094396,35.139000442746,3.8210826594307705,45.0,5.7112477981460525
174.22920515585042,14.245133717223476,34.40527547334858,22.032834559318854,6.328288113601253,58.21140622484129,4.870797892724298
151.48775672227174,9.76767222489486,47.74381147534056,25.78936226578916,2.5969616699676457,45.0,4.867603855504305
104.17601446411405,9.05647008689538,53.66739346648871,22.037121572962004,5.507434746598944,57.51911523130804,4.695431441948215
213.94456927774263,11.696177601506031,30.1839866773191,21.470241600552114,5.120538422661591,45.0,5.630842576687186
122.44357839831642,12.791588314252788,41.653008583820686,39.730420717076825,6.334744428598329,68.80951192371721,4.055344463813565
114.1294201261299,13.213795327836586,39.04136959874208,38.89842329363714,4.024036731657034,81.59620939645954,3.605477737724605
168.83558181062403,9.412588799461666,58.79054717698556,24.949142608835537,2.3763921542044475,45.0,5.278176307489374
199.98086106710264,10.447529661411656,35.09067721441784,29.020213579438405,3.8898378849941393,45.0,5.3135838913992846
156.67918192150108,9.155847717478132,56.87741634419147,34.75586825179987,4.610890038901379,45.0,5.05107857830511
92.3917960222197,9.270010755385,40.37963262642835,32.84997709882376,2.143687628272722,45.0,4.441848936355946
192.51776931016144,10.280616747627835,39.81298202320428,39.78880052554408,4.430881627016801,89.62262521990814,3.0892165259691198
159.07433087883044,13.826409692183194,56.34331482931436,31.435433194017687,2.3769705061839965,46.028838225111976,5.180075717965663
241.31984010201933,15.364193566148655,38.14093199922552,26.41652902164456,3.4404572484132605,56.86647011464315,5.884260782998535
95.45293582128802,10.711979577850084,43.49515755051711,25.3283911357046,4.890549950824517,87.70878416317949,3.181277989272642
101.1666226883238,13.631403813829149,49.07256676034776,36.5922242413139,5.586602376903088,55.38594382586193,5.954249452877925
135.0417990581504,13.510335262812443,36.48556264347848,39.344876448080086,2.1360607129238924,45.0,5.99984652838201
191.37241394978207,8.105169008439741,62.31172536649426,28.225588182551228,4.838596611337456,45.0,4.465125469975613
143.2854621943913,10.984997765951244,47.03537409219336,35.244797173961544,6.479448295891896,73.44413261219398,3.950899825625557
120.19423653835248,12.38685605135603,34.56803440692498,39.214439500226106,6.053111333877779,99.0,3.2833858568434096
193.02135107982247,12.194069972418674,59.05398412603779,28.625389053058758,3.1119460045327934,55.4771498587421,4.106374612605901
199.46935597107029,12.587565753876127,46.59338689246577,32.15206548682565,2.4545922553433503,45.0,5.610280571072419
236.281871645758,10.696147401210876,57.66902699866863,31.812944445710887,5.482586572883923,45.0,5.485580736201923
130.58735149923564,10.307715781415013,39.95316954440936,22.535024253168054,4.676339234283554,49.33661175351482,5.147142060731917
118.50997729561948,10.91948408342926,31.0679603625472,39.76944480366487,5.198340012600255,45.0,5.999389077958988
87.70040666624472,13.6411103889642,57.23500672962447,38.53336534375957,2.060642546575188,74.41696572128933,4.046776788072671
182.34152649098183,11.824557038891264,43.79920316262109,24.582304121048114,3.3422197437757006,45.0,5.497862172164732
132.44967778545495,9.520910675651102,32.37607465803528,27.226107219863867,3.6816471746302497,45.0,5.217498161909139
82.36866849967578,9.958341194682331,49.39857563515752,39.90652610594578,4.608563358440913,85.2673872255953,3.662281802620099
239.94854689630216,12.198050805614765,50.31600576257641,20.126864564950623,3.162170417725737,46.50292517079462,4.804018976822143
108.02867063258743,12.176945207111263,49.161715294429214,21.25961100555564,6.070292495529133,60.00628854633092,4.329633858412933
133.2095669607239,15.904141799188013,47.65121231020997,39.970443574511535,5.980169470695195,99.0,3.8547536718248168
137.4052405857089,10.38947505200088,42.3270852455559,27.25051029005036,5.235550905856149,45.0,4.79082284567486
154.9079644580413,13.673544677127849,59.50885436765089,27.37471959248463,4.314277656895612,45.0,5.847573478631865
120.31812593554154,12.98523708746318,30.92427111523811,37.08072991645611,2.103584782594337,45.0,5.86096124791791
88.10130143047664,12.45417741803204,35.51991354530783,26.656593127697263,4.16369849590955,45.0,5.533727089258552
176.94280018971682,10.933113138880614,30.74768447678317,33.585177230322074,2.174240012221338,45.0,5.487475513154729
162.26077371421863,11.899069955282354,61.45597127865435,37.1016694104039,2.328086665293194,49.31218348025283,5.288735516221502
115.81588032861978,12.70150812654768,62.05756771104763,31.777965530113377,5.427189901156855,67.69873313933697,4.152316839155514
148.36846782735586,8.116842020776835,49.80499811590562,24.654494536102,5.89934841950606,68.12465597229347,4.099284888286011
163.09133251658474,14.577126758771367,51.75032938558651,30.15685493512884,5.39432566400709,62.56686739025013,4.9925261929477545
208.25896712437648,14.606700619028445,36.23550325115839,21.14647004359738,5.9522616207042125,45.0,5.412443715480937
146.6688387064128,9.889412620770424,64.57234794593674,22.125376256593757,5.312255566853155,61.0096105155477,3.644157548029632
142.85435219193462,8.24703522423897,58.93385147850228,37.27066303313815,2.688489317321148,45.0,5.471003181365706
226.8851207646556,9.154535972310004,43.76925326229456,20.792605462469336,2.903789448438753,45.0,5.418925485898038
220.66519086166437,14.079252008266131,49.77513115656437,38.47328757048794,4.876178240451395,50.01894345602068,5.8018305064470646
119.16766295836442,11.53460525409304,43.84296176809376,38.56345167129335,5.607293619248621,54.59425105203095,4.961309738732426
140.2117751380982,14.14134932301084,42.96684033809348,25.656163088857863,2.9571957537604523,45.0,6.365793917106043
135.9757399133158,9.960666452318264,36.65823597578402,32.78749190479155,6.339942973118621,55.38513345453824,4.867435261444352
128.6659335457679,10.435918503362933,45.46944456686582,31.68931324326516,3.6289528921404375,45.0,5.294717734471185
226.0855097467621,15.18424454456208,58.08992249149751,25.635982315676788,5.20724159228253,83.96505636424621,4.190005710860971
175.50310545339624,8.710939840468988,63.47284157593427,25.152114192247797,5.424910171285932,45.0,5.523599330339975
103.16616280356448,15.410204308860251,47.81280853017698,20.210916200280952,6.208738024488752,80.81800222802092,4.937956355150538
103.03350757531535,12.881070694882222,43.58202363313824,27.858406093574253,3.4996969799886264,74.69770907490107,3.969295297634976
143.21966381907822,8.050192700987388,53.28582542193459,32.415159244702195,4.266236910558681,47.88228215881932,5.524320378478328
183.6270093973948,8.997814916699516,45.35736173970795,22.961838005905324,5.383257587420212,45.0,5.501135324518852
85.62165060663895,14.830677556245265,33.13080907723909,23.51050581997838,4.740397198761398,87.08973818866457,4.034702063111365
217.30157543858107,9.527970834153262,45.69946416121685,21.190587843830237,2.4448057366789344,45.0,4.708049185111004
223.61712139958365,15.720709827310426,30.034889127292555,28.423365708349078,5.161195497963977,61.20927081587164,5.908823085344089
81.19186442789051,8.302412631265037,30.48637741860839,24.854554837651737,6.406836230515331,76.18996120263934,4.258810845310167
109.40407699060088,14.973892430974132,44.33283558113103,34.92965159885594,3.036884485017367,45.0,5.480107162681353
81.53471106440301,14.210958128518207,34.96716123671,38.188877290443365,2.5789457351938947,45.0,6.20498347331149
122.10035943889632,8.02979165492096,48.73469303086808,39.87231397208146,2.4236218040022406,45.0,5.317376672831417
139.2516911676634,9.649556639585835,41.82996458255874,31.876068026294924,2.9081466293398064,45.0,5.829318178738836
168.3129253608056,12.952825765781306,40.95744377988602,24.574012170311217,2.0942177494548178,45.0,5.408611099905613
108.23692491627602,9.696179044707334,49.85969876463224,32.227323107506166,4.983564384118992,52.24829464736232,4.7349062080446345
246.2588714611866,10.69290035002293,59.97156199247472,27.47880325898392,4.714401982737529,45.0,4.623407822531609
174.4276041998532,9.153999558982488,43.00885736283092,31.07365241882373,6.020391893862024,45.0,5.875548722771018
240.64283708210945,8.641665140166456,59.13841360998408,21.82757242610093,4.906694135769621,45.0,5.868387023268452
176.74020065873782,13.87519588903958,50.957976021969415,28.63720133410613,2.641536888918558,54.32882227894997,5.194263896223
152.54548520937155,8.980144436662195,62.16625280031408,35.15797247972844,3.5807996781944467,45.0,4.706891948801715
86.72585613942199,10.2359594144056,58.519039467527946,26.47864257072898,2.3440728435857165,45.0,5.044502614564669
134.8325450265044,14.38687135282137,51.61169748763282,27.10448512521317,4.699724291087211,58.0322554120973,5.489499147988025
162.93110796896076,12.089748678851564,38.8430237748042,38.68378164108013,4.092185805329985,83.88131716743908,4.159317372052554
185.3478554642348,10.093949119253615,32.52709330419082,22.49195246044593,5.0096053968753,45.0,5.282139790538957
155.03638542107535,9.689503403752868,47.231849599396426,24.44959181972985,5.947075838607828,45.0,5.565856690076003
144.67209541504565,12.710887746403005,58.600993797321074,21.44463823783177,4.06874631656838,45.0,5.531762088936287
239.16915816498576,15.568162820313988,35.29588296845749,32.80769893495527,5.23435615055922,76.99844575906403,4.98033854229376
246.724245217719,14.571182809718106,53.93281982294916,39.93551639519367,3.962636172200408,45.0,5.643517139941787
109.75805040433568,8.51251234304566,30.233506459236292,38.86477368695324,2.337662811327996,45.0,5.331685483605776
208.6862080486936,14.159332509660844,64.31070219737092,24.72565690760431,2.375663891865789,45.0,5.163053815214868
158.9319007788704,8.042432519268015,45.51941747530002,38.15926664316772,5.566086136115009,74.16784117929622,4.594513882694553
206.9635118869732,11.2687981969863,50.013386443603295,37.73632262880574,5.263238223048901,64.89063759061251,3.965431694635877
205.59037474098085,9.582053407470942,60.973916072847445,32.05734245455979,2.3457403626357283,45.0,5.733106091582
229.74714881716773,11.12872084383428,59.93547505256737,22.830638527868704,6.371703447341857,81.68455574156921,3.7741907064799487
232.92521189767947,14.564088229268451,49.63913629038124,28.58201562138536,4.8311860663174855,45.0,6.117134340734591
220.8930207127196,13.37784750105028,55.109078730437936,23.18602412812363,4.334757295696481,45.0,5.8578919287304885
94.37013165413524,9.553201899806536,50.87946658327586,35.028101041668045,3.322894236319934,45.0,4.262533333215905
93.49938289238222,15.491734938920349,35.85638237191875,32.11872715445473,3.830991108852864,45.0,6.76555847315692
141.59029288867453,14.598591879398988,60.64050178184391,28.78385231334407,5.235463160848205,73.56413716036569,4.381454598598933
103.62399729006935,13.019385622107071,56.41164286543044,21.627775555261245,3.4411021234745856,61.83821777486267,5.161366308797501
122.30767906466164,11.261267536250418,64.826418935158,23.312980500547827,3.9252873504081727,59.83562692484896,3.971298120745181
85.49671704539013,15.999057459316266,51.38665214097711,36.38727310004653,5.151415028285253,89.31352045702921,5.475286761859292
115.05287728325756,11.308353380206912,61.24010610686671,29.49666426396892,5.909714726734382,78.73305177639382,3.7425289066459415
246.0995327034204,9.8392005287566,53.62323410515974,39.289260333394886,2.8384897454121782,52.31908788030629,4.334840935875419
228.61884913242451,12.836135912503952,41.2996950542546,39.99588491101071,2.530524199115576,45.0,5.748685652784636
122.49680521555196,8.70373849812259,35.0128510063909,28.68884942216209,4.27885337260145,63.15138991901528,3.5820341910688693
213.3712270505817,8.307212514991013,49.78379756044318,28.097596334509294,3.983431744123796,45.0,5.507492178939589
248.5965101802839,10.096223158047716,55.61459337229508,30.872858133821477,5.325145884708276,69.98308843947625,3.943457970209407
89.33714620146813,11.626340481451754,33.822515675449225,27.144938807009623,3.7964816211475223,45.0,6.109955663790261
118.24575165897032,14.229462653159622,57.82756274453767,34.28052392671456,3.788685600748361,45.0,4.9203695586846745
204.90679492240923,12.31251371274429,59.02513681703648,30.763727221344173,2.993021343235168,45.0,5.449809448189333
199.8224527346432,12.77366454626884,48.44021837029155,32.83982599787839,2.483534060663911,58.78350179232528,4.845363266674815
223.8021829529371,8.111588522047837,59.29822971086506,36.4566333386072,3.839147095682109,45.0,5.235852545258883
163.37620541029744,15.124481683879727,43.51550063239028,22.405415397768785,6.12507830396163,49.14992490240494,5.346888027720882
148.00252401386578,15.370393940214637,38.707585338374734,22.073623208735683,5.392827992381626,45.0,6.407988726738299
169.05426926834724,14.25626578621193,60.81623324372876,28.83365672779196,5.555084830632234,49.636288305978105,4.940826968317323
143.41597794744482,10.107709942613685,50.03276473764459,30.83868891281312,2.09285460183055,48.66932144053775,4.484299695473675
171.81477331499002,8.615317501320394,44.96902111765532,23.574603533972315,2.6481957692455578,45.0,4.493148329730143
212.17308940557527,12.895849581393527,55.04197149864525,25.146389230692435,2.3329827389047213,45.0,5.228965811520224
215.43009645932676,12.821586162455889,33.81229675089364,23.369414480431963,5.591536128955065,72.8023049325297,3.758862781207224
135.44959822907026,10.082633944278529,42.938603841396,20.2134130330956,4.369606104188998,62.86414383648462,4.063413798897738
167.81875127424655,13.444508790230875,61.00425099275768,30.144239708792227,2.067263023033368,45.0,5.849551210857255
146.94641774509722,10.202928556064652,44.93209610237112,20.626070571490065,5.080043682984829,45.0,4.341093577794364
90.37371490250952,13.231421595568618,50.24373278300981,21.206918528881523,3.075179023947436,45.0,5.405189157370149
133.9118677718011,13.18342696845342,64.29881185942033,20.056838608674788,4.280537218069276,52.43937351193427,4.899983365916036
249.77489021055365,10.458893014495771,42.59668412402772,32.373350908308026,5.529690624407938,45.0,5.526011485860167
93.14629569181488,9.37460490692096,61.7063909708818,28.58339109770138,5.278823303406019,55.02814978678248,4.769583645368329
163.16344716442325,14.000449148715724,59.9297646056692,34.869557381218954,2.4246718429750103,45.0,5.426969390912086
212.13582012634487,11.848262151114517,45.5453587383156,25.39649389517031,2.313731326255182,45.0,4.596248045767171
196.1408272356822,8.528245044445052,57.7298458102262,22.71653964568637,3.9275132111636974,45.0,5.537065168865494
112.73285125973136,10.310801434313756,42.42649258071503,38.57239638027926,5.7146624955607255,51.22526337964442,4.572594388875233
176.65082680104874,12.392279466077625,50.23848019179656,34.5855583408273,3.7030288999169296,62.00643385039413,4.549297325398338
84.77549701393204,11.198005737690304,45.48157020596693,31.76880491488832,6.44412554704625,98.02784740811856,2.637037498166352
227.41783010563807,14.1550194606393,38.512408246992585,36.56298930320928,4.562631937966323,45.0,6.304139534708154
163.2477280164871,10.081978402611597,43.65495577420349,23.40059898279099,5.313757904369037,45.0,5.029321637270467
242.34836850012448,15.871559837936625,51.82334291676259,33.16652256164103,5.416168044477214,63.7610583362469,4.95452705640857
173.7452096146229,9.91448902463186,36.44393168606463,29.870287906823982,3.561250230634461,75.08641348925086,3.9253130609954185
188.53686173684093,13.57891787606911,62.02340010243023,23.83537268532417,5.072991997576393,45.0,6.04573730747876
91.54030647720606,15.981351687398991,56.09604222310455,25.02810865749661,2.1511209257270587,45.0,6.6568642799963165
172.1862853505545,11.304794997559656,63.535938899017786,26.61627018582795,3.6660306130439526,45.0,5.188454548523842
112.59964521298508,15.88472180981278,44.09440028007016,27.57989773854511,3.625533645268958,45.0,6.084668196821005
111.42375227515257,12.457477096482322,56.7771971583019,32.81920230324472,6.393869363963832,94.03156897655052,2.999817403716959
171.49901332296946,11.520774631897458,56.14589867754447,29.17663321048726,5.901614011783709,45.0,5.583235812232706
223.2714621749804,15.773965778387591,56.74798336661084,29.563424605376653,4.708976779737471,50.66557706413967,5.644791084599902
225.60965952470715,12.958200607375788,30.04958518355007,22.562723321723038,3.928763218257285,45.0,4.9858313170177
89.44186815490173,14.3850175094145,45.51579263261596,22.86698891375135,3.248363849122126,45.0,6.243279278673837
193.87006039936028,10.328821454406263,36.917456844799474,29.172597238236094,6.439752964203677,91.39967145897772,3.3925059843661
230.63321316911825,11.590403587072846,64.39029281054366,29.97184747954858,2.150683067896899,45.0,4.991310942282236
243.958343521619,13.659544402493516,45.07533621756601,39.1109077968449,3.503190143347209,76.00301215422417,4.315437830516283
87.88173534606953,9.732222462320731,30.53992044884472,38.23869075126291,2.664516793843991,45.0,5.207514521394207
87.25251960298556,9.012841788761852,60.266154327544,32.56630017818385,4.775899191583953,65.73088354603811,3.90680815743194
178.27399862852064,9.466721206249073,63.0061269298177,36.44811407792589,4.281917303940308,45.0,5.61200229327453
198.2468941104728,11.689953366628195,45.91131972751898,37.35167029464856,2.4306598595244133,45.0,5.368758398558407
215.6452490413588,8.0444752518716,64.44753031779885,39.26569774097519,2.9939110042776838,45.0,4.442503108505022
214.00053257271512,9.00297656501276,63.30218176961549,38.7853647801014,6.322736503557993,45.0,5.561502081591673
106.26702902250412,13.755510855392972,32.82949033593382,20.68839999257834,2.7234170485293374,45.0,4.861758667210766
93.31763002182018,13.840621422090862,32.30341497871504,35.709587224264865,3.481343071523101,58.12512528420106,5.145380200830717
156.19671731640173,10.09867412743982,44.82868393327795,29.236040666731945,4.809628838835138,45.18539186409007,5.24704541126757
97.9969506887134,11.86848977145572,43.82862862275458,20.99240868732924,3.697125029211663,45.0,4.515942946940042
196.82226983758747,13.343562780190968,40.88430159019319,38.03009296893438,4.404728127290374,94.8239607782628,2.9637459374399517
245.3318344746872,8.205223307064701,39.34320145464032,38.6450458479258,2.1686707192016583,45.0,5.381902215355938
147.14633948923452,14.952362363058134,31.80557179392881,28.64724070719592,5.062687277746334,45.0,6.160092633667883
171.30637971848893,8.996701993245093,54.974525001720615,21.41048021332416,2.5592190526901266,45.0,5.406686580112631
184.8793817068064,8.947038988960017,36.65095537446673,39.47054116351947,4.278226866967014,45.0,5.813793124186519
218.86381696923223,8.136700413119968,52.754593664595305,31.86695466041126,4.317405841972608,45.0,5.411567990461856
142.01319235654415,14.472303775644544,35.97035996104742,27.51545190080488,2.3499926523688512,46.23325071811944,5.166977615937185
181.41752700952105,15.971271835836374,45.55167780701783,39.76153574980063,5.371143489619226,98.6260653383494,3.7797966784463055
161.23588514841424,12.215693488464352,33.314785528082474,28.545111820079796,2.552323001109482,53.78595717998399,3.859162983863465
189.1892571707231,9.63321494516272,51.34808553266164,29.002189749307547,5.4671403418948,69.78801366300085,3.980526111210471
129.24652543712665,8.02396168343589,52.55024800376857,36.99892697428555,2.087977129341546,45.81759189021385,4.915577597523567
99.84645970315115,8.988990679033712,34.10480891030324,27.95362255188482,4.146852147993617,49.4941635072578,5.147034415786994
166.0369620016419,8.977458100407851,49.08403745860901,36.673407592620805,3.783367098290564,77.84346613380504,3.1572698317954737
245.088849579182,8.370401418335842,37.22377253820618,35.81328147453884,3.407529385639145,70.2737125434479,3.9072912359610426
235.19693650004396,13.912079037456396,52.24524880455638,29.350660312369712,3.7493675762741856,62.00821102927232,5.057098983746275
200.3599257367672,15.965778218683797,37.82586031213674,31.70993791097977,4.639556922306138,89.02551683210045,3.8985937683824
155.61074201909952,11.878162723996546,48.53647084991466,35.893262826178486,4.483233629821791,66.79841677871818,4.622373093160262
115.54102387489334,13.988933047860476,63.6309921358313,22.79559416093114,3.243354651087955,45.0,6.39190659833281
91.8676845593738,14.204990592738955,32.357311364791485,30.26114466591936,4.145656666856587,45.0,5.16253970992868
188.68946668405448,15.613122409780082,56.471363711531545,37.74814355349007,5.280661841613719,87.8916127578236,4.5171685083037
191.96430812766596,11.369683005882091,55.901318259191264,23.098178828552587,6.212803970381146,49.92203131491083,5.031299753478756
249.18678671175928,12.522465991991568,31.066300343259915,38.81566344636599,5.995790643484964,45.0,5.430082319398751
181.4395698450178,9.90454114585421,39.099953423894746,35.57784460697043,4.253269319674421,58.91955082245578,3.740430178142301
232.47783287030555,14.999179574679657,62.46853495218099,22.739717199644105,4.970451311498527,77.08323259887887,4.949358912023683
151.55959442573786,12.897723520899444,50.92837004085597,38.81296045407056,4.31019392339944,48.80687928707251,4.92686200770453
242.65832263165603,12.761166612720968,34.822391142622486,22.630054742531648,2.1938008789832737,45.0,5.136334383837927
237.6541828300658,10.281885299977745,30.89339699784828,33.7844440108014,6.26114749052356,45.0,5.532057823688447
213.26943972335255,9.747453974614343,50.58502744933648,25.786128876076763,4.45227896223512,49.53978952368515,5.070135756826258
213.3194393795037,8.086634868099367,32.563890672037566,23.95588539342907,4.942370941327839,45.0,4.782642544159447
195.7213220727368,8.812921791107048,47.37191667077048,30.35383259200024,4.099685958746182,48.61885543288235,4.119469688283284
244.55565880822016,12.474737939504802,64.7512635704671,33.33639187328121,5.514123536913953,45.0,5.825539594854561
243.82454780603257,14.597540847883453,32.42670869408784,37.37596221419128,3.335790778569879,45.0,6.402356119515947
137.8749906812844,15.995402677647842,64.78505453882747,33.389628761723095,2.588432025469753,45.0,6.446994616838742
114.65946152584118,9.838462135121992,40.74432887337469,33.25210698662122,5.019572088282716,75.55506799562124,4.1714922687556335
104.5943887062711,8.04134167305961,31.18255797201331,20.70841338659892,6.276814375690935,45.0,4.483259794624552
105.00008134095395,14.421946183825252,36.10804427710886,36.20305525609341,4.925224857263327,99.0,3.766705168580258
200.13167318911647,8.113252857844147,46.5875634071141,28.181216185353207,6.239849757358319,45.0,5.350434448126596
207.94691387080357,11.573409346282595,41.01266814028716,27.415390481772555,5.749848788782593,65.73288294702591,3.9663554913983834
145.03967117231156,14.92677822392465,38.89163409705105,26.825705802996893,3.453853136032944,45.0,5.353450008300435
102.38549561470556,8.675364341672626,53.13748859348924,32.92595789688763,2.737507349161276,62.45091693550293,3.906867417677516
212.31133316160364,11.099886610896435,61.60781901795414,23.160957082417937,6.084605832494269,50.07165801392347,4.773276419144771
124.0778122185231,14.269243072640148,57.51533016644426,38.3429485440419,2.0226532280088887,53.22393833655234,5.609206435377152
186.4951788959787,8.772031344841709,55.52474442048332,36.54377371269179,4.978080114868752,45.0,4.915545219386768
161.991808069102,11.252628751112251,52.76253860751174,36.66153452701249,6.428286247537707,45.60806285393818,4.646121188075426
197.48007217005187,13.179508253457737,30.5510088839246,25.069029187309464,6.05513711932832,93.61606245731784,3.9951127909202486
146.31234351615427,9.896933058079892,46.71531070159301,30.887005665087976,5.687968381312679,75.48820402706872,3.918544170221704
82.97513439875384,10.760423132325895,37.509936101509616,20.600192910998004,4.095740413274655,73.764814715513,3.9248943283333664
226.0705385379502,12.723135590257955,31.704754070490203,32.257892227847044,5.332968632785677,45.52571405182007,5.6466077674341895
117.80526060718508,9.338329745537246,64.17368771457365,37.52859242045072,6.487492569392651,55.17427535815369,4.08443625870203
216.45583215088047,8.38639321180996,62.82954954580594,33.4562070449401,2.078879885831668,45.0,5.798720548758906
134.59565667359882,10.009583131813828,34.25778760605262,20.243013663464545,3.5568617221287644,45.0,5.201167646489302
158.21113037534911,13.89727450049109,60.46605485266704,24.310748376724263,2.9209218500112044,45.0,5.295828445363146
116.78970488981194,11.774550313320171,42.20722112166349,26.20289848743736,4.735410058068931,45.0,5.708887513485848
222.73327513808383,8.959908045865566,59.55621283795833,37.93135683637431,4.760273993185272,55.92356604735625,4.521823084751055
170.0021726464717,8.970423730349799,51.14329627293789,20.08119290772798,5.146062412477895,45.0,5.102157151138504
114.65107355556007,15.655651569493935,60.61074207611546,23.96171984533938,4.41325380683673,86.10699312152647,4.641537360153138
140.67403869422316,14.125228898587125,56.64125055604483,34.77407625450082,6.053774489343355,45.0,6.441751790552329
170.249162380698,15.975801327045046,40.64703076728151,37.46567722294136,3.886796623635921,80.7829433793011,4.519088912917615
135.8960882838818,12.45026967063036,56.01199120030502,38.7169005652338,3.717921229832388,45.0,5.408548711719964
80.96765033790311,12.026579802793506,57.05815136873545,20.4903795683625,5.085889001855858,45.0,5.915047170388759
224.29726537696436,11.084300247469733,56.11655812878617,25.669075981740956,4.821020348673177,53.58173551939629,4.362819979172048
200.82669280523115,15.39906740235006,49.76846940998368,34.26905014145704,4.782354542290252,62.16117843266884,4.929237172010666
170.22127033244425,12.79531966274056,49.70799428703474,32.36308851393227,6.430013869767106,48.70777662821263,5.625911610174375
120.48115798326327,10.046212030660712,46.35886941022319,32.61048844520438,5.864081666648167,45.0,4.465123615272958
243.6312700269192,8.192892673768403,43.68785459926022,21.0427668769794,4.4944796329957,45.0,5.044870076642779
242.21801738219165,12.729266162114635,62.17439851048026,23.11905093110188,4.4750539017931175,45.0,5.536578652131771
120.55680561743536,12.611974423181769,39.72004615319557,27.505909936364223,2.3311304899754166,45.0,5.435453704311419
133.28674990753203,14.614492345811724,34.32857649487828,35.389996789793706,3.7340666657815658,76.54887574698517,4.214384086396253
122.2234493805094,12.355221064966567,39.05554817437496,37.616587357018254,4.773817242232152,73.49431059277069,3.6632895637560887
165.4601472279947,10.373391344133166,39.06101180196032,20.942524750968992,4.22794545216906,45.0,5.437939668086862
113.72159985896216,11.118183431117496,43.74826479013091,24.763434543578416,5.01795312809292,45.0,4.70662426871717
231.2304221924878,10.255833683253844,43.02073157630951,23.52503551350963,5.096812292415206,45.0,5.382669617057962
87.48270695508666,11.062119969269308,38.86755127647736,32.134066363717416,2.278328266896932,47.20519827383478,4.8293717370151255
239.34736275384435,10.621873527751497,62.76054796004618,20.88979405039981,2.9307615616562623,45.0,4.626698831347592
140.74279170625957,9.107045917048453,31.66462272934961,26.551862329504672,3.605658349226173,45.0,5.127068322917989
119.94827445735088,11.061299607931527,37.62171047412572,33.99566334651043,5.508520437191246,93.06887076833152,3.449594013811354
97.5271452320028,8.666139886720243,37.309739991985786,26.717946796223288,2.3614420605797783,45.0,4.667637719071874
218.14846286211167,13.94268526554592,61.77685892314402,24.487193461490943,3.4504173720167115,45.0,6.091397323842566
113.98159570742764,13.760512321730992,31.35884900898561,37.70279834966406,5.460483936079411,91.2134398332253,3.845779992429888
186.01772923378823,10.548939339572849,47.25574437867722,28.354274604985697,4.347777210438537,49.65639311064932,5.4492063826345465
94.52423145358831,11.847366180761082,40.952163275726825,25.625610867686834,3.805690492266847,45.0,5.791696054705561
136.01671639988317,8.0190407490935,38.04174742513117,34.76075394387927,2.3804819649896944,58.54164802398465,4.147612785773833
167.5653781646522,14.479761659063197,58.87303488585664,25.28011684433872,3.3891428603583416,71.16784533809601,4.476830220260172
214.88548761985584,12.291579500649677,57.24314010734345,27.61542475161415,6.196084266358221,45.0,4.880739958381961
123.729012556623,15.723827435305246,53.15246968777454,39.88259827495459,4.284974766018832,72.46449908735032,4.949853630164332
160.24594566050928,8.563426138572073,54.40557122002442,31.60380122741774,5.932342303869021,71.97104322963071,3.762329334086997
145.07853174166345,13.632738181161358,33.1002538314872,33.88862474042903,6.268604372056325,83.47965926519225,3.752850160489826
210.2224964433256,15.28017106570615,63.94250466689479,28.79883106010254,6.497787933316523,71.78639055351938,5.232634694314617
176.28129796255632,11.088999526554831,37.94173296070811,33.77266335198664,3.217845742591659,64.23306043786334,4.749543047779249
244.86121885544867,9.91117364697487,46.2349518403412,26.574515254334656,5.685323475264866,58.62813366382306,4.187645640446518
199.7246751978412,15.49582980062766,55.74144205013416,39.72781038345328,6.345737496677579,47.97540908445389,6.887494891631189
90.4806073252186,15.911212438168963,54.55968940262144,26.55457974926417,3.588112108340301,73.95099477838006,4.91472742102379
135.07588241913535,15.968782507984594,37.81704133397218,22.353305272169997,3.6172785998215886,45.0,6.114738539427915
94.4522485587133,15.006861252417028,32.17076699504428,32.26610986228408,6.3336236576554485,45.0,6.788727797744548
205.2393065842653,13.35887664090621,52.18096165358144,29.854131596027464,4.812158126700602,71.6773294981677,4.1323222984861605
94.99710635263808,10.705475718446912,41.96323951151931,39.98401350579496,2.2219804298578016,45.0,5.509183399309302
119.60471047466028,11.765428812973116,42.69130061354676,29.806414522262557,4.410980592617383,45.0,5.351989926791617
244.7127887938404,11.99783379113013,45.92822024903055,31.51600037695239,5.431132616189068,57.74705806066469,4.943611031693719
134.04005950996552,12.93657948922295,50.59437590548963,25.303699615021024,2.009139991294404,54.583317272406006,4.588381835408338
166.30578713565515,15.362621276831488,31.03061576143377,35.595163823368864,2.3812678805239527,45.0,6.034779520770805
246.03055281358647,10.542236067121207,49.40735407536744,28.002905198734062,5.485207269925914,45.0,4.65899921204332
124.97985950469156,8.306446157014202,42.50828726060435,36.23433191524193,6.407842340121003,86.0910510271086,3.4797131119524445
113.88007972199269,13.997369448888064,34.81436585756866,36.78668064659423,5.4418912236980095,51.14857261643396,5.935165277612288
159.65454877124694,15.674665321559088,45.5252148607365,37.45834202345724,6.492521770218949,59.794051164025184,5.949242057203121
138.6099115548284,14.25219648328002,54.50586204526442,33.664480965111565,5.436249044383152,45.0,5.987491059066427
90.33956044358916,13.325405751926723,30.080140882927196,22.769515399588013,4.418382581979105,88.55421032703728,3.1907769855722385
140.24769238902968,9.069848732059,60.40077552588464,22.828818759545275,5.045860809298852,45.0,5.270482742119909
92.61567844529444,9.221546445677088,34.147133930163506,35.52744962045475,2.0688931895972846,56.04919590421198,4.108350103075223
242.1390123374792,13.048896043977326,39.78922712395293,26.608166352422487,6.253731686840567,79.72918389770652,4.363088140676962
131.42448776008598,11.807232527443958,31.189773417597987,25.59823684570798,3.2661855773287187,74.91809202150462,3.401267564693657
177.89204619829496,9.593439903336598,36.87356809430159,26.36252331592845,5.845220793326007,48.51294692191747,4.750690376356173
206.441361753316,11.026500416223197,60.94099518287432,35.50787464627998,5.605695209688136,79.35938245254825,3.997927861985506
125.79404951121606,14.152400567407303,36.6853837397578,23.459544904930915,6.309569110089979,93.6941422975443,3.934819509798355
117.00335733645936,12.565684493562348,35.70253046249698,22.19157313275445,5.011054735275052,63.34180921866231,4.4286711006490815
227.94574728186112,13.823148719811597,60.597116876897005,28.170475348505175,3.992683503552563,45.0,5.834568954003068
113.85589124082878,14.765519400390172,39.62587706465242,22.30669323310585,2.3237171121067424,45.0,6.013791258834562
140.4110459429918,10.956138772350476,58.05008735673336,24.960408892881212,2.2076723892211785,45.0,4.273802637404689
93.35781809902608,13.188629197488789,37.7248692263532,39.96601673673025,4.888673481412416,84.74739650773158,3.446981538166236
212.39124972512687,12.992830248133274,45.389672756829206,34.93749517377216,5.388780234155869,45.0,5.738735769289077
92.5918290122646,15.319019997046697,61.55525310852366,37.40329075025954,3.095026653307161,55.12457711848045,5.045294640349787
248.7304353388853,10.777456936221704,64.66140139116186,32.65919811815386,3.116253144095921,45.0,5.258890215856072
157.37074426836762,11.65349270359181,40.12369142015518,25.17751516029745,4.361169681133363,60.58066484100901,3.752521020470722
237.61194609114312,14.845720254210654,61.38499840657483,37.900748778954096,5.165244602937024,64.77159531916531,5.350619421734434
204.39181176647105,10.515074719931974,50.273346069376906,28.668264036131177,3.372367129144181,45.0,5.280865097892757
94.91267618680656,10.30240602078127,62.121038819682376,20.092094914482043,4.63700184245042,55.073555679126486,4.233484966805493
83.9114272087341,10.488785481231172,47.20626109485423,26.495426139274787,5.125048712276204,50.8829717290798,5.144249010649669
110.56115222398992,8.21253214456151,34.65541636039935,34.93330528259355,5.26633980142887,45.0,6.082297708299516
113.58316651650595,10.944749846188111,34.48669044477289,31.80790757783791,5.302306321037584,95.3414597300168,2.9562417644952377
156.94344829006374,12.883364009780273,34.83604411710603,23.358691050143324,2.5136453660562417,45.0,5.2496929862891015
247.39766124869135,10.249920087681886,33.74542467450199,37.790679916362336,4.415287389195845,45.0,4.616063164763938
117.18017527056266,15.05507734525822,40.53309341421026,22.757945389650736,4.5948570476494055,62.27976599831566,4.856210477758529
161.02163902275345,14.243091164405802,33.199056107309644,31.61857882110086,6.200224825857072,45.0,6.248637993714556
86.52009760925218,11.634528485904909,43.57817010032003,25.29368222427721,3.519775216225242,56.6132803441164,5.027744220610122
155.87262104654053,11.679470823849035,58.68607607638983,26.13327261711849,5.328977667723307,85.18420426560513,2.951098119152381
190.7445618541989,13.223638467527463,50.60797304154041,35.519917110588324,3.8345639706661694,45.0,5.423497452563124
126.57400762446312,15.75322905613474,45.60103050000383,36.43536399592778,5.363151856176916,52.48354463203494,5.318597930738045
157.16434602512314,11.979226028290975,51.29210329979871,29.2317846917088,4.072367542081288,62.5945927875609,4.023573453205763
173.00815790689774,8.76874910956777,47.46414373412432,37.15131835671281,3.657564078356663,45.0,5.129979216687438
106.47794172002013,14.556291765200704,61.662366274824905,28.08346175482503,5.042891247396815,45.0,5.5921447280681065
188.4854101465469,11.42472729173516,35.472870694739896,29.36918531878928,4.550603203864967,45.0,5.315300398879467
167.3120042487895,9.15864070698508,59.8070260650962,35.10288429304824,4.79419581729706,45.0,5.744502265634075
245.31098048700272,13.65408332715333,42.253692041517006,28.997325213102663,5.666605799696218,63.38306684409434,4.72530425234529
244.98818394769472,11.349711129639736,44.79200472165027,26.907082872539227,4.99465285796657,45.0,5.531224060130912
237.14771853855885,14.230879515374609,33.25571075127723,30.029359935091808,4.639145366864666,58.41152987763421,5.704049405768077
247.24877857354116,11.828816646257348,44.80200463478796,29.479895689235416,4.43639754861332,81.08782844679337,3.953089612421179
150.80173135749857,14.99200886186589,32.87322770248284,35.402351838432004,6.257954702353597,85.20450603294674,4.420084569782299
111.02650132771014,11.57453971390614,61.7008099643201,36.48800484984599,4.150736675224756,86.97689890494946,3.515281324943233
102.7593977193189,10.164913337211772,60.53604093208992,35.32471643744661,3.088295872951968,45.0,5.40875640463376
200.7523848228865,11.7895987256742,49.3450589874108,23.50697810907685,4.560528151101622,45.0,5.367836003641303
140.13656898256988,12.676290326070651,54.23876775611258,35.76108443576364,6.375314019282459,55.69515850095592,5.249460434753722
204.0846789583225,12.523194544642,60.673017272226105,35.663828222716035,3.0841263910606056,45.0,5.959385761588294
157.1153823739552,12.098684947529357,60.81928383720373,37.81140519370473,5.012523206889728,45.0,5.128080327288
206.20136322500247,10.163771253934712,39.46711899789086,26.5437950396192,2.344366795442635,45.0,5.591066165621571
186.40476662037324,10.473912584764918,38.18028423745237,25.961061212003063,3.284486577793248,45.0,4.887174971239765
125.44986014636544,10.789905716583531,48.3416067911794,36.81155611541196,3.746551170983381,80.64987436855891,3.4419421007617546
192.4058246801796,14.191339280166115,48.60400121675693,26.61455884725931,3.9046494720863834,50.30681555725809,5.127763113930599
169.87712622576424,12.340603876931509,60.99547272939651,27.84238319874152,2.9171581871479573,49.98567302604317,4.1205811421768335
241.14773696803965,14.878101519185858,59.56161456193766,21.941665019182757,4.215765287195531,45.0,5.987293210892082
223.1998294335634,15.054094462550164,41.78481650702405,28.987366533676667,3.4774526007005413,45.0,5.457828291333946
205.9443529379448,13.4500714685668,56.385001243246464,38.17990631426591,2.7983229853437863,51.68952841303132,5.262468784511832
90.23733489713878,10.003927144246088,46.38422748732165,24.546625882408684,5.639882661212313,45.0,5.3554877677198505
194.3674629389633,14.307152432426228,53.3158187615016,24.88070790052529,3.4908038699252444,63.86425664399778,4.64267113633364
196.39641838979503,11.201482326198487,30.855480900422062,33.211296479367334,2.427476550944032,45.0,5.6163349909808655
182.22964711327867,8.318433072364794,60.408914848102285,23.347260336931985,6.188377325796777,47.42978187087191,4.902765123337511
104.7320776652984,11.920324771109629,35.62282514786858,37.507817569257845,5.157218064531088,45.0,4.338345808644376
174.6944965548559,10.421537730652352,40.81411427585631,31.746856171113095,3.648272197063924,45.0,5.269122995481199
221.33464391189364,10.470002790890474,42.26864519170695,30.172365377679466,2.24480091264254,45.0,5.273010165537192
108.3561009035465,14.13738014933832,62.68434257656295,31.956794356882305,5.949247331922733,82.4914524027323,4.874137384705977
150.4194556545443,11.51947934406047,62.87166673090408,39.02487042931509,4.198421210349474,45.0,5.776465524075281
138.1461434447254,10.703803304386206,64.95553543584667,34.02180571474698,3.575890931611448,45.0,4.675575017540048
245.19112521577392,9.453700963429302,61.152238053394456,31.22746592767001,4.636851938491599,63.62799854648829,3.848720937819177
132.53015614795513,12.551849761804018,31.332566669448173,22.15240237104688,4.143923300969052,48.62559552480447,5.792865594357092
158.1863014941868,15.176376298235263,37.53891719146094,35.28156880502894,5.881307002609621,96.39484600431368,4.186664854898572
248.6105797297636,14.395140905527796,56.42416081707828,31.64400020648228,6.1270188145864415,82.30506104001296,4.259797123823925
152.35900734028905,11.972401056463934,61.584884294103446,22.507242164914427,2.290051719254841,45.0,5.594606509263191
227.74905289688311,14.526963059633925,44.93003638209407,39.71692588350798,3.964751973552783,45.15586192724654,6.024864854283144
149.57582082201372,15.453214327594058,36.31245150710182,25.311494686608174,2.398681846262523,45.827627978538864,5.551380436382562
190.17933311283133,14.968174755362972,48.56959732753609,31.79928488509008,5.434497864713964,45.0,6.222042857088654
144.73209827280954,8.265944337276158,62.38495078281875,26.31267639759228,4.531019308897768,45.7165645093414,5.299915908104616
245.17612842182072,15.35694992308481,56.24241115748428,34.33488803627249,3.4113159840699376,69.5201592802164,5.31447489803729
93.59160091015754,8.05214923685443,36.36810267628056,28.14606259407128,5.846871495310593,45.0,5.75910743183217
179.1330423290068,9.00776945286155,32.86689901774335,22.85022417046345,5.09084239487542,60.20267184799077,4.232227689104335
119.48388714123269,11.857429742504186,43.39335615591939,27.5709471427988,5.945783942505903,85.0988999598181,3.0392679466113903
249.66159208604552,10.430492215716004,31.969777272584857,34.44128486266763,2.7103689646585183,45.0,5.930175418878028
166.92503522087992,10.18749868814646,58.62320250490489,39.96499173292243,3.931166117035616,45.0,4.942114716187506
222.24345355804945,9.66996837156112,42.93453910958733,21.30150007650583,4.699033545573794,70.71457458224076,4.085784799511545
187.4485629582626,12.72718466111425,54.45855090223876,21.105113277291935,5.575900880823385,45.0,5.155799435942657
208.69945275988476,14.339773063735253,38.02634373887544,38.14268059961458,4.441051223080817,87.76492562696791,4.269505251591392
125.97627236370286,8.771005674108359,36.5563220843606,31.57351971958482,4.025246595448015,45.0,5.402135429412321
137.9600771128517,8.759628610106908,63.98223172702189,28.264660762896483,2.628932737320917,49.59326526985088,4.526590367451784
101.4771213118284,13.4576526779767,37.50269047088113,27.74090050486987,4.517511295824794,45.0,6.040386294218328
226.72002544655345,14.67675370620945,42.83411349730128,34.69746104820164,2.4636906794879088,45.0,5.066605360218647
95.1451695395576,9.409925962362806,38.42551550806813,23.89753572346268,3.981400910680932,70.19463287108722,3.6507503724610384
164.82994285327914,10.319753835105656,35.93931353177213,25.216368290430047,5.675522027302641,62.3100375523495,4.34460173773973
222.3611938291478,14.98373214398584,60.75349643273648,31.264941743711667,2.8556531461647268,68.72865851025345,4.719455337100168
156.81900957858693,13.20025378751632,56.76510658515506,34.138708470784266,6.169503583111681,45.0,5.10874899106225
221.676419532218,11.328992839709173,60.4376492003608,34.39376952034276,2.6065022084582177,45.0,5.985242867359764
114.96801217643096,15.541468408810925,64.4179923514006,36.68829855118623,6.228540320146546,53.7808023460664,5.860421885110664
121.16856547797684,13.74541745010228,49.31812882370346,27.70700065651571,3.668027529865881,45.0,6.032026500413132
249.91372463011623,14.407501877573278,47.96420572480294,22.83732566444654,2.246341489121099,50.51770031354192,5.214314876661588
224.7895832294148,13.081394056455752,62.20621844240896,30.72856776912272,5.721042600079383,45.0,6.328091871846999
94.73730754770176,15.790593637571227,42.40186735484243,27.609782051398003,4.686661123822654,45.0,6.921349179984908
110.44695833940204,13.380349624589783,48.292172980014,30.0828490345894,4.063695423671861,45.0,6.349764386326747
225.5892450347598,10.129239944848944,53.031143539521466,32.869187266817256,2.662791422592877,45.0,4.913378826134865
222.519919443981,14.149927994901796,62.5409191369763,24.823268734814636,3.9785826479505975,45.0,5.645681252628183
127.36631504847836,8.046927828479971,47.97405838804244,36.67526487863572,5.313553595256277,59.08845989951836,4.620461603444244
138.9819181439454,8.485496245412781,45.36569633649913,37.08654262685064,6.430252468047683,49.80236764617788,5.802152726661705
112.59611358945972,14.811962147343944,60.25355542429436,21.86385851119855,3.121600564447785,58.98499830369891,4.947059802185786
138.19924202398073,15.482415717159846,43.70520839911158,25.76891821802745,3.441947843588026,81.4489837280639,4.416651267164485
122.41188972658313,8.496387378868466,62.78869183244817,28.66184391119903,4.219489690489162,45.0,5.510636437352787
214.8184352872724,9.502916906135717,48.58783386963029,26.831189219792066,5.077955454084005,45.0,5.4697985493556285
100.60876507760464,10.041632917003025,51.393566410817854,38.28095233608946,5.839555702362447,97.54828853548568,2.985556094825037
223.7679551728819,9.483762517369996,35.84963801740345,33.706853041562624,6.29649896317332,82.09019183676023,4.264499521965265
118.0931439800257,9.759412743831565,36.84773981070454,32.33680866668069,5.211624792834439,62.36763838873789,4.838628850125062
249.74625195096087,13.754407001664475,50.165397981418096,36.83631738796838,5.36735599332447,60.81027845237056,4.919647980258635
97.21678297356496,13.071083303704878,48.88874351380375,22.80654976721205,5.758361953970503,45.0,5.40521623464765
159.38045799382968,12.449966743884612,57.12990449023711,26.746271490125835,3.1766260422816304,45.0,5.492935693440478
108.13624952247876,15.930227958966842,44.7061681809101,22.35656506954856,5.925886894517597,45.0,7.0
227.49075574464,12.747494267063631,51.21357085150066,21.350998889716504,3.4880809304603857,54.4552019453951,5.237306114346668
98.3566012114311,8.727114610271846,30.30259100299495,39.6845346573976,6.446341988293605,45.0,5.705242731701162
143.74830770017752,12.754646953613356,54.3377600395404,20.821767196887887,4.011089691908005,45.0,5.365779479382963
131.38466257975756,13.277390875450248,40.12773673369091,22.5767824278558,4.670528715154779,78.82092629084036,4.00729078548761
219.5049690552705,12.951767661874094,34.810369319133855,35.43245254591713,3.281458763186993,49.59403500913589,5.297450229421035
189.5451869251621,12.301528378654488,58.70376318931656,33.561261129952875,5.794974676062156,45.0,5.302885067948061
207.93507369458848,10.145129479315186,60.864362816065146,25.854876223730976,3.4367055678153973,45.0,5.424343330040188
171.47785533418835,13.728010740508594,46.12781073074038,22.000990981586604,4.27293630872516,45.0,6.325260645782471
240.1627441116945,14.5432124486823,30.811832662805458,37.942274715106095,2.0721091368996585,45.0,5.738855193668583
208.754137410301,15.29872434649482,59.63676019743042,36.61141493481854,2.4087384415608506,52.257330463473295,6.078448711331317
184.5930301390225,13.9798285141276,58.16841896038056,20.28642525403742,3.3193894237775528,45.0,5.687276081512599
91.84711449258802,11.91134133503566,36.22925615835784,38.53718628532393,5.863489248934817,45.0,5.463026752022104
177.70349643082267,11.844535925071233,42.10818542498991,26.989886154300496,2.104988070870026,45.0,5.013881591780587
121.3764578167603,11.046240013290458,47.60229638393479,37.23299891307779,3.4562261652649564,45.07719774666833,5.422135879839742
90.1813979678992,11.39588044324092,59.03977807342911,29.2953246516155,3.361880095144268,45.0,5.359253111911976
126.0820816206698,13.05696520714591,37.37177374256628,32.07944275455796,2.34688049130255,46.84930637276591,5.512493385385884
159.20372878151727,9.542752940023728,30.310920231690638,37.76589551689296,5.829730694808821,45.36499132968376,5.562552711817488
140.57801704187182,8.647088886720592,47.70269534391056,20.890345432979007,3.614754082662252,45.0,5.070138044058455
201.3576797519988,11.14743711858062,31.68943223426881,26.84807717771612,6.20236720874903,88.87671964493806,3.2354395593988583
89.09002820989026,10.38699050568175,41.14293664538894,24.843371294246783,4.915804721128673,46.98827773062925,4.940739166010356
219.90738997653557,13.458229384829313,57.57801332067092,29.136932455031427,3.5964649030024605,45.0,5.507472013579032
122.1710412037234,13.859670471670174,62.8043173024616,32.55518430231447,3.805296575454655,59.99536116050994,5.298577520950139
249.99643678521463,14.739938563481427,47.83955324400587,32.10126658919499,2.949809064867284,45.0,5.09826682416934
157.9488866926597,9.399773203388264,44.39593933833113,34.290043822331576,4.52007136827364,82.81837757091304,3.636081821393079
142.62520239267093,11.339608860155664,36.58463452705314,27.319246637491883,4.663799531246282,72.36004622075586,3.505406367223805
142.74393900359016,9.448506705158897,60.0206572516545,28.802408326748903,5.096401198571374,45.0,5.57575196787807
224.0761039907049,14.091928814362335,52.43810273364791,29.83089211693013,3.874116414875725,52.74457578333036,5.378104202496539
134.22771523015672,14.280394733367109,40.04939791972956,30.717307491840543,6.273942444984238,54.12509889910786,5.599899438773397
109.57344552562604,12.947901268999884,61.76669856610222,24.512211821653395,6.267521643474905,45.0,5.644695593427837
161.40773426541494,10.876431052929007,48.97507179809628,28.84087065150662,3.10326847841808,45.0,4.979208818583833
126.82042009144666,9.35975654502376,36.14250114628098,37.07302068085903,2.8196813158205365,50.685304858253865,5.013341421202188
249.86158086407053,13.954915713899268,38.03874431305137,25.10832532964045,4.559107444667967,62.1115560999122,4.832949273646364
211.7020109202572,8.339550642908629,30.71374092328608,20.4897888094578,2.7152596544079404,45.0,5.556281602904788
154.35890905344104,10.189309879848334,46.15936939718931,32.6535639686001,5.951256929759728,89.10520180251767,3.2634998137536924
108.95401428742736,11.06305098671966,31.55886250456647,32.9612458582328,3.5405979753799928,65.63449223310747,3.720671922496624
93.82651367959386,12.382809259963503,54.54456015412868,24.522865991970207,5.920150135721089,90.52910785101012,3.117391273037178
89.285799683907,14.464622009920692,63.814310884258894,20.823070507085127,2.4046665238413105,45.39666634224052,5.377186879086887
86.43332494500265,15.158263045647823,37.49145568944574,39.86231559173202,2.8602126966564203,78.98850121380127,4.5962505440806
207.67251028056845,13.452877411653162,42.51431445803317,32.52228583842896,4.446339950093335,86.67468433967646,3.966795836536368
90.1038508358419,14.600920302763775,49.75878730060713,26.44574090141713,4.266503223513189,50.06940644074342,6.157544686863114
162.16501137913855,10.252887166079514,64.13741181804242,22.68925048795335,5.56721641756458,75.9174873580389,3.616810624630423
208.18311574178583,13.558601517898357,33.02398593034009,31.129216758100902,3.799169327573233,84.20568273266447,3.9581037165371407
243.16667927871083,11.01297658160717,59.82930850168479,23.63605441240338,4.61248554492722,45.0,5.3560811674867015
112.98603512359712,13.129874805631202,47.59573137769689,27.941784495956306,4.605204521438644,57.318535823654095,4.847498288716558
123.67127508527308,15.497104260404946,55.90517719897833,36.13473807097185,2.536238282327883,45.0,5.8841985834124415
144.16463089108612,10.58098110597596,36.63187847878682,21.306936255331937,4.922818716978878,45.0,5.838602305553774
119.4222697029715,11.45654880637267,54.41502952770506,26.706376511752296,5.396144616743398,45.1909325990678,5.102235481798179
130.50254891993245,10.250920035903558,61.512352251219255,38.481588146495135,4.224583658288289,45.0,5.318561632709804
116.46860605981011,8.784760341434833,40.74530694155657,29.652094431362,5.224693842450497,51.18836701452258,4.702974906865091
203.86037639212657,13.182647566675357,57.82484084147909,25.4843743444854,3.792256254758827,45.0,5.342898313535903
149.6403988844894,12.932326672381656,59.44506146184816,38.08984755194256,6.089056786811961,93.15288885284592,3.160004520275
102.5015460583915,13.446027030023584,32.64713149289311,33.13709907214265,5.920935568782252,50.72605112400011,4.381320220375498
156.50055694882667,13.79227673625244,57.53959637534611,35.93014319175288,3.4325763793561235,48.7725638397411,4.465068124401302
211.0173424444747,14.142685820322876,30.814530735111667,37.91679139393878,5.050548035374691,84.64015810561366,3.805033665333862
84.63930222627509,9.126863114906872,34.33278611445199,30.23033474424431,3.2921368803815163,45.0,4.4812427474675065
136.5085328761727,13.376002346597115,47.6469766211423,21.364584349588764,4.66508653825879,45.0,5.767416152774381
121.21377155905724,14.066207973773786,40.24655019671789,39.13025017436008,2.3634569673989443,80.48092711428367,4.32185699597424
125.74789291514688,10.980673067715404,53.82275845930254,29.65571902279715,5.228743874165371,93.55190978332854,3.171827667700606
99.71819964061744,9.92328363510432,44.56213969101948,24.850786733268592,4.219961922621224,45.0,4.710893055680634
197.05144403313565,15.697141702854054,37.207470825495406,31.97983208282034,6.157155686556732,45.0,6.861241981531899
81.42702767696952,14.789081936098224,30.072439383577336,24.49497039748757,5.340231278589384,45.0,6.644992167688299
216.4403029845108,15.338637878996824,39.798812768741705,21.95384687754473,2.074734034917048,45.0,5.484235314404758
144.44236747291592,9.377594859817028,32.674669341192114,24.733805135062124,2.315096842862868,53.48041882359522,4.786528538943019
189.37802159315945,11.86385861357215,57.89239427491319,23.726350767588936,4.493225713208839,45.0,5.618194216658014
149.67365628549686,15.676314837667244,50.37119166845765,32.64410029936421,3.871464519394083,45.0,6.308275792233488
180.8635272717489,9.468136718618336,46.315861174398734,22.070172114551728,3.4754501832030043,53.69407670804613,3.927236400011588
94.23013464798952,9.365799155088691,30.630223252631925,28.83574116474657,2.4712228867380004,45.0,5.511110905955917
100.79013595447172,9.850988185924852,32.601288043080295,38.52652960669632,2.6768043553228216,48.46095879240448,5.377181367131216
157.06183082317767,10.13236038954062,54.90763090692365,34.6930868128368,2.619650444897313,52.92955592126696,4.861494608260936
236.91383226959047,8.86786534961424,52.58250875447781,21.37652327148737,2.394719415008201,45.0,5.694602779394463
116.77857596218746,15.21776254547076,63.66143459641479,34.43975176958833,3.5972141299899407,86.08300167948732,4.254550417540196
247.53833649063824,14.595911585294758,31.299636957233343,37.30442112268123,5.221806742621785,58.1634580352727,6.078927701415177
136.32903893013847,10.35042437247658,59.27437051626743,27.146334126758013,5.0696981460339074,52.66595530277301,3.9293760011687695
121.66695766691628,15.582101301504824,49.8775430185723,20.0006972084086,5.351272547382807,88.93759265124316,4.381116297861955
229.21211527048612,8.966118356206366,43.56990953654053,24.53352902832425,6.452303506600711,45.0,5.637759022605172
83.10291273424625,8.240763198420458,52.490528302398594,30.04021485269707,3.040394720167495,47.52640683227995,4.506623456430735
142.1833040807679,10.9878633318395,50.54925853349514,24.35036267080492,6.175345173100515,45.0,4.380864049797786
153.64120217703433,9.299457016740938,58.44778844462896,33.74999644692895,3.8516336753344422,45.0,4.8101365858566165
229.88890531804773,8.489059570889237,39.88338466047939,25.659792016832057,3.5024663392437416,45.0,5.185462996854753
236.2282834696116,8.84206670604036,38.320643031710944,25.024043858593167,6.438894040137917,67.42384469267104,4.009638193446831
146.83923162690775,11.721598600350063,63.23132153979752,39.154072887043554,5.271979575470812,85.09267776003601,3.783204801462078
151.65234424552395,12.319918624350215,58.38967303342844,31.133201553538605,3.618228653870079,45.0,4.243475729361121
207.8009728723729,13.702399583513706,34.467239605670265,22.74347870799439,4.390982980245002,58.00438043456795,4.486027079354342
145.41538971035956,10.3166506198152,30.172710282389005,33.90551269495912,2.2588110487940463,45.0,5.345123213145843
156.88361099272996,13.637542007768957,37.01024469665826,23.802375859162414,3.577477400345181,45.0,5.061146472136465
218.43827789743492,8.798889757844453,61.43698412770526,21.034537883079324,3.2959781480169266,45.0,4.5726810101505295
129.26070137109545,13.201832387611642,34.26220882900065,20.420734250311547,2.609809928017744,45.0,5.688421737770141
145.00921167533252,15.20519934856017,49.44232210867018,32.058406402180765,5.767513289397014,69.47165581729585,5.018528426856606
200.1852237066091,12.80467754309856,34.30724059084277,27.01502766661353,2.2342350242100437,45.0,5.839749928025734
121.00261273024525,12.415847503185809,56.02140939490273,29.04066969298373,5.667918916743826,45.0,4.397868948738594
190.67029692028763,13.916930249381812,32.86180030708371,38.438163286414905,3.6644680500951017,66.76288462301858,4.2666145371019
228.5587974981009,8.338589927140525,56.85644904705714,23.79538419638981,5.998255801890594,45.0,4.556789878639011
91.16710153842448,13.36917591123516,38.504410161583216,30.884788478116956,4.233294103489433,72.54465976686379,4.963123699651637
192.1639803046672,12.733558232084084,45.120100584016505,20.59005790175,5.613426976099101,45.0,5.451318842000356
108.4363316182274,9.683665819011658,31.564237439604703,36.428901619509496,3.1782573874108264,47.39827540080714,4.922602539228973
209.7655388711765,12.94327248906152,33.82482958210443,20.223543248241,4.127719150866343,45.0,5.603514572481604
146.602354275024,8.787973001482126,49.483967950989694,34.283500803810355,5.020623694701561,45.571533968985264,4.632196992981849
146.0363344019308,15.982229326251309,51.0866949786918,34.845376350640315,4.269320353905028,79.08549153601368,5.552018781952396
92.69430940144996,12.737911352521731,32.40489405930932,29.09698287219935,2.1681032669013542,45.0,5.695162023070688
174.3327183571255,13.678425180757523,37.02080093369288,26.045810270462283,2.8494366868017136,55.457850896141615,4.637255713835476
241.2266847256797,14.164000554164833,54.39155111247732,27.204210927902984,3.8782835337285366,45.0,5.929869948847088
216.72753328781644,10.25954328907335,37.56801727469014,21.81828959624498,6.172893929395071,45.0,5.647287174106769
200.84938393229527,12.790628285865916,59.43331121550801,32.832271191194835,2.093914707132768,45.0,4.790908218267473
122.65529769794328,9.127869363353208,44.17530319676345,28.815568534049447,5.563833164074541,57.8808471832383,4.2620989272185374
132.12416653716636,11.79154056323847,39.16939935340137,33.70208062319572,6.009563298251085,61.36389375571555,4.206688868936929
217.696416445175,14.618094129382152,50.33524392917695,24.724358808735744,3.6852246353636495,67.7009322836334,4.279785536946967
165.8791550798303,10.195926813559309,62.26575087145726,26.812175267083504,5.593118216619125,45.0,5.189193411068622
205.34473646439488,10.925565354790926,31.26802264390176,37.517466863333446,5.057039341633645,45.0,5.429527599300842
218.51955641187905,9.769271531191972,40.4563069787162,28.818944401011063,3.857122712632288,45.0,4.49788797350042
205.81761067270787,12.835898858616488,60.227261899162585,22.26932482350908,6.321346362238636,45.0,5.27813500343988
130.75002116465726,12.020120913472368,49.21069916938242,38.95142632853664,2.890499317422318,46.77855079110424,5.520448730696464
88.42129823413686,10.601097482839013,43.16822621949853,27.444735778673945,5.730286133501885,63.532752853162464,4.457425083716298
184.6414129404671,13.3075350090938,42.69207054276206,29.54404234613521,4.845196825908332,45.0,5.203730477390989
113.89461848728266,9.286624884227804,52.042880474188365,26.449615396877054,6.03514434435626,51.11657692045929,5.00156326795754
95.9229371170949,12.714510959167391,58.19782434161847,37.76066146426732,3.4194910524118614,45.0,5.262429936722924
187.39490566775248,12.750928992047111,36.62524476693117,38.345112462654384,3.7800855449573354,45.0,5.387725813205225
244.9831297375109,9.044262820834726,35.90314634268829,37.71274707325614,3.57659006617473,45.0,5.333351254858629
200.4685797510976,12.144990235075875,51.760759438800335,34.966631474339835,2.11666878748507,53.6357535792436,5.1296284724791485
155.9784837440094,9.901019349334446,38.89773808680599,39.69208841498629,4.901620586355435,45.0,4.697686264325512
108.24935366415876,10.80011853399466,31.596371948832044,29.05560553159089,2.1091587386626425,45.0,6.074840442687357
143.50539888292826,10.379185676306028,43.73190018644286,31.541475677655367,5.989411853644024,93.10888901160214,3.3002849594225654
189.81053778988627,15.433079575727056,42.03269527289467,23.858813245565525,5.603983074952152,75.95482462534414,5.200605430792111
112.27918049865038,15.098438217866429,40.583938072398055,27.25914730094473,4.200017239009594,45.0,6.251998878087903
84.73539764776832,12.377865372175712,54.60294278522672,24.453076203402357,4.341927573153841,45.0,5.579343633775894
138.28819036155494,15.11482075932688,35.19906042404948,34.548055240898854,2.7146040465298675,45.0,6.48654874415695
144.5926348522551,9.031744756856048,56.90031493186572,36.97944888174152,6.156838919863846,45.0,5.489436959212359
215.780284610068,15.282007409401936,36.615170330090486,30.9526212522905,4.674754617496268,52.79346091081635,6.6669114427342775
85.1962195719789,15.534865706026755,51.91311929637618,24.856734972561163,4.854771482730888,45.0,6.464607694362531
221.2133533099989,8.589396499091956,31.366310571399364,30.800178830321627,6.058859862298602,45.0,5.477328934746664
83.59441577876382,10.174731637754524,54.66827230220807,28.572757926940216,3.571075099213182,45.0,5.702528787870297
193.4024113460323,15.817726918684464,43.01990643605648,23.06310715341784,3.1129911573366598,66.59466539817349,4.851215171304864
101.20845500482456,10.106177521027218,46.99344314257017,25.85585365491169,5.128483003133427,89.51799814697976,3.5601494011836654
98.05877067956344,9.731515394847584,53.332389743174446,36.30246695076105,5.707228805175072,45.0,5.544244990244268
131.11519437361375,9.778926180958946,54.88591793564115,34.338640993077924,3.93516189029202,45.0,5.526104985183318
117.04756352726343,15.418263048630084,46.28091282792473,36.19857243846849,4.909870767676532,96.15604216719836,3.693684454994044
212.4369523807426,8.952715027848,46.73234602939144,24.23192710160835,3.321871723009618,45.0,5.984016845991556
189.96809877013484,13.878958051039294,56.77053848978123,38.76067428028173,2.5005458867667008,71.10508473971966,4.7588382523046855
156.24871698524638,9.72836063117563,58.778180739800206,33.42399247158893,2.4965359830232035,45.0,4.566097303653782
246.13571529120637,9.785387633672691,61.67812793444874,21.979249577821182,4.810917710191696,45.0,4.721079448430576
174.39601754440784,13.082452562509207,47.4375273167588,32.53964040899533,6.347804886871818,50.2070099692378,4.64930128267274
112.4414937090106,8.51980903924167,30.718741552359365,24.407805991033,4.006836773630897,45.0,5.185261631437294
168.506077775523,10.998439284721735,62.44905986499001,39.44163707280781,4.187057055679846,45.0,5.007108395609679
80.02625384737104,15.265486245956009,60.78923554070358,35.48001192749874,3.499038496985344,45.0,6.028204187951497
172.0104943696877,15.75722231748977,34.24883602770687,38.44374199147113,4.622349818500829,45.0,6.9603444484023616
109.62842060188316,10.330988345065352,55.75978257350766,38.60590159739665,5.457772153535808,62.562414139050304,5.313788961467018
145.18751787330268,9.93589235415397,42.47534105088023,29.364536815544422,5.367798344452588,87.21652384551084,3.212296719193024
147.5758606027286,15.125600254313028,63.07130536564011,35.15431799271623,4.415579792966729,45.0,6.18876937326025
209.63553264695972,13.86596056007146,58.31384164072754,23.976728769579942,5.892191009939721,45.0,5.251542468481643
159.7439096117834,15.889686997766749,61.33477283171598,29.215423841524867,2.280372913823805,45.0,5.814668123731776
97.26639679526598,13.46495910563252,57.55019604285861,24.278275295868387,5.018762114839217,45.0,6.268512984035986
240.65505400192876,15.37516153586674,48.909920712706885,28.215719112733453,3.188826994379979,45.0,6.648835676171359
206.98635556015068,9.755225457406905,57.022529959460535,37.03548503178708,2.0861661427325715,45.0,4.933414649120383
132.1893654008638,10.354885182463638,32.22378007888576,30.14105319639631,4.166896825064804,45.0,5.686248957629326
102.25850791703346,11.906419874391627,49.4558035589477,33.10356298168202,4.926918797396363,66.21710969091048,3.952526010683597
135.77351328438527,11.636371157704104,33.01169529961382,28.240874745412547,3.667542105272517,58.41834397341004,4.035173682989756
244.95929628195236,9.395754335356385,59.08165044576049,33.1494852150901,5.637644196820317,45.0,5.760641380391688
195.96638164253815,10.57863032566017,44.64973758212105,36.846726443510285,5.345804119787351,91.69920600649829,3.574861615670245
181.380869570616,12.549344071599768,42.66763558201608,25.86198736035918,2.299139939851224,61.9037860118452,4.856159998250902
132.83345426923785,13.734397860587553,49.37284161345274,21.29452063728212,3.926737356857737,45.0,6.056990797589609
129.5927364045747,12.8014083837583,62.874823248957405,29.55805176271263,5.912033953218032,45.0,6.10841311777205
154.12238210868907,14.074126331328069,54.85560649371804,38.6973655882647,4.582020269838082,46.66497774444062,5.594326089273961
204.53112821744756,9.67622955392947,43.30212072276582,28.49412621889605,4.791341643710836,45.0,5.913081661597026
185.28383942359625,13.399537530281602,64.19422220739324,39.754495692848494,4.200749331949887,59.61024672101172,4.466706850241847
88.34115459453372,8.001781827152278,48.93595638680637,35.55482086753941,3.902234810711904,45.0,4.974207048261418
154.98807166267034,13.34841904828443,57.1650670666892,22.862038133263685,3.470468518183628,45.0,5.975531090193375
116.3586677042248,12.047383352799583,33.69250446940164,24.12139903380806,3.4767574356802973,45.0,5.384206300674197
228.3060282304745,13.47965051615353,32.623278451452634,25.24369972429437,3.846422310131448,58.00760330939965,4.88293338499407
189.8895169978225,10.88715725386388,39.543299674370026,32.4788698575583,5.3112448958499865,50.45716148540629,4.746001087852959
223.04134896196723,15.373380750324417,64.24605692966725,29.69468618764561,5.887480289027684,85.92962296717704,4.717236424993162
92.67517701616596,13.149208136236195,59.888644372975605,33.680165393768725,3.909740783512258,68.29926091358405,4.839439230445866
114.45674558204205,14.448651646234328,36.43144557791911,35.273467367899634,2.232154145153027,45.0,5.928657686553867
142.5144441450919,15.233112364014916,51.79370555117505,23.77071078107492,3.41433095872843,59.673064544180285,4.845722686004638
207.58012438518415,9.783447822819603,52.10235992430096,31.628616287677563,5.519655658745602,45.0,5.0192553948902034
135.08040059605457,10.047596182057092,57.38870375411223,33.099005387555884,6.0613980507292045,45.0,5.86476272288747
147.11716921241242,12.477833675442875,60.55731678315195,33.30443116878225,4.129961495731557,87.31765480964815,3.5900219553633868
174.4906340690627,10.226724551276426,31.179227934371536,37.26502123127365,5.050411229256635,52.65594186591648,5.206400768049559
216.3710334062257,10.501942863121014,40.07676491175108,37.73357895905121,4.312849200241956,45.0,5.59150103903284
141.52152621169054,12.957679878407252,34.87278424661398,25.885725805547004,5.404135844513267,60.06905384736051,4.891729380719964
185.7484463242784,10.2743491896349,58.8050161125276,23.03684054841537,4.173842252316759,53.26304190679716,4.519163512811862
237.8962476835215,12.443231723882516,64.0122422084674,27.88318608481249,6.303896289588139,45.0,5.353246720652278
240.93023896335205,11.76205658240366,33.88321730682198,32.32308538579844,3.7780412420640346,69.83056400245933,3.77018305549268
148.8235715261825,10.841277587616707,36.60151315979183,22.592932171435404,3.7584207164941232,45.0,5.07590052633262
151.40682976445305,14.451136848688847,48.89566669879492,36.42625798031871,2.612454849074797,45.0,5.567852843421843
114.0762659799246,8.045369224777742,61.84825379689491,22.37013024027008,5.96408277746302,55.42122888241399,3.7257213732388026
229.97220926634537,12.557702578139253,46.708139729369485,37.539244313959486,4.628904420318984,79.30101447641943,4.073379696021241
138.58364532543334,14.020692034024211,56.44959982638178,35.18721066826761,2.47755259234014,45.0,4.855279112193639
91.66884281730208,8.293318166429364,36.64742572992268,20.0579897885151,4.192536289059402,45.0,4.964117525290734
82.48867808892538,8.471508552370617,46.57002573755607,38.183737599453245,3.738603204097776,69.29357911184397,4.065635076073211
142.82138179296885,14.5842167715698,58.266732854605024,37.014700600158456,3.4702754757117398,57.22511072399426,5.6423465298539455
92.65291331807268,13.040502976718535,57.47798482775349,28.50463123213384,2.188130258979441,60.89030569229921,4.450374652063809
176.332594022786,10.976510081876231,56.05398431401799,23.99695488415197,3.819346091880482,63.53649336844989,4.215059389943455
111.5937177255009,14.58130129683892,42.0487383503149,29.82796648069265,2.727604184105129,65.98437254833823,5.48547681541036
199.6852118991661,12.61925946779624,37.11049796507691,38.39359255038024,4.1044728759181055,45.0,4.899615786684888
216.2355514632839,8.860979574463983,48.115500842349135,26.78245816371076,5.63064395615271,45.0,5.169646243252711
122.67879324596004,14.7315371235111,36.372976290605074,23.30060513267035,6.013508822799583,92.45998770885885,3.741435059752316
148.08018430987295,15.088562076631575,49.135592546951074,35.405333363552266,5.569564550549082,80.24286314705323,5.266964842373394
136.18182444130122,14.574007794090369,45.147995042579176,31.4910329948602,3.7374138147724,45.20330512660238,6.321587804867514
248.2518335780277,9.252181840781637,37.59804484474492,39.53287791501605,4.630284892216707,45.0,4.648605662991032
127.33560509191813,8.98435662196182,47.69961349219823,36.90617694684863,5.731996221305451,95.17403485802257,2.98362564240228
99.54413907366217,13.01796598074252,48.184409337285786,23.589047876937837,2.813801767572003,45.0,5.231107958583408
102.07197952762522,11.924175241734288,59.75400731372302,27.59098770473349,4.289859656703738,86.34171663180679,3.609281852830234
141.90623029094053,13.037303289711328,49.44797719197092,30.525631975823373,3.511060132842886,54.85088762824126,5.342846935734757
209.8492036264593,13.416990156993784,46.65223119689645,29.233651005423127,2.100479788415451,45.0,6.061470083524506
235.48137544831857,11.871481108642335,41.53088294861652,27.84447691883272,4.679342798649678,67.11534527734429,3.617561900136729
238.78673881406485,11.24631840777547,48.45020741654247,24.24704408067053,5.134727495382407,45.0,5.691479344517864
164.99264692936774,12.956634358920487,42.00425622727978,24.05501544686733,3.610367277456708,45.0,5.739023916623784
165.43523145908478,15.741496302284515,56.82023607924552,21.46761243538539,3.4265430610389025,48.796639578444136,6.319992956732293
199.45694212558257,10.622957449091642,45.97934231020392,24.78979317827353,2.0519103528677194,45.0,5.506020856150581
173.56566366955286,11.303083195047993,45.757360131876965,28.388069476955668,2.36230783106741,45.0,5.346476089004813
116.24540711476274,15.650790547920518,58.93137231990687,32.761015799222,3.949286802997445,45.0,6.77748269167496
153.4583958495013,13.027279086378464,51.5455186077286,31.212781060073425,4.0115028963821935,48.0786618072308,5.520651236674347
140.92675541487054,9.459806669330993,52.41353714785925,30.670836318678887,2.637752837886301,45.0,5.264755470121092
220.9165297453221,8.623847720340583,45.51085401682037,22.12940301533161,2.090805191634396,45.0,4.95474490024641
115.21228418341536,11.109849222858024,62.050156525256334,36.74513247163772,3.433550539180513,45.0,5.314197140225327
148.659379677577,8.082866695698888,41.16459640906033,21.55612093490487,3.788042722609196,50.35916481876933,4.7211567498321445
182.84978024305428,12.277718127506784,53.282147993641374,28.279039466668507,4.301588182175644,45.0,5.5694052260233455
107.9329862695515,13.655142404146716,39.01073317825353,31.05571632426104,2.58292699749885,48.209504695133,5.555534547121067
198.221304779146,12.6970519025935,46.57853408556542,29.759553020937144,3.086627806640062,45.0,5.346700579735463
214.36959113787827,15.85934076524378,55.98521647601125,23.48750916806448,5.866422926117082,45.0,5.939082361590819
165.1483252687051,11.289495069858612,64.07439099551698,35.76856785810209,5.458372721299506,45.48758773931667,4.901817743059345
123.84411032919232,9.61830262090074,57.90399139708492,37.689629963136,2.59289145424678,45.0,5.695415619306889
209.42792130340945,8.498742206933926,62.5194706063802,33.71779162871101,3.375737841813759,45.0,5.311972322537578
105.59102985953588,11.912722443477769,61.918326141774784,31.917979999946816,4.91271817668356,45.0,5.202073361262432
225.88274790198884,12.419971924501114,37.17285554467893,36.1466379799663,4.89581334574296,45.0,5.680373042267506
121.3457696280585,10.4394005730905,31.36169639726649,28.015786229916607,5.86123648092055,77.96855027125262,3.945839188696104
215.1287846555121,14.93278572766081,50.04140578546341,24.03561742536644,3.427580966340347,45.0,6.041232579088765
169.51935965587066,14.66474119997074,64.62902885268764,27.45630520319001,2.034153962340264,45.0,5.532642114784547
161.20157050272854,15.023988749517242,59.36806468236151,35.98658021997497,4.396136409666542,51.24217659726719,6.084752649600407
157.7271047149315,10.208773615251207,53.89969908773556,35.12928769876766,3.656151814541356,62.85981466754605,4.26333090635568
224.5588571910562,13.109283574530702,38.27242599301681,20.58595531984244,3.7970947167097937,45.43615874269518,5.59527689460565
206.11288727882487,14.446015272399128,44.08242294348111,32.50897286568113,4.746358651535374,45.0,6.563126564561244
89.05302027313118,15.24496816615448,63.91409954518031,23.85479480533208,4.540800911365464,77.43269984956768,4.331275160138481
183.60870440316745,13.634716069043844,61.72075287575774,37.8623761677752,5.517632986733476,89.91212955224724,3.7797253727611
209.9222905942987,14.101812606627934,45.40710461307484,26.406581285993635,6.153278506683931,72.96780430040397,3.973841693452449
171.74140578908117,15.03579324415443,45.268127487282925,31.03884479351248,5.16738976213746,78.94882865460538,4.605802125492524
174.1433275696598,9.230735761089994,47.47996376605151,31.661856050043458,2.153533476082932,50.96065862107735,4.46135453460156
89.79228743917858,8.252751474468583,55.22918499051688,25.94227133754155,4.660634926051219,45.0,5.5814889005787744
174.77840843210743,9.688929458184774,60.45507297144793,24.363062580990192,5.080380757452472,45.0,5.121719861429543
115.73528740310448,14.92291411128193,31.42434553017555,38.11593158347679,3.718783012832564,85.10526594984998,4.147955958494547
230.44479431052187,15.90837922674584,58.564992075826815,39.5050555102961,2.1906895331043894,45.0,5.77705247086883
204.1857896640637,14.729030961523634,30.523513773094702,33.84991821101342,2.295491110775333,45.0,5.144020198483384
211.74051744450315,8.367038681593495,30.38227363542042,27.73204399624055,5.640610426579123,47.61275809075074,4.562432678963686
220.72973739174387,15.243446638364524,47.91224681283775,20.76019137568817,2.891856955868335,45.0,5.758409653201706
95.0939481615696,14.3218349795299,38.15657825170789,39.699672546830925,5.6976484886236936,93.35532020894644,4.212002402817075
196.34112232422467,15.840847611226614,35.93556869991131,35.79176846917846,5.6951688206301565,91.25590121651987,4.432374155177672
203.0409584315351,13.28340438958123,57.8858476462304,27.657156818705825,4.650801717532191,45.0,6.046868898040595
105.826489137577,12.283301611625348,46.06067435415055,30.8696278127626,3.4042231582448865,64.74607242632906,3.9888988650123993
141.55803420960189,14.323506601444432,38.96510933476762,20.613118763245883,6.492119916036224,59.69720737395849,5.464968631868978
203.2753011585779,9.57783254320687,31.35496258336368,34.89572922658057,4.665724120304466,58.07780645340247,3.909132392994069
153.94620420039695,14.657636496119675,56.751238215020095,29.113345369774656,4.3933478854284616,45.0,6.505214517379688
158.35043022001906,14.510139805813658,42.391396425832646,32.88923861925438,6.15574970805028,98.56243930875156,3.3468317015886413
205.78914611767777,13.055362233943658,62.29472646423218,28.20914979697255,4.177742145342087,45.0,6.015421580076609
90.66910077657695,10.782555425915191,57.97754394558653,38.23122010703472,6.013257822069447,50.57921836840483,5.5499765041432765
223.06940545118252,11.292538262431286,49.80675365669232,30.85136067846832,3.198759470336988,45.0,4.934437987421134
148.95180028164242,12.292830634020088,44.48774981577572,25.283627236708032,5.773447337442616,90.82885609370356,3.2081396752056963
171.64805949415023,15.71393217176384,64.88196585711817,21.360812298637494,4.115102087940288,45.0,6.579343558064689
221.7583518228283,10.194100463094175,41.09913873241051,24.042035191423267,3.0105781179497506,45.0,4.090840273622664
237.6042803340989,8.564224407590347,33.569132191330674,32.18392831829216,6.3615924252071645,68.23129017286821,3.8822711805277352
244.0875925656691,14.41039215691064,32.47408477109867,36.38441408146907,2.68176664640672,54.49852502893863,4.547668979392947
234.30699736341435,14.85629639808145,41.36621499121034,37.32539787006578,5.513653125958282,93.3466402811221,3.3161387526952266
239.0968956591501,10.395408290494958,46.455338456504,37.225616569036994,6.350219500943537,90.06771253882599,2.919185517210054
83.77492986562174,10.627040721228616,63.13512987115182,38.69351363781384,2.213429723843372,45.0,5.39973994317807
96.06252546738284,15.513066013270162,41.06774159122376,23.343060929216044,6.213990614211675,88.87477257620228,4.499372133070992
213.71000335536155,8.441838361477938,56.33238499417827,38.289025629139545,5.477629797854672,80.36991712680017,3.637986713682376
147.96805567784023,9.855102581784111,35.541747296328175,36.34928596813245,6.464336088165282,45.0,5.50733634401402
199.3342586520726,14.820824075111997,41.7039588338859,29.770567656454112,5.507788575002829,53.68241112073156,6.349663423955744
195.9868078372845,15.4323065120018,52.66727458677286,25.93003266052508,6.389495072050917,62.2305459146852,4.500590248574516
166.53449097060684,9.825309223369889,58.5520390627844,26.771516592024177,6.052537876374663,45.0,4.667891812373106
181.0645334082336,12.588100747028124,35.14875514353513,25.539952891115128,3.495789793451811,73.19825181609214,4.302767906536575
207.5092354701657,15.873013263381484,51.52238372857684,39.9333182803765,3.0111132972484587,65.86188441398984,6.1314175477812976
128.09261357837462,10.989355288608444,43.15801447663894,37.86908580037377,2.372635521461501,56.92882584931588,4.22877947929834
179.9882936074921,15.892835356906293,61.26386100685343,27.772619871748223,4.59627116190294,82.59444792149435,4.828430575482766
208.65594424315063,15.575919955464538,60.13277499981415,32.25392200670672,2.167379651764016,45.0,6.017271528397771
226.29824056172123,9.35306158555613,43.46804055304896,31.606400022088277,3.118477580991845,56.45807757894642,4.69566366005971
81.67711406150477,15.427030908063806,52.85296370106755,30.123918183106564,4.856814388230143,64.85513451807911,5.722923764204885
132.63596503911333,15.17315880062013,40.75539182127865,37.166214343006025,2.060951068982701,71.17794220058322,5.412027894456035
160.97634859862686,9.918766289808683,34.25283005963067,36.36112635086069,5.5265794272023445,54.182412863744055,5.284291099158839
112.88862335016697,11.565204882766023,52.50081732639745,27.812162305302703,4.617552355708913,82.4673357778635,3.4357282061145518
114.41058886985606,9.552230810374397,44.98853036174903,27.33503316017183,4.533773303104247,76.8009202407985,3.9680434777904936
162.2344646201533,11.091888942697892,40.93139170662337,21.528436754542955,6.458825102887666,73.45012972201278,4.182297792856206
134.57462821462343,10.73987494903876,31.85781485868977,24.001041718012324,3.2570241845992376,45.0,5.455538441460504
94.26101058879786,11.46067028921942,57.26900495724635,32.79707207938401,2.5175237588249204,45.0,4.602358450270611
245.3881816897896,15.868164013780484,38.94928501908254,21.66347413701097,5.217215700326829,45.0,6.494991721327532
181.4658629468824,11.555381149189651,64.33331804366178,35.69522320449199,5.4256951740028585,85.10316108685885,3.8347680188509794
206.46520245910887,14.840236177406158,55.97666329381536,30.32030634164181,5.0688477553738025,55.345946655381525,5.99125627560705
155.45184737772308,8.396671845581842,56.364519888265775,31.005300832343764,5.904305015546402,74.15894069313963,3.111045821169792
84.81242414009503,12.42777993105418,53.09261286022043,27.066509663338472,4.114223076142524,68.95947842796704,4.413826467365125
112.0518664743806,11.961142133722015,32.0819939871132,39.89632535126746,3.641026172069534,50.58937075765133,5.544158359107914
94.03109395197866,15.832897955832909,58.43944190644292,33.02062330773234,5.924603176777876,74.40879435039753,5.830479490876208
130.64164058321094,13.007462825907185,32.44651815421682,38.9704723452393,5.074249570204648,45.0,6.029294175934027
234.7329230092484,8.027795005854495,59.59174767672735,39.6947738722901,5.12104547651197,45.0,4.668539678815648
178.014490179665,8.108051637608542,50.57600695888501,28.858964865561205,2.562432982890936,45.0,5.273316846438432
231.48088396143137,12.25036058118702,54.31904794500144,39.42460834581653,3.719288558840297,45.0,4.605766748650122
94.70957633980892,9.407014780947698,56.24868804460394,36.483161381494185,4.172366242727906,68.0317303476121,3.808329811019688
116.97369547675392,14.503718484731436,32.72695398631218,38.94618671102449,4.102270156148277,59.365563585931234,4.986181640255693
186.26357006292204,12.372079450970231,37.862605120968695,30.25814248317898,6.248000276408156,70.78960398874705,4.403063458091005
150.5903665139694,8.011338285791027,59.205086280853,22.71789893225582,4.507416101719484,45.0,5.02321900561536
187.95232201227824,12.96978174868064,46.89955326633331,24.96347298303004,3.0053107657433,50.30748810847626,4.730229605549629
167.35073558302446,13.498748966478432,64.96887927556594,24.95500777417381,3.966637128858659,45.0,6.064306766153612
136.8405510636462,11.479640289620374,35.25794209893079,39.60722488913508,3.38600980026722,45.0,5.324946357440384
117.21578206657104,9.08069402063884,48.25297919024145,39.19362463380694,2.082423953149456,56.651617325089454,4.305620449586028
128.15664679234413,15.241651231325104,56.312224647558864,34.13280894501411,5.87913922312303,78.17743493187501,4.855308667514967
190.5268817027484,9.479641275959008,51.90394931259097,20.158667473251857,4.634184288261152,50.14123907968453,4.77701531511027
176.79954984169342,15.32134965464004,48.6931058567362,27.40217630683899,5.98915755709195,45.0,5.481798904334466
215.62700297800464,12.734028165704077,54.692538229786535,23.15739334632672,4.46246816941118,45.0,5.051583689827136
186.61817672655903,14.195441825849816,41.83937376006386,25.30500436198197,5.44607406400178,73.81298177349348,4.43512820935049
181.60201457404503,11.75304545965159,52.37853632397237,35.17743678169009,3.428227773389112,45.0,5.36937507324663
220.4975308863411,14.528468867395125,62.65649235294424,22.69580901548689,2.817688780353861,55.69893235455772,5.548614580431996
90.79612693789802,10.48646407897673,40.13110351008521,27.46426749975672,4.18363754459382,66.4166683238502,4.303669039119384
115.36723273028548,9.528178721537264,38.53975147447085,35.70438192035504,5.239685900515664,60.20178623802342,4.621699297158521
198.8446572292762,11.186784261630368,40.25539166447596,27.324766169878632,2.4685921833134703,45.0,4.394517955541687
182.93873680717223,10.677704209341911,47.89158914962975,26.63352438221759,5.737002335628427,45.0,4.517691390794143
128.17844471707204,11.438559539540702,49.56225454135705,36.00191571890484,3.9426272422984665,64.39580153000111,4.663321328297438
103.78301416579002,11.414925908580122,40.41861765681463,24.78421310384605,3.070173471283246,45.0,5.412277173233228
240.1825196797681,10.41828718711321,60.651547702642816,26.958313497375613,3.4825894552399403,45.0,5.325031560872091
233.6263175647264,11.713262032221463,52.742511403892536,33.94206535900902,4.957190837356941,81.01091280069042,3.758071809380988
143.70832787427508,14.146183435815551,42.45235449498275,24.00722948247905,6.098511219722983,45.0,6.1138652556765045
127.86079997100022,11.970544439787782,54.52501755657107,21.4489171597294,3.685484091853968,45.0,5.693395713260889
173.22363957277258,11.2282053571827,54.02593313020351,30.427047779301702,2.064520308463219,45.0,5.412394169218617
152.73701591949202,12.0858688955784,60.474658858206325,34.64156207052011,3.2701906732677863,48.60045842004094,4.943830102787192
222.48582036092333,15.494304309770484,42.055396754856616,23.99947281223889,6.365498311898146,81.66947657345496,4.748912737933241
166.40908755167817,14.224490931010235,62.56462162269736,26.33404538467283,6.07432936930092,45.0,5.55309471580914
170.5773537223732,13.07552951076493,58.8498165902132,28.306732474886783,3.88444693639624,45.0,5.224425299621959
150.61044378786653,14.263307646547435,32.06942436662078,22.882593941509057,4.258774422997092,62.77956342881952,5.2953098847727205
213.2545562262546,13.92773841962107,40.64064718519664,29.932740923731263,2.1109675149262856,45.0,4.879310999717019
147.28018263052704,8.185692072936234,34.61658698174064,24.70103366230404,3.13985492907893,51.866227830601815,5.010339664868951
98.5963945380274,12.73676081102822,53.10426809045697,31.826973455703936,5.828409376947516,65.8092524442752,4.436088292538658
186.21635556039524,11.67460592046979,56.875495725996586,30.93515920632093,5.960261542288939,50.42925735479271,5.163819852632008
238.1822395270293,15.40046018229226,48.706483539453934,29.945034159451826,4.864420828609831,66.69941714967808,5.214884618994317
218.5687443062308,12.534448917096544,39.548920176354144,26.07054518776062,5.024095524946898,54.664653194962256,5.177178854883203
246.83603152430584,8.542716534561619,32.308551036768804,37.96215082290607,2.801779802082115,58.50102359759883,4.708401078485305
137.02595381736927,12.831377035241054,61.19637740210857,24.33971789838266,3.166495662787801,45.0,5.187965858354189
147.7695580979389,9.913437259781112,50.80595488187596,28.095735942432857,5.320304553213342,48.25484097360077,4.011656634739388
226.2570802478376,13.530163671119222,59.51908416147496,28.70670453127037,2.7427027733661364,45.0,5.200049781031359
122.73197420651849,10.66867963045632,42.43802307088529,34.859258513454634,2.5765480076958607,45.0,5.126186461608889
232.9671638474651,12.375076924749234,46.676435293522594,20.930002324972826,4.110570810965615,45.0,5.068846077350106
122.6080155089622,12.860990512160882,48.22727481631017,27.04343531334649,6.091543297342238,45.0,5.66973652380056
174.10730915166278,9.09414373757717,36.11849720973582,33.545375223593524,3.357300660520031,60.79734584434797,4.192459881343987
97.00868097924038,13.72538297839612,31.810327825732625,32.300865402322025,4.747572289892119,88.79551086701258,3.154604527823585
136.64848159848708,15.764237780632898,41.79023632547026,24.09566304348588,3.8337838252356935,80.32311426253854,4.672573052855328
141.12223231985843,13.063290658125984,63.50980431968567,37.77019071723771,3.619955584516549,53.76742442294531,4.059787528248624
191.47484156551005,14.166322453249304,56.781491319982905,35.354965085108,5.087245790553299,54.35187947268477,5.845082450071367
103.63581613366225,10.014718336639056,36.34073073677935,38.56625287182276,3.945221687301984,56.95243876070949,5.017652418078862
243.54334724976263,15.923176749273154,30.723522534673265,28.4278625499646,2.982063925436712,61.30464661451611,4.805987573268464
198.199012708018,14.15126385654218,30.508496228402088,22.60808599929379,4.187802619672354,45.0,5.288512260974691
226.30699196057623,15.250101206090273,46.66888086371006,37.550091988969456,4.58553090528201,67.38447423881921,4.475852601312556
182.04847647679608,13.146331459998716,58.1068214472389,37.87075017255143,2.8361961990586098,45.0,5.540631917226465
104.87652749972,10.31794124174336,35.70705878134628,24.677661050723643,5.036322462993436,67.8587302398447,4.235107378355146
171.27177351329436,11.471380108982682,59.38591204899241,36.21561892475658,2.2230333591290523,45.0,5.952779793434797
218.76486650567173,12.265777338304048,30.461661469337223,20.07858837323263,2.7486246150710643,48.80649991576741,4.349216427269877
217.04406318743915,13.886461703938,50.05205298785652,29.569179178925825,2.4377207543706283,45.0,5.350893589784034
210.77414797307807,11.325449599684312,38.86140168736975,21.667081305188614,2.5920968965605127,45.0,4.293077885511575
186.18358600250167,10.652823970944004,40.63035808102616,34.075137736044084,5.592420595888481,87.36188304356044,3.328912084165205
209.1350624462043,12.195026819453574,44.58397916040796,29.390616560247423,5.989995334060042,60.012170752647854,4.002091232081608
99.80598942447423,12.60786488649921,39.58367892567265,33.4153391007857,4.352494547600376,91.16615225648812,2.938119770408602
193.97990152535783,8.0124852084516,48.511381870382266,34.310870256077855,3.27972684122944,45.0,4.999750656846002
231.97441447461773,14.316351127185184,39.27065840436738,29.52794081173748,2.33033472587542,45.0,6.187957445961894
210.28368432527296,13.318906834950958,35.49906733532339,26.710587996548345,6.2860703311569335,45.0,5.591088084102791
86.31864225156157,11.752339859351776,52.7774223463206,35.97229374362894,5.741343992459159,45.0,5.220432495835446
130.98481706607342,10.996977697355083,40.6808956406687,22.7466035431047,4.874222060983818,45.0,5.281509926799236
185.3671279950672,12.996936356499283,34.69925245373096,33.757166253149634,6.14161727330771,95.36436449394196,3.609852136378587
178.66070222251443,13.813267923212216,49.15161936612548,27.24135876743351,4.461328046732241,45.0,6.564471771150313
118.13798261490392,10.044340602719824,54.813849807453295,24.43454946814952,5.1605778514139855,66.25123754397985,4.424384959347592
83.5800220060468,9.967812167546017,53.881751543497394,39.92337421891708,3.9870724284800207,45.0,4.731266873306417
169.68019696041983,12.057195610082264,40.411868259252216,32.68311113912423,6.15796996538514,91.07915295946822,2.81471044603543
107.49169908450196,12.882731951564072,64.458753744158,28.731371999074952,4.344929154668384,63.75360487856905,4.848022021318748
212.7244086959459,11.822129151147008,36.76512665185105,37.60985535838484,6.173369005191956,92.28692195330122,3.4158483165594244
101.40724896366018,11.880205605526744,55.1385993842505,32.89208762716452,6.312531884038185,45.0,4.736386653738396
229.9329574407237,8.32650050580959,43.958247624116034,39.95310785533367,3.3965029203143864,67.55699092512384,3.6510633380255113
127.73600450545,11.016745881726816,62.453025997514615,36.55488680351736,2.3429851732437585,45.0,5.548017039210475
201.9001679855605,11.908739428643552,59.15767532142503,38.67131247785302,5.226679641323483,85.7181047354467,3.4704335596188574
106.50990434557404,8.106608922272247,45.19516628350286,37.75605235645414,3.7170366397184234,57.33561435772747,3.9824643503963824
135.92523417354798,11.040272112673897,60.117313791896045,25.9232204279788,6.276057716747815,45.0,5.952405676878373
198.38327200216276,11.113415377864143,55.62579443720881,31.454067808747883,5.37836133926864,54.33740541862595,4.540884946637756
105.48819278095608,11.595246214266584,35.92655783789896,22.34894713435066,4.535952464861837,49.5544535534992,5.149546029655514
209.67477419388277,13.24027701742504,53.40736350596112,28.407062536036456,4.466836270839493,73.1157678436773,4.546684627032527
104.55168880888756,10.4203232240207,49.47126854798269,29.784786927007048,5.059061088921489,45.0,5.02799718771883
185.6153451427242,11.466598847711031,52.9229923762119,34.459366157388615,6.262466340784125,93.00129317696134,3.384825192526881
211.07630994817865,13.062207594888552,44.626767042235706,39.48546249622046,5.223146818662597,49.509549005087,6.211969374207063
163.30183700753196,12.828042569519184,64.56245087261908,35.2928311500012,6.272161519577533,81.2751422490319,3.9696569837101214
191.08284275309256,8.595692454651799,36.86936549039903,21.338840166959837,5.5215590194922015,45.0,5.582077456746353
111.17730634197288,8.196021806400605,57.0394381798724,33.54288398477812,3.383339908436345,45.0,4.70109350921974
191.761111143352,8.709970784817859,52.72826227651094,31.07154276394063,2.766145975860523,45.0,4.368631849165439
240.70936352717456,12.203350285510249,55.854861911277695,35.83540413709915,3.3115029177965862,45.0,6.045111623273986
171.12522596257503,11.83500658137232,52.270771703208894,28.85058061096211,5.4332672244321225,85.40693062680812,2.9244644777175406
133.7542527607035,12.002884585311412,45.50745040494648,34.80020929207636,3.766078575369763,59.132364323936336,4.849192027347208
214.99915010515903,13.302599804533337,52.70493096900061,25.664592742451973,2.2995455348408185,45.0,5.499270376912209
180.9070472452244,12.076817392294842,41.12021753824234,30.013973878634253,6.493540083837933,70.9180212261657,4.463585130386045
246.6041180930214,8.607435024715636,39.21797549614904,30.235866192489105,4.584858572834438,75.72293304038253,4.198998156291362
129.85982628162176,8.946354181883013,38.871904983003816,35.11349170290885,4.2096091460892655,61.15153891883902,4.984940223979088
171.91879534565263,10.035655189443048,44.24641664554385,30.64283667842519,2.153703689362895,45.0,6.016030259849229
161.9082654867199,15.09440600087489,62.19880678320785,28.744619874923327,3.385085800709323,45.0,5.881208899723685
105.46065817152088,13.24255620859802,53.88783234435131,22.285762721485256,2.065685007086957,45.0,5.750454711529209
115.15699442232469,13.363277822878114,61.596845905000855,27.02767814190484,2.736379018124809,45.917216112860295,4.627607848146223
232.24654016726683,14.708332645406731,62.52576080520001,28.908397891270955,3.703612072041676,45.0,4.8966981242950975
84.04318082018223,14.579082190763222,37.36076085738053,33.160607611851034,4.059333853215067,77.52883413691379,4.683505836329279
184.77551446720096,13.617781371986718,34.42971265910625,22.9885189667098,5.327211736555167,73.85607608441202,4.370469024160376
211.6239909021141,14.478348850826974,40.38832898691239,24.44715071044985,4.969591427268719,76.15229602604255,4.365043971041158
201.47215289946325,13.890974999145431,47.424056031721456,38.26936225629953,4.602888420238132,71.21013032557082,4.600264139621584
98.27084088269652,15.40525975882412,59.23792526133193,31.98060912379278,2.425919312098577,45.0,6.465355808165361
161.15925980201928,9.96347505268027,49.749505514946,34.74830347468218,2.8082485079543016,45.0,4.93009540268305
160.78411000806256,14.368305532200536,38.00781389826647,37.69358271110448,5.318358903079966,60.81503636158868,5.000816975155379
92.35496313141634,15.936693925374916,44.1096999114601,32.83290369875074,6.346700951712573,91.52933416772532,5.014624804831618
243.2067247780263,12.11180836591962,48.20524992647562,31.40821251793944,2.0253091904803693,45.0,4.231508889361869
224.1582177983681,13.005487010730516,34.72056945981117,26.413271099914088,4.130330318186014,45.0,5.511331190438991
136.3835443115092,10.629366927557406,56.96767306063336,21.462972188027507,3.658598071164848,45.0,5.213247230698764
179.8587793629066,14.815744751319064,30.34218484047621,39.835683519649294,5.514919920319237,45.0,5.940685091489421
217.9743226529573,11.426191455044064,54.99186595639445,25.871061673191157,5.982089961344721,75.44526728516388,3.939448907496458
136.92335131756363,9.092599466338212,54.67190542839432,31.144619488081528,4.492469833644418,60.37219048992375,4.844363635963313
179.2307382439161,13.463733624460271,41.54801035148823,36.17669995573837,2.31038264235208,45.0,4.735797673633861
161.74980261751892,10.70026926961138,62.30058320379044,33.04016741763052,2.9119750747037174,45.0,4.964532084703111
152.2315381054152,15.528655699340112,60.36995470809015,27.101270932124315,5.816743209780157,88.27820902781465,3.983909146061882
223.25981472423092,10.540735226145086,52.22240063900841,20.18558709123056,3.959983293339816,45.0,5.563756544397247
192.69320044777615,14.352117416629484,31.297987848232907,28.66500317392719,3.344959465421898,45.0,5.541562368378534
118.21229480719464,10.792323907484338,57.74131612270664,22.661413671956574,5.811416421776216,45.0,5.633738734912621
120.90155669345106,14.935406306047934,53.433501887273536,35.28549778316697,3.367923124633784,66.13384943975188,5.325312220130085
215.0073259051628,8.05577595739706,43.13251156636734,37.52411744399669,4.158240141673488,46.6195435823107,4.548473927094006
163.68402123017074,14.550567505132912,61.73893603270192,22.32065175963372,4.521790224221883,45.0,6.253022929082174
216.21327417888037,13.472449561473136,49.02571046378134,27.968105219354115,3.303299119245134,51.62533399495357,5.261148197600074
215.30816753222896,8.957318772448671,60.83536820066713,22.131477047754192,4.668872085778967,45.0,4.124069089486845
185.8168639822758,15.071004061367224,57.29008161953429,23.448976646414348,5.934458534361539,89.52401482213807,4.270383193882054
105.92221381120956,12.274020220090964,43.06719761277776,39.77212188511957,4.327468774456577,75.96826124492044,3.4211392698265986
80.53360459339444,8.210240446225736,47.97113164079809,24.990495800930915,3.952862725074282,45.0,5.522747033245896
136.8479292975586,14.851116690605837,40.01961292730539,37.0799673558313,4.451046571658362,88.9385057482967,3.994867542171828
128.90750826298176,14.762119586597027,50.9350808818574,34.41842316305746,3.6079534564260585,45.0,5.4605529796200365
184.79148730269765,15.182602739624066,37.45385539786909,21.1049249470498,5.712266643495608,57.21583410108686,5.092772687626679
135.62150392083896,15.19360545532322,45.32408372426183,38.21788847007039,3.236379393040436,72.86779282181044,4.619601963234361
215.7646376487909,8.565044772109438,45.61867840522835,29.687381785299884,3.189692994111445,45.0,5.162312139202443
112.52407894764464,12.545593935251802,41.75761451076683,25.849910235890796,3.1202022712958986,65.9811357847917,4.414946399818177
206.9988213129755,13.645145818594036,52.67662825953566,20.438226031457603,2.4761891398037434,45.0,5.21449235579284
102.46102559801736,15.311377225734809,40.870867534082734,32.09050790042976,3.3998978118939256,45.0,6.124912750258838
186.95263583298535,13.113989683859668,61.04389979814656,20.399007481444176,4.365173402140593,45.0,5.810381812187368
132.44355741077788,11.81852200536322,49.04666182613349,28.07534326535059,6.046954501679539,81.24030389308105,3.7343043366742568
80.1169103141439,9.878034188013364,47.53826396505431,37.83073781215948,3.4356599715145606,51.47322243391964,5.555035540484537
240.9794548221776,15.755347658201678,53.49073384183801,36.684957323424,4.144598361764401,45.0,5.77236527989281
102.18334174210182,10.494670898158835,50.318443776434975,37.29941237879257,5.843146137939396,58.1422787512436,4.20224740164595
134.51703063456634,12.350224597884637,42.0974266671132,21.374490004694582,3.8207098860303192,60.93154957058351,4.144652655629429
95.50056615067376,9.12896444923696,53.01814584087753,25.50968362385075,5.128863115254331,45.0,5.421853086168103
89.6107903825825,14.894425293697893,37.21286372859757,31.99172344279704,6.2220659127220745,96.65047768439464,3.300627826744684
214.29274985629488,13.52302108730674,30.141130631950944,34.94429159079862,3.354571964369278,62.79596776929773,4.606328579816346
126.46460495818332,8.295540566164613,52.60511504526329,20.859331338399503,6.167959329097182,45.0,5.218061058093287
191.29080484053517,14.563676189624353,37.97234271364613,33.23597861977355,3.2641789926544518,89.04406283907193,4.087388437454665
193.15007502444504,14.053455991177051,46.77236945897423,22.33275037364425,3.752259150620481,47.73600622864455,4.847038132029679
163.9511868457184,9.739928170839772,43.661058095500806,36.93402501955425,3.4853144462894687,45.0,5.753970894772207
211.29094334503935,13.778901932167466,51.50842551859883,25.23449975188681,3.077306667765556,45.0,6.016294399460588
182.76509351959044,12.718138960073151,41.58305836199303,29.67558610938747,4.057226950612158,47.53505550287285,4.797352599167143
142.25073984944123,8.510079948167345,38.19855195737486,37.85295590907634,4.194006624444706,86.14141629356732,3.267176063345589
180.385128734989,11.554312308997432,37.32788077670499,27.672392508645054,2.1847049526487443,45.0,5.06452501221486
146.96034371789762,9.161608132662268,54.14252572397714,31.420346107088704,4.722718652368481,52.030951568255766,4.719615148136345
146.35165046042772,11.100601595314316,50.101097137395655,25.346371930879315,2.5925358284610382,45.0,5.150018343201808
225.03299079753896,14.072271643099723,41.73440999462117,26.911852845441445,4.934009547338798,57.24840409548906,5.891418142462497
223.974607890468,9.248951100546776,34.8189270309819,34.52523754665745,4.861644114357434,45.0,4.337042797298041
112.25017919158188,12.982307331716717,43.36265654024067,32.07140145482474,6.436096346344927,88.99640657663994,3.621329329453301
101.34155807603044,11.4768041994361,47.241566488747935,32.76920045591052,5.749395913738866,96.47381058265522,2.7358585459518725
98.21120003262509,11.959831980180583,49.23089298213312,25.590109232172782,6.103145516258858,81.93225228518331,3.2971524130084644
143.1107214182207,14.699098435018929,39.53393405751359,26.23604957333812,4.53022205507812,45.0,5.971952630649634
191.80868783547243,9.49123255291218,38.61434148332926,26.933685731796583,4.189580700874957,45.0,5.38675250329594
210.134297626696,9.921215191507953,63.86553701765983,38.84138974668781,4.93289473420029,48.26181837598895,4.973269241809005
148.14594536750667,10.851919651316775,60.72621420503905,22.387599242509616,4.858812465983677,66.15575539990803,3.928236144798116
239.14802659352537,14.373351104923938,61.17099803865614,35.43723376544348,4.974286314354149,45.0,5.807439048808245
228.8084289202272,14.10883647133339,63.02931431795333,27.67715134841268,3.976975990234608,45.0,6.00645013322784
214.94040767541009,13.698478018002175,31.222376143025528,26.51963316465508,5.4791639810438495,65.734645763884,4.587295805541688
141.97954671776805,12.605457219044194,57.18710888783164,38.243799119071134,5.752065794020709,45.0,5.379548374834702
121.957935488813,12.978903421357591,31.571840933682346,39.78197022978408,2.975069954780499,68.52555281572033,4.33832362254849
86.52410755120913,14.291440901407194,48.1569817524382,28.982003091564472,4.897106428647033,98.15846160916702,3.269952324331098
213.8170773837258,14.520744851917232,57.70163967810604,39.76490787242184,2.472323044013196,45.0,5.34086422121112
208.88030187211984,13.39842437750179,51.33806926557516,36.477040568396845,3.6772288558405606,69.88906935933532,4.10234759743525
227.31171141905813,13.338101869736576,52.725806083189816,29.365298505254763,4.190397984240799,66.10400683693427,4.4737456855459765
173.67385590717515,15.340053094794497,51.64735962510076,39.4353566977989,4.37191921293536,60.89374597220395,5.341586282343726
178.62523504323968,9.61520824017698,30.398101187795785,37.6187714108012,3.065306659210966,67.65703945237998,4.380071469518847
87.46893328187365,8.633722268036227,61.92783679802464,39.27177360685826,3.554139072063889,45.0,5.000900682626954
192.47290629636424,8.1753736497201,34.08974523400875,32.55458830589243,6.415656489745897,50.050942781040334,4.474239815486836
187.5198575375091,13.039454107581388,39.5985087052129,39.64502960896923,2.515184589995699,45.0,5.624511517236366
229.84303310516017,11.014101876398517,35.467861100239176,38.69108401552887,3.7140295844737903,66.27506632964871,3.899991036405785
184.80943544627303,10.587623037599789,57.77009791201592,27.161058731493103,5.2300653196492375,65.88049282698306,3.519780620519171
221.7597288791272,9.3988034482104,30.57776386021516,31.326736213077996,4.830714684917826,45.0,4.750119949503459
107.316080894289,10.122624683244004,36.79966161832675,23.716385662645,2.9260431797345943,45.0,5.918065217709499
107.28106397615602,10.899984614081824,39.036319903047314,26.61950686418941,4.427915776712027,67.5531296823948,4.340841340132817
95.54925574236388,11.231016341391513,30.84991116947185,36.166750161981966,2.032157794938789,45.0,5.372704818720585
100.91868276631207,12.848015669827252,35.81581517406834,30.208701438845925,5.585745696387226,75.9513285857233,4.707059004216124
128.39888743177823,13.877500005603114,51.21900782210902,23.10809444228326,3.5995140037721223,45.0,5.898928568704138
222.9367702385701,15.669266408058878,49.37054056345336,36.17411070177114,6.1116576056933845,88.30469723420008,4.538573002037155
171.96105409233303,11.616686510405351,57.94028816238848,30.94806719024034,2.6685432627469368,45.0,5.876404122139288
206.40599698644337,8.231793210153553,54.9167574263436,23.399118873294466,6.250374220045052,53.23304989056732,5.113857154763289
143.93447054025265,13.012102435908783,64.41204538236342,37.795378085084025,3.79020479864117,45.0,4.957744450266385
191.36078881292508,12.300917338202748,49.6712109002351,26.20053004678327,5.337117721370433,59.56767030272904,4.534438388097392
215.99873798371107,13.775029922937806,30.369583651596443,30.428574126499555,5.107841706886792,53.26074641797577,5.761762046466237
84.42909559885861,10.592688403927797,49.25545300949955,22.853796952316657,2.236243103487905,45.0,5.685680225926822
234.3390882214396,12.422384500766258,41.64485224945592,39.58738422976182,6.285451129119919,94.40392126006589,2.828670626126813
192.48127293762744,12.76066743921281,62.60186191906652,28.576518909142067,3.994984061985005,71.02773415421477,4.174673352985161
183.3918878957348,13.653097636321611,36.12098248384487,27.68106183075858,3.001007945992653,75.17860689600602,4.068787543042785
117.47523715185264,9.840937080319438,34.15983684508678,23.914570125118367,6.359763529881533,45.0,5.249735253474107
102.89798817677288,13.43593740833984,37.03872617946924,30.52784818398316,5.142494475013127,55.879246464374944,5.233715184083406
138.00643423208822,13.169519400814176,50.64547155908809,34.41503693385287,2.800324523465413,45.0,4.9233676926323895
113.3470862730306,9.912509584534066,43.22924679089121,39.928139007526056,5.985965869961902,80.165984904615,4.18351241363841
221.58162920317963,13.400634808187814,45.57304170986791,25.86883202005435,5.7137170942987865,45.0,6.208342809379543
128.3374606858038,9.272580068950548,39.82218236161349,35.091590998015185,5.836373513405749,45.0,5.25347243204239
193.2924897159932,15.312543546566827,34.74282571327129,37.03450382884672,3.514791942417909,45.0,5.454464438684839
85.00229609335686,9.408589191148886,62.06523556586592,29.42150824052408,3.4565133324983046,45.0,5.541059494925412
207.2913021516952,12.953858630172178,61.89133106126224,23.84529034244555,6.313427848176033,45.0,4.7650521511703925
182.17879723174545,11.72461106677958,61.63980504841694,34.251978712061046,4.963378986443738,74.84069215223172,3.2061685397361206
233.5904698461988,10.461195834354797,33.632017172222525,21.18003116097468,2.287145790564476,45.0,4.942777478626667
94.59681567636794,10.19991391204038,42.86923223829617,27.779263427097018,3.826946740399129,57.14568865545622,4.504289553478505
196.6113642803155,9.844215960618582,63.59999156012148,26.698803406904776,2.2456292256773773,45.0,4.834110208754915
169.06511161979626,10.67616516169479,61.33818527837457,34.24623788289669,6.304918115582267,70.27344193355565,4.210167927171437
82.16074865652152,14.014997057829063,49.60458054729,36.56186303579273,5.895783510691222,65.37672781094491,5.513343941515252
86.85822810693479,14.834213416694451,63.68430586674238,24.00761031861581,5.431781846399037,45.0,6.674865995950293
119.6170595215491,14.03910009335866,52.020360023535446,28.26102661037057,6.0948385929242095,90.16435578905414,3.5917449541353474
211.93756414205663,12.85156200721087,37.2821813812255,36.539853765558576,4.977646413282407,48.622753181149406,5.589350450361752
80.59656603643295,10.405827193743676,40.71621447751061,31.40003442359192,4.6323153714547605,80.41113290338727,4.088014676087687
129.555228516499,8.423060750719863,46.04567843981337,37.90469343667863,4.424226486975467,46.77348664642961,5.632665182053307
152.63511312891842,15.039490104175218,54.18126846370376,23.274121379231875,2.5230459135390406,45.0,4.902045322003078
138.29206517739135,14.838068502340455,39.30862556172079,21.49477021016031,2.177558002254744,45.0,5.905041770833407
178.15117724195014,9.49342869111789,47.089689284975385,27.647614817926645,5.399486455051791,75.22491516519302,4.347177015850306
228.4827808611722,8.84434396012877,54.75572746448909,27.62951828904971,4.382852628031825,47.69694144095526,4.6542951239358885
167.98084229845438,13.229137129418133,39.598895906811926,28.201328438867904,2.117773001772897,45.0,5.643385857858178
215.05286784621472,13.89493102102343,31.399115640010315,28.570621182124576,3.1981725840215995,45.0,5.586143638659576
248.41464036896988,14.801634886979452,56.88274359317273,25.08117756319588,6.49084729652734,45.0,6.391922828446436
146.39140606044475,11.671843056300578,52.34403838059767,21.16730777198929,5.781120664659811,45.0,4.889524940455239
132.21418036612624,11.43790594452918,52.91013266302542,39.59609849804815,5.7294289805183,88.74960649243582,3.4153775587253823
200.52268820356693,8.449930185330988,56.72003690740077,23.392842155340503,5.774060110155181,45.0,4.709417491966581
174.18290284355908,14.120748114616369,62.29111492141864,34.84016376762455,4.858456292823359,45.0,6.559653977910566
247.87022776961928,10.969306948315234,61.78867877699513,24.130035826999062,6.298079331072597,54.86468466040802,4.019249073709617
96.7280358702822,14.849828932618856,57.37929477696441,26.688028078187138,2.570059758963061,45.0,5.011509410609783
183.99179164027657,15.584520182911485,48.455894216424426,24.371373387054344,5.94075956201927,45.0,6.746277156431706
158.96086870474602,9.650271653921829,53.26737885058165,37.72837575601844,6.050164929539014,71.07544529869794,3.6152779450412686
241.3751631777077,14.902385773809996,47.86640485949197,20.54218759083085,4.47030858244246,45.0,6.322519477180364
243.9030933475761,8.807301223530773,56.06202577705763,38.361965078339125,3.894279129192826,62.64243909528868,4.768714187597772
121.9464284213764,8.099466204040002,56.62425751592849,24.628661972567183,3.662018767360286,45.0,5.0484619211251065
173.7860897446435,13.27178133513812,39.58062479166594,28.12057582359371,5.194572588712278,51.071757768587325,5.1058713806948965
175.40464250426817,12.896484867341844,34.44670312771957,36.793536853494736,2.923157188010156,45.0,5.125353409243569
165.19174428435258,10.22026785857809,33.722415799096105,24.031594788713623,6.100634512468816,68.77498975287752,4.015027382457171
121.59217259133683,12.11808740307468,50.97001764557204,20.40505804863595,2.8884576965125826,45.0,5.508456552145368
107.55073970015938,14.33585575608713,40.206517674794725,22.22472306673461,5.793042596471116,82.44652884858712,4.310667897350741
178.59758213915953,13.051417368606776,31.167212604408363,32.391636846355446,3.1743038040399822,45.0,5.842596649916205
217.02576808762325,15.195441922545374,46.54796105586426,37.59240638409067,3.659683912622591,75.62016720443087,4.515910670664187
171.32772281554702,10.959763721570232,36.825571496496536,25.20916053552635,3.0489689643826203,45.0,4.580165996707985
152.2640720247255,10.148849726495865,49.62415184925354,32.60590677637336,5.112201089691502,60.69333738521095,3.921396885183479
140.52244950381586,13.893511144907976,31.87980811498188,35.7835951404643,3.286640681566176,80.07294342554633,4.159020672529652
168.80998422242186,12.609632367833807,33.87681405361577,34.59751740148063,4.839666650694065,72.09494837878904,4.951793159928744
99.34255461077431,11.25023915670054,53.07783263770549,20.27264307312649,3.233608721975535,45.0,4.734725424649138
200.96440371123592,8.191935067945566,36.102086820097256,25.97525746433092,4.126112959296655,45.0,5.38178127446858
143.38100085266476,9.142567921268062,34.4929133871238,31.00848374937513,4.797591615095939,45.0,5.28785759306942
203.98171016980456,9.690719604890496,49.56630918973868,37.36071728471205,3.081876667128459,72.20656621879324,3.706689584877544
143.1814464022347,14.500114213054353,64.22752125738029,30.30850179292789,5.886708252755325,86.16645145150858,4.236007410474727
222.11353742382485,11.74963692095236,44.66605047798736,26.628515249688693,4.267029183998265,45.0,4.708233372752049
183.32992001076263,11.248368949782405,64.15244780276663,24.1158773079416,2.9199563936346604,45.0,5.369955058650403
224.68103542053257,14.100450062975176,43.37063562929404,36.7587844746393,4.601807728566061,45.0,5.82756043837197
174.87178141644574,14.555682162032342,51.63929790742561,37.65733898014612,5.378527004688851,45.0,5.85454060493174
203.65846538873376,15.115796327543208,60.76793468192172,35.87630703637254,5.694382122620061,45.0,5.837521344662189
209.3632091600482,13.252349365238334,30.52568662705986,20.32205051754487,2.085335376594164,45.0,4.9445474672064655
232.7532343863802,8.581873236852235,37.79683377865376,26.90194873212876,5.594667237259033,45.0,5.957049328103581
143.99147369116926,14.240218990304191,52.288588812546905,36.53354362447507,4.12551382558426,77.56163413062589,5.037816142559735
106.58693185192568,10.507562898233264,30.0949549915881,31.98559912789583,5.457175286815416,88.83889022640358,3.738667151673326
102.1126827933592,14.470151265480334,48.41340391827814,34.39757918063265,6.152054278966165,45.0,6.466540758328309
156.49155661872413,10.642289249772396,30.22128854579331,32.63013920751908,3.8262125852754183,45.0,5.552232822276167
200.02723138867796,13.356895411469395,63.83275683119111,23.37554766063979,4.709784022435921,62.63274629220527,4.112998186486819
82.6745218137084,11.678011556776074,53.46563288172625,38.05469289858216,3.573714194648437,58.73085392547716,4.657603718890994
213.2979659803477,9.036915611188643,59.10086286334949,27.83276355328981,2.715793747277376,45.0,5.124823841226377
177.07231740401272,15.700328402033914,38.0686291762479,20.529563525511996,2.7061528713291003,50.31607676028421,5.303807028028063
122.98226956574096,10.108695795419877,30.792507123208605,37.2886430583954,5.889358634188683,62.62039436598938,4.38223275516602
230.71336898856893,10.990091718294432,31.452174721823663,32.699113891087265,3.13496538697677,45.0,5.200175127263579
99.42249394058508,8.566641271462336,35.47354476884342,23.45535954844255,5.012787017096445,57.28116150321307,5.147113911984183
224.9510317521308,9.172909461279763,33.938712668658965,22.276985048714543,5.750658960690531,45.0,4.852004720234856
241.65471113936505,13.2455552019254,42.53976258629963,21.58272431654796,4.407532263737719,45.0,5.428380713924236
237.6418947587593,13.837362121498284,36.99515243138179,35.196307527813346,5.853199629196334,93.76112369969994,3.414461460554869
118.55321019690948,12.130793577620096,36.71782107210908,31.495257663575345,4.69483074358844,45.0,5.301838422314361
120.70845485903573,11.971712725424371,34.947935035164114,30.78213769975787,2.2606481337271584,45.0,5.69240402010278
150.85771929738385,11.37311769256092,31.609248459144645,23.1814710252859,2.6386959267624253,45.0,4.661009097421662
163.70844367524057,8.122665701536876,60.58017756123857,22.54886412757371,5.790897176399975,45.0,4.683429989314835
148.4145104489766,13.638664655846084,56.33827341026953,25.11068170154692,3.0148023385881912,45.0,5.706915013774413
95.34013674003526,13.11875192116736,56.08088154771896,20.27877758113606,2.465529813780393,45.0,5.338311159406587
89.19683840749556,9.98231630686514,61.27171368292864,24.382551629377406,2.02851260229681,45.0,5.639591828863849
176.5706001146441,15.599401277981642,50.61492794717154,38.80120212349373,5.628794337737467,97.34171760843785,4.291608801137651
134.53363046781675,14.835960038056536,61.59134090346403,21.00303588362963,5.869860556463293,82.21493965737656,3.9268903946039098
207.1638225873749,11.72657345692078,37.852899303225,34.10973022841463,2.5957436388365416,45.0,5.295705273894358
108.32366563614022,11.0895085049771,41.71030809277451,31.205680811234124,5.806310835716328,96.28656489955472,3.509769450276704
201.6075910474856,11.958986849692202,41.18898732553148,28.39377819683148,5.877707001548341,82.72977052065448,2.994447271919091
207.12965847019188,9.660229557631896,62.02725190669992,39.567507854957945,6.0060755655684295,82.5651890334846,3.3689946051121518
161.38493798622653,13.82039793691006,36.63888090164159,32.76435717907749,3.341457592387001,63.63378108504407,4.638038544790013
135.6350859186067,8.653759883561596,50.89567755786032,35.53540172558287,4.818037528730124,45.0,5.180178784713199
149.22575289732754,14.569713100581286,48.00883770912009,31.369996941920405,6.340788710133297,83.224084876317,3.71766481406957
140.01460513663878,14.213966700643075,53.48539538664106,37.35573205333057,2.720474937777176,45.0,6.16714746387299
89.99006227062159,11.230654300340802,30.315387450709057,25.62416359341461,2.1658229788989973,55.38774885293838,4.396312186816116
166.49739418083766,12.305313094973249,63.25573927591435,33.88739986133487,2.976047820996925,45.0,5.119781981959083
175.5482320997575,14.532397651967056,37.06416430059389,28.87189077476097,5.746112229263196,45.0,6.089260253360154
93.47124993919816,9.738089712924015,33.8570599815432,25.97337431295972,3.7075433973840304,45.0,5.558187305738889
238.0431345653685,12.395923720258322,51.67182265089885,37.70980194287042,3.979415879373277,45.0,5.209781941998079
190.85731667300487,9.426128668022749,43.6007765787074,20.588031692054983,3.476405019102517,45.0,5.493532567631476
225.72716257375995,14.945545703724076,63.61497427574407,36.6965861837468,4.712521011977916,61.48964651768836,4.804748766451301
92.72169338223874,11.781401395124618,49.711309195737,31.92936259315762,3.900217321310944,45.0,4.665024458700206
243.6870585100504,15.956134223613034,35.436016330527,28.753392249482065,5.523095763777587,45.0,6.095435689665811
180.8399183976306,11.047292992253626,32.99716633361381,24.809578176674652,2.3141450790359293,45.0,5.747301915102943
171.76578051270212,9.301633569015904,60.24691990304083,21.31868132832148,5.840554535856539,45.0,5.335141403918657
188.3146701327511,9.015031251491113,41.6101572972345,35.399653802801005,4.21299598935909,45.0,4.716901064522694
233.28210994410423,12.857965989533351,62.92740343540855,32.65053641317329,4.999380961511996,83.72263239803364,4.144365778502732
139.0086952496913,9.81390909561797,53.23061481071871,27.667239103620588,2.996357298920958,56.92298455957844,3.734044418791467
100.64383062032437,15.064084601446329,52.52366469659486,28.39133265450813,2.50670409663293,45.0,5.921325312335092
103.72225375809656,10.426868353548354,63.97849530906409,28.22857175746181,2.2713305489171054,50.360678635912,4.855535969852154
194.5420923811705,13.477328571218548,57.81570082519952,36.025588399209056,4.077356589191237,61.15119661137729,5.079455223761455
197.65030540531768,13.872067504448529,38.849479312480135,20.410257708068418,6.122869082322468,65.8372679321625,4.657038382806853
217.50272913912235,8.151306112834291,59.99752055749986,29.290728027873733,2.369003346254648,45.0,5.253524694089752
242.12234220554097,13.138808887494218,54.266474449952135,26.31099413673672,2.0189414585158145,45.0,5.670951162647345
205.83735147606723,11.524665831452168,36.0248513786332,32.65649780827324,4.355661167443199,45.0,5.139122436707504
239.2396329902129,15.08923855960067,61.87055953085383,34.741808315412655,4.486906089890898,63.4019894402867,4.905355240575132
237.585485704454,8.67971917647657,61.4283021752763,23.41510690039772,5.923350087426473,45.0,6.061500806438318
222.4228318296136,13.28570782111451,34.47161983733872,37.18737860281352,4.015819450808905,69.86390272946139,3.632278446304788
87.66340934807558,15.464742861363508,42.954918851190975,28.295621588297983,2.691930435949329,45.0,6.556557675391142
188.37826687468916,14.684540656667664,63.62612314902021,33.8291965326615,2.5558781905408203,45.0,6.208378711494554
157.230230685871,9.17381894565212,36.537029237796446,37.88451673580224,2.7268778782120062,78.86842466630728,3.702950955762455
81.71539265201541,13.389641362217958,39.152044006994856,34.186043281416524,3.083490724834776,45.0,6.352631678188013
179.6546729531936,14.582125399209744,64.48058177323185,20.88359428757197,3.3648131846846923,45.0,6.240405485812731
94.66649204041342,9.348810255987756,31.92673303138178,29.82511954645729,3.7054480662681,45.0,5.837584441588637
153.73448978178195,12.472323768105044,43.10993026564651,22.41352035197867,2.5941260791834484,49.2113567644342,4.401776689788794
237.35738370837484,8.657705034718198,63.18711317370394,23.597342846266372,5.992021269642283,46.94700503154321,4.943233968705297
122.93764833338098,13.224675131706093,55.53030278353008,26.25592306311388,3.308121682827849,45.0,4.968604329070965
202.37840618562996,9.418335912521036,63.54464941482813,31.047243243920207,4.589478332908954,45.0,5.685720630186598
248.05629447555165,12.691161683658487,47.95280675730376,36.211752231179744,2.004316501695536,45.0,5.966160562284758
144.82951427617414,11.65669495808794,47.73494050718926,29.39971218411049,4.289265693224218,45.0,4.807657321966914
197.50389759568023,15.02984902335308,55.41173461346214,29.72298967107677,2.772288670281862,47.00937491199401,5.398291326710278
200.2491406266921,10.345838231316934,59.99301045096081,36.081671810627135,2.8949390129100045,45.0,5.237276005678032
101.30643137537628,13.208626504841869,38.91353388297158,35.26024859567751,3.2742864489001717,83.29923315280693,4.209744980477041
99.07593655530891,14.931227407269734,40.9126934296244,22.70121848446368,2.900663204792996,49.046690742520674,5.314984462047114
227.2673409869606,14.094316209967303,30.42568233139548,26.05181065216931,4.815960359382715,59.26416391513758,4.707920606629458
113.61201369441342,14.81475462768094,44.83222979869412,32.74540436232766,5.926332701898168,87.00492646417793,3.953350114548159
199.5363055850916,15.914410853929706,30.27895336899345,36.12989689429776,5.059836749466262,78.36591656898099,4.663172039914223
81.65708860584678,11.057732497418469,39.07805454709506,34.24867455013721,5.483028766756588,84.31426542094346,4.010606112509366
245.94609047780796,13.560309449992593,41.83450184794855,35.38611887314343,2.913970657654602,45.40341638089901,6.1789840259774005
154.42252953507645,13.228006318246535,46.41148277470478,29.64971494377945,2.170298318975556,45.0,5.092215224467889
147.38074680381027,11.169603490064656,39.576718592900285,33.06715048996139,2.413667714577175,45.0,5.118405587861991
183.1951634495667,13.391600916355106,30.05399526649984,39.51479192979844,4.433614321080154,85.32052018353627,3.6415860862671674
83.21641918436168,12.60062755468278,56.501076763562125,33.29167449611178,2.1156940788568197,59.3079493656425,3.826060177274692
142.32018610342504,13.206268185635768,51.55415048404191,30.97165494444592,5.544318558809231,76.91407252724831,4.249558240804527
132.55462340732913,11.593811070950313,46.7490429977006,38.49557432187801,2.963780262821532,71.31261253778202,3.715470609250737
91.41463027479008,12.10548746683883,43.975905564491626,32.81685567213202,3.771976326560249,51.3321252687202,5.458092700384895
245.2715851164944,8.250762387908985,41.12956564798164,26.23155379197837,4.041976687808567,45.0,5.2510632457229605
202.66017855602743,11.267611093464376,58.759345929171104,30.85585768374597,3.646747206959816,45.0,5.747993922401253
112.32625773155584,11.009416070814805,42.68604260168078,26.32991647340184,3.680325834857576,45.0,5.369496333211355
105.24519632708017,11.51067962684664,50.83032474149212,35.61371551143714,5.423586040876676,60.90083622114746,4.426857578783585
174.25162205381295,12.904574977356011,54.07239385402627,39.77930841957097,2.3570284901210394,45.0,5.825500515902636
196.7967628242856,13.749510711133398,42.367650564399646,26.52666491661507,6.273661628057463,65.99425836116433,5.31619161938565
110.85566206098008,10.90564856052592,40.28526442287063,28.19752633151948,4.594435637806377,63.052869134696,4.39857961565017
247.90945120503704,9.736085938976366,46.25228053380255,23.111141832804307,3.398965401513874,45.0,5.32259136140341
114.77831642261756,12.451910261089356,54.929284035677306,30.204017453783614,5.647264999774784,70.50515437135564,3.979951428965972
204.9302545100252,10.597335082046085,39.55858107963385,30.31749978848125,3.4374617446836506,45.0,5.406707843437914
193.65173713321184,11.928224692963587,41.22633412130506,37.00288583518765,5.993987111211078,85.91140150292641,3.2285349813534525
144.1510471175549,11.599771796357675,51.23885992573687,33.13420487714645,5.674135500857275,58.13438180835623,4.983873322952384
99.0098710502002,13.817231221887091,40.00857927276908,26.9635915387745,3.4287961391123893,45.0,5.617726468896864
132.28375446288524,8.3949957696232,49.6849905115143,25.681176287818754,3.430915584763145,51.31532111363064,3.81289881411625
245.84488341597984,14.756420492541563,64.78772155889372,25.187895854843568,4.82386954943056,66.18994602143098,4.663262166044838
150.06567594988178,9.699296624408664,34.3169955907284,37.12882530908527,3.676447286311824,77.46148658556248,3.649637217017583
223.4972524818901,14.701062065072628,51.83079008535768,32.69011461252629,2.333483709710611,45.0,6.642689124911898
165.29567259999084,13.867041804177363,48.25770335285412,32.97853526416493,5.37434618070692,55.576636797933546,4.534111902795892
196.2781016108978,11.83809514056114,59.7287308705496,32.15601379766058,4.729539633919108,45.0,5.668396583080635
207.41975860582343,10.290005032828812,52.48150621532621,33.12293380241685,6.314420936809829,57.71055884277537,3.690797148200755
190.14535323069023,12.508327089979408,59.3616345732421,26.262494128001123,6.269144643638093,45.0,5.356786961825351
88.07841323396471,10.2443104544001,36.48022473311203,28.949281059359063,3.728428480877617,52.9978577074168,4.86348270676631
247.15902802408968,15.240430091745438,43.611515274590616,27.892389122333004,4.708022550383909,46.476518741051386,6.025930333504673
175.5895721141576,12.48423292292324,46.11398616874507,39.05935622592644,4.459915472246939,50.22546330823128,5.673342841335854
139.98095349691263,12.492062741157945,33.497712391754504,39.61623479322488,2.118967086147012,45.0,5.827009307790076
112.70777998560789,8.876071162527953,58.122344206006325,39.96903186528834,4.621671484526728,45.0,4.974602265512776
121.7545371846428,9.808182146375303,41.614872806192494,28.297919766864755,2.0053465000507598,45.0,4.678975384938598
156.71469086373932,13.80431658952687,32.885502093218804,33.32038232303794,2.6464471992334517,65.03635142675547,5.0516807115438205
91.17764615773449,10.698147992050217,62.4891050979818,23.1637158511496,3.971488765480592,45.0,5.81700860656956
150.7169175839834,12.938365117823617,62.2423190751248,24.39300764072452,5.310240503818582,65.12105708384432,4.680394271562364
107.17245510841502,11.332922220153362,57.240723748247255,35.44692504531968,4.190182811578734,77.50021578951927,3.853660990262887
100.11005139724506,10.451261603009527,33.26278032470842,29.66574238503202,5.1635417879996846,66.33099781838511,4.72504292297451
244.5301543687506,8.077168399317012,37.99091106339639,27.490218363924253,3.072255570228675,45.0,4.789626174843246
161.92350031214283,11.718664776253002,36.15417369760523,25.823963508733943,4.69697299860835,85.24635976725935,3.1440413522706647
201.7448282800337,15.46349088103796,42.03650021670385,22.09138862138291,4.733064483090002,71.26264749707587,4.848923132907656
122.3825119191217,10.21404725401581,50.29052031752016,28.460652883698945,4.047204271627419,45.0,4.210366796584326
88.61375524138157,10.951787807331169,41.27340998026774,36.057821904135096,3.713546024810694,73.14741474403834,4.07985342243367
99.03182363857388,9.334715342971856,53.7403863136281,30.73657136983057,4.442310043495173,45.0,5.085552024802919
110.11588567017192,13.97897729836174,56.41609094317548,26.01185088149565,5.712714499244505,86.38025047579517,3.851261102335111
155.38783721363689,11.547938306619562,32.468201727143914,21.74047270945954,5.823827885168761,45.0,4.99082818532764
147.61254580730645,14.781584248293626,62.43633755800576,22.06936474799372,4.753174441795936,45.0,6.40631216171661
201.76604101803932,11.404686021293582,57.6270887263488,35.411638840257254,6.006470531927172,78.9551804230176,3.1322095923956708
203.46343198852264,15.536409506823986,60.25137748151328,35.199436299057226,3.3905702883846143,79.28402683351553,4.607519712000636
231.16059123172516,15.27888846718653,63.81923528218034,32.85015975493852,4.231588016427216,45.0,6.931912324251934
210.59769801182733,13.0365528088252,50.28319784157205,23.114915132965333,6.118610760320394,45.0,5.398726575726727
144.93257907150596,15.335325551326337,60.89244759485075,21.87414888410584,3.0292167504962717,45.0,6.386236093701385
115.3324149865588,11.209009491491909,39.94510498254664,34.51064692545339,4.862830854466695,45.0,5.455457374114495
189.7010603359749,13.072586449764977,46.55264365698767,32.004692882043834,6.149855802751462,48.15118410647121,5.296757783409391
95.47499259283664,10.061525433890514,54.53522296005759,35.023951855054506,5.283361884808605,45.0,4.851547787891172
231.7150503004198,10.921811877177865,45.91852231595488,31.910401340071004,4.55475312315658,45.0,5.309297369681366
172.63309277099216,9.424187004626306,34.17202350855926,37.51963146349413,3.860790143402871,59.8017253885254,3.9874433353587406
248.99543235981093,11.821815401267848,47.68693223575241,37.69180545786894,2.5514676832131484,45.0,4.511121143465537
170.69918553718912,15.549015283610256,64.50101389525184,27.6232008259412,3.447543491915805,45.0,6.341768098086943
139.6336893444177,12.9905873133777,45.02848583742866,31.713859451367824,4.193526735312663,60.56129570719748,4.293818849582273
216.52076407653936,12.073396852401244,45.82890381570088,29.353497973809603,3.6933587372720966,53.32342220495665,4.476239104520288
219.75034258610052,13.722331520521342,42.74498373146329,25.942517028908128,3.224540401044677,59.57762704509262,4.920511630764693
174.95776804924864,9.804433295967169,32.175850751830794,28.18619435056238,4.432136320354226,74.00896466631039,3.527866132292896
220.3442956977606,12.1852235914862,42.06854845749979,34.985589025249624,2.814477120659034,45.0,4.985070147044898
187.94828880780585,14.8571834256531,45.40001875078917,33.8603860425758,2.523416788288157,80.66748835838179,3.988026344421973
178.8940985995017,10.265805106884002,40.573029117314974,38.30523160920576,3.290545007130188,69.91577102083698,3.958998549153248
189.2436811608388,15.15722775830023,39.98356136060258,35.610558566838954,4.6009894870268,73.87478406734623,4.802111659082497
102.68712722714233,11.102736971994496,50.852342782792576,25.73439876114153,3.3444206883992087,45.0,4.482968113055756
107.78724391821204,13.571711360544445,44.7481634870466,27.51089685888252,3.93945898229714,45.0,6.189337256869328
107.14919547202896,12.752033400415709,44.790795448357606,37.290347656424174,3.158803877316944,67.58094064005493,4.453191322522523
192.93174128828144,12.713881072420188,46.09899397014901,21.06542392961841,5.910391384814773,45.0,5.28680345886824
120.59434475252267,13.215789355130092,59.09394035357579,25.891630814608828,4.080001211541713,45.0,6.236967350656617
197.3338300613583,12.156796067249424,30.75957578502786,36.26350849561994,4.372996080405232,82.12588626464519,3.346648526713786
168.8892925515392,12.548809191052218,36.09543742380208,39.409054976455,3.019690186184262,45.0,5.58897753036285
124.37015844916776,14.663582553229077,56.48901882663986,26.9651304860346,2.2008620323042525,45.0,6.681317596738145
107.7705973888088,12.909993380866888,55.39567790611967,32.84682118680692,5.806647599546011,69.11050412910464,3.9900733086007136
117.97473651095152,14.703179152140478,33.43097450156373,38.1399068316086,2.2083142777544142,90.2640461920972,3.818574144354761
228.05990189694455,13.44907233593094,35.80239082315962,36.86696633375361,4.015427111078251,45.0,5.801404196081659
160.46556848996266,14.42770416747238,45.0001756377258,22.14430433280469,2.239328300902237,45.0,6.565972586449378
167.1292111386295,12.407293937237394,55.34254739894816,20.997996539086717,3.137402928219464,45.0,4.660955139944667
83.69528428031313,13.970608233223931,55.20387697944291,33.30601404214605,2.7049583637742023,53.063841866668106,5.531380777893575
247.30528953514963,12.83039170161294,55.43410786192694,39.71038922919948,5.738287296998303,63.70433506233686,4.354372856821702
90.09129594348154,8.592333524158501,50.36037398227344,37.819405207682,3.079376551092716,45.0,4.753278213618714
168.33121354322333,14.824893248624594,63.32757753098147,34.509355481364494,2.341959138532958,45.0,5.80078745069862
159.9263657877624,14.371142043458612,49.09978743749781,30.215307993071637,5.268768566629424,45.0,6.348618974212529
153.95320331353338,15.177188985654391,61.667089006778085,34.956863054610466,3.715449548917376,55.75903968795839,5.6863039124025
192.1429699450915,14.07066784085287,33.085584076905974,39.158927780272016,4.778413813045224,81.0345197988377,3.792079040092041
166.85720644953324,10.204782601012765,51.14685461648844,35.73495181459609,2.572476204383469,45.0,5.856406526618207
153.06272292437558,9.136832214491983,53.89216350353372,29.61747398588136,4.280276214753071,58.83921817329514,4.50450404330073
146.448726445411,12.28623114971634,55.84332209108484,26.95020185526701,2.3837719558839834,45.0,5.426379755160109
153.55113011214507,15.657882113418289,55.42771794941808,26.729592047032096,2.859781440189244,70.82608882374123,4.68264230673142
137.1589009900734,9.563609550656423,55.68528072115343,29.555401308411177,5.100121598523501,45.0,5.85120743784894
136.44338125212568,10.572823218418916,39.693638843684326,32.4588746758349,3.044818954184298,45.0,5.691320716518064
118.69583019828713,13.589068521940202,39.23928583158603,34.52126282968372,3.2635384713923448,80.3543360248637,4.267675315107425
136.7210423734885,13.158356894335984,63.932339948647865,31.738184691791904,4.4470660451527095,45.84217241661271,5.155951057238736
86.02271088178915,8.89052486398449,32.48806673996772,28.131805271966165,2.021528154739582,45.0,4.709237495983011
98.81811948641882,12.859576957032582,56.51475453065801,22.313839628240128,3.701730373827615,53.61709299990992,4.7427140562144885
239.63255607144703,15.789099071554071,42.70272070335061,37.66655524413419,4.582762605238165,51.8881703457446,6.004766818094961
247.78610742643392,13.771538658244602,54.4551388690033,39.58172782048268,3.2963376594908658,45.0,5.800962669540121
82.02458706756947,9.656665486433091,35.56879705046536,31.818511197464588,2.120892914492273,65.02060114563287,4.662079208743612
128.24917198540905,9.975361595085763,30.970504570547234,28.15760362809077,2.685907201338384,45.0,5.715887357709906
206.76792971847723,13.62850073924428,33.54153163577375,39.45564424928217,2.1201823265516766,45.0,5.541464360865426
223.3440561138619,13.453292566421643,64.32963410203573,39.29043905377509,5.777730576154185,46.56764788444085,6.439178891235496
136.12242907721364,8.198870500271871,32.3470850657094,37.98188336195059,5.829199828376505,49.95354186150623,4.854960892045283
203.63608314868893,11.67759920660669,45.78230668701634,28.070624077295196,5.7135007732422505,45.0,5.643138884190073
214.5371753351621,10.588551273896137,48.58192731308642,33.163413086604265,3.9361079857599175,45.0,5.887675800846081
222.4664185892626,12.213944357425875,45.80273863722941,30.92861523533857,5.145381749124731,60.20711627446845,3.938562716993877
122.99182942583325,13.54566493152366,44.60463008610738,24.70958814405808,2.7127327831574792,45.0,6.098859057669646
98.91084082806644,10.63827982344154,45.538818780864766,32.69461121172682,4.559483625877276,55.403325296371264,5.392444015865568
223.00215028207336,15.646641753081196,49.33387623483202,25.43304979015039,3.47447837208015,72.53596441865552,4.937012478240979
224.42825097188867,15.574961623456652,41.8033176496181,25.99602087356877,5.963198496373749,85.41907260782898,4.528358300812692
171.23384662372723,11.644023558255927,50.90409379907014,30.12061110439992,6.24162768401976,85.72782878437751,3.3837464411645355
151.95837023049697,14.06562659100701,52.87272368008495,23.08244006887977,2.6582021480081464,45.0,5.7596698837537454
177.31444251486744,13.008156834960886,42.619604735852384,32.4413328581381,5.171065258098839,48.59408730260027,5.976690696134141
99.38625436321524,15.870816459511069,57.5109741547632,31.180002009404976,4.816674773215322,51.125683059046686,6.442999106726528
133.68480247592174,8.522640684529641,54.95545041911307,36.4327265608277,2.738388050930068,45.0,5.358720338207604
121.89337095607826,12.103936989492968,38.78088692226659,33.17963998035349,4.141584283036951,80.48634265054,4.003520988745334
210.80449684085264,11.651669577862098,58.496681922323496,32.948495150651,5.908946248695044,83.9156005346414,3.2788505226149622
84.71716667275037,12.726017218893158,30.39051015590152,32.32726337039544,2.607835657486014,45.0,4.956515146694231
206.82474560499844,10.2545103538444,54.51118147806935,25.23915811100425,4.797921591639216,45.0,4.663357975723985
188.17286949350373,8.825903668063615,38.97377380281485,22.0213331082632,3.915126230599597,55.13451084292168,4.927807784986051
116.14942712446415,8.278232303004172,42.60448185512546,25.432037398540004,4.360497178632272,45.0,5.566556889666776
178.50118748369505,12.31408289640418,62.33574425907494,36.20682589597527,3.9521766939478216,45.0,5.657319850168031
116.56524285277251,13.726719887869224,57.5936179437095,28.268954594104905,5.111638618528963,90.91871335614458,3.690126626061093
222.2087073205549,15.12650250856694,60.49285768558552,38.31271242652589,4.11453929654338,54.89927617500405,5.536789217500906
162.65360371528544,13.025047595261396,55.16258724878732,31.212006197123632,3.908118094812256,70.99078099477629,4.415987273518107
131.68885489675085,13.70327991523244,50.12335438942662,34.38207834285507,3.9512568577386737,46.78181362602051,6.1496559694005
235.8910960653186,9.863326748647644,51.56382807879518,30.95723438846396,5.797854300198613,45.0,5.40461410327708
109.96107784888142,15.498667861477989,49.24655514629872,23.20025415591344,4.741772766824211,45.0,6.87065616500443
144.65128906673124,14.74247160022071,42.31943715013834,33.78743037463764,4.613217909915525,97.02562967434946,3.951964025069565
156.70790843888471,8.781487190326562,43.10638715516954,20.32359375425781,2.462069668632909,45.0,4.994267431093461
136.68259666163556,11.255806603699597,64.71006445423467,30.438044610513657,5.406847222354754,45.0,4.799657367903143
161.49241890683354,15.421278417098502,45.96818447323795,33.82427691357663,4.48556748823309,90.64553864447736,3.928575025080745
80.94117249460662,11.493672572741575,58.4030507148818,37.41943627198859,3.2808376749011634,56.36929434974676,5.394181068662019
110.16250990130588,11.12736755730483,30.4967396924567,20.217501360300684,3.090468789498076,54.28099846439667,4.402321632652669
144.2761258651055,12.243418370047548,33.84336545828255,28.97581270400159,3.5352528864892645,45.0,5.639366700076019
163.9023029304497,10.11255590241317,64.09727999798022,24.013670904895772,4.461790333548734,59.84595355462445,3.9889930352534906
228.24774258776583,9.477695646804802,47.15979120128715,34.66462270076453,2.3652671118829343,45.0,5.501464549789384
139.8823899924351,9.3929451952609,44.72680705238744,29.425049803146024,4.208904340384586,59.49974124600117,4.641699443205163
216.5643068086709,10.89726901116256,46.04300881764847,23.56437928100455,5.55589840066637,45.0,5.117476600411768
228.8283993346405,9.961103745219642,50.66078735666965,35.602328481748664,3.8218512119928914,45.0,4.99981372805299
228.42367357247576,14.113428791922672,63.40414008875442,35.59485398352344,3.6825819079467785,45.0,5.806267699765261
202.41759338812705,11.326546715998818,38.982437870561895,32.88306290645315,5.68964259341668,45.0,5.422603370600841
237.31081378336316,11.060228003604038,49.39259699245582,21.7665435976638,3.2424427252847146,45.0,4.644880262643376
106.149469192815,12.285890495773966,54.10252145991936,21.963691758899525,4.182631873130653,45.0,5.047976740702616
242.44125931659303,15.78779884701588,60.8664258115296,24.161540427854764,2.902812496474978,45.0,6.314917431318738
244.19923450526096,15.648493663913442,47.98541566822856,33.67636616682255,2.503808794709298,45.0,5.893882302594509
230.84555606908512,8.644450063933036,32.944502599774296,34.61976157918552,3.8083794606897134,45.0,4.706285564549852
222.0950412127069,10.327040741256704,49.23331738222757,22.089331646076413,5.056121289566481,61.03281092050804,4.0613531195386345
218.02832397086712,15.912536889732776,63.58543658316121,20.72136507060291,4.251920279123797,45.0,6.525950123377742
95.64350000548544,8.060595747095423,63.52219891134059,26.43749339711457,2.882751455697399,45.0,5.130144108532594
83.70362174404988,9.831891631781453,37.40767098751926,23.33484685011648,3.808983667096189,45.0,4.940843781545977
161.24958726475214,14.740501098065746,36.91055968861467,30.67287430153325,5.107331421389191,55.96875457182588,5.397251597479404
140.15527947590328,8.685157377422678,31.748669809333197,22.49658946980003,3.203608341812645,45.0,5.514410057166415
180.28239975435395,12.651180056901223,57.030634018262575,33.64983959976398,3.6051673512140736,45.0,5.70192582013312
199.5655081848588,11.182159867418523,43.03216813436944,36.57961257636491,4.983416388693532,45.0,5.9889207312483865
234.48225908304644,11.066938534874057,35.90106654399561,22.864735101348256,2.53042472407455,45.0,5.449813249275252
214.8511410098071,15.06079338925736,30.33085099367896,26.464041771323767,5.665140813546197,86.1759429917022,4.266045292330724
241.01372995344815,14.82682476612632,38.6344029582465,29.70769523916776,4.274329335908533,51.16665343512595,5.911593849182781
83.037185822226,12.664840433518812,61.45982133485586,31.33254254240604,4.032781763082529,78.38115391646797,3.9591996334151727
215.90653118512245,8.40709563464259,32.21819075599239,29.303254073012774,6.239296301996884,71.61847573999896,3.3156944202739416
83.94754240873294,9.074702176856182,49.86910902735978,26.69154080251075,6.357492486658989,85.77468104228387,4.201807910189105
215.36364271257835,12.781704336712522,52.91681320500703,28.7623136899678,5.166470248663554,45.0,5.878439177219896
151.38950564830736,13.12322482170793,35.82409431083684,33.00348556161659,5.551521508959466,62.1390241511797,4.248745167949603
97.28948088057422,9.30949066577024,32.97915187166842,26.06156703918207,3.480187510005301,62.09883917662504,4.7128945064333205
229.7977702190973,14.033662430884116,37.183766232294246,27.33883402702917,5.2545172066026975,45.0,5.625075095709667
133.07042256692216,14.640897336436913,38.25259318632632,34.923090013182026,5.826927830473705,92.47838182794302,3.7096935930229873
219.64552883537468,14.36911042551093,63.73630032942967,33.130784147532594,3.105096804810347,45.0,4.877741865324891
174.17049164372017,15.196892193154008,36.11437057403598,27.05093292312219,5.33230793440238,94.96223228911838,3.880780767487552
147.25713955741492,12.161922414966591,42.92306863715794,38.26691139325723,4.349614512101981,84.55989661972556,3.4712134459993305
131.8168389875398,15.291923609834823,32.99421013846084,34.21167137369618,4.162786045172632,58.15777929249679,5.370509719869433
239.10329363578933,9.816004834892103,51.651162686149576,28.846186110755674,5.560470911817298,67.546573043394,4.356039389223286
209.6019797704093,14.012220998772754,36.32817603448208,39.55997834370979,3.5036596411101595,50.68433780113642,5.566235136510619
100.67575232479012,13.276691245236028,61.60460206728405,28.900746168673365,6.026711226146149,45.0,6.131194129204966
219.4701174965475,10.360321739780987,48.3349553842133,27.21683293734303,3.216001922510852,45.0,5.62004690892684
207.8649726896916,14.539061083291516,47.3914073353282,33.98777657144228,5.776961774063302,93.57127805728972,4.392321548095626
138.93091446320767,12.480762942080547,56.91449715512259,35.01112918405091,5.138439751545047,45.0,5.888198720871314
123.50890223542623,14.481028592192466,37.98521746786983,20.319445436177134,2.850969825659771,45.0,6.1464917816514895
112.04233324398116,12.539446021327931,51.28652047701894,31.313695383122266,2.571528560898088,50.60008439859875,4.44147077425953
137.30062576956743,12.973947576090756,64.05148251710138,26.39146456539356,6.029543751326287,83.62879347509553,3.420118963682866
127.47367708131144,10.407440232826364,61.96106577332608,24.51369447183172,5.461328566872937,45.0,5.184106052529357
87.96959756905765,13.8499118872854,59.45243701875843,31.28806431935474,2.695052093592281,65.36261462774596,4.011047645923757
158.56608205759449,10.07740900424593,59.49959748833341,32.49967783418653,4.620288377914339,45.0,5.756160658042367
197.3816588896492,8.961346686109103,59.17492407274739,32.844159565756314,4.682653892407259,45.0,5.8399474318990805
137.45195646184763,14.2031073828026,31.48284271856961,34.38685806477617,2.8943604839667074,53.32407091215403,5.361491820128407
166.47821285439295,15.857358090909027,54.82532370289013,28.364872787786855,5.662923629194793,67.63492407356118,6.035166640580068
172.1467781038424,9.29233698649002,47.43075777563939,29.81423102842996,3.745386280178383,45.0,5.198094251152062
102.88475028985724,10.124846551185977,52.44737666767265,36.11766242885524,5.605494926936199,82.19649876054814,3.7871697364666335
148.45328753770545,11.814919915174215,42.4294282672041,21.64657347311428,3.2397865175443368,45.0,5.793822379027697
95.67899256876888,13.300021930085752,39.73789510486072,27.54376266535852,6.110540700880799,67.30067190595241,5.646887446622879
212.640287949757,11.782098256410547,48.326970625106966,25.65055378342126,5.987777048479578,74.29494040073108,3.7282702575299647
93.99277086903084,12.00064322846709,57.99686916438687,39.1239831778008,5.67218803716693,45.0,5.707216371097212
195.76775364697647,10.32148474288809,47.53218031103673,35.961682593182225,4.179827686672708,45.0,4.592706004386627
137.82713206985704,9.600296878635048,46.42951856493008,38.53139786231593,3.725289120943234,45.0,5.558519174952803
128.6552417103064,13.220259907059717,34.397940015172,26.110383068464664,2.294828440267545,57.53706016696057,4.901285821214144
211.05061922965612,10.81822467458952,62.594223280765846,27.0590876226043,6.0253181801671,72.20271455932604,3.4984216973479723
154.08757110204948,8.907525450869258,45.86376391281215,27.417562072828083,2.4700877546071176,45.0,4.347076968980103
153.27461830079585,10.728017479936486,46.68088936433762,23.25789858182687,3.824148358969457,45.0,5.30737126413028
117.84758371965604,12.625738884376467,36.35449900640043,38.27699552445646,4.8369014283846985,56.289599604849,5.104701501306394
154.58757916704664,10.95430038800789,58.19320850536303,34.92622460491429,4.283809635238976,45.0,5.115940994765532
108.63065098247436,11.948426831451236,60.415359524504,39.94397640636802,2.951311901512724,45.0,5.365402913063191
229.4000275251339,15.084527052197842,57.069343165377646,27.45834799955078,5.034545183291887,64.73384750734337,5.219521098460945
236.6434236448876,11.936211359602726,49.019675386789984,33.91391521197471,3.60894604690744,45.0,4.101241417606089
204.4251625975936,13.563883702647423,30.772018705617704,25.45759470460421,4.258247838242045,45.0,4.851503302287972
106.264813000654,8.658682093255178,49.99419210911314,25.902559692052503,5.896553163372678,45.0,6.130055008668446
132.25246490709958,14.357870296342073,56.09241216460857,31.59725971193676,6.204550687347289,75.28652384096308,4.9819461238017695
199.21517013277028,13.601475450605264,60.64805076511006,27.3207158118991,2.56849353541913,53.18560362743967,5.366142662135345
156.3388210328167,8.063432460457989,37.4700556695381,39.95700899876462,4.562875008185069,52.53262704441204,4.127974483428
246.74128799734737,10.08823714256851,54.87497694250884,31.27629076099774,3.0062742350633624,45.0,4.887477974418584
125.04433667944753,10.893544840361209,31.025107082560023,20.757688153475407,5.833731496153481,75.77635787725173,3.163144299181728
137.08528540829184,10.247593163573317,38.34348592420482,30.28015685520685,6.451186173023792,77.34571971545896,3.35680554878897
222.56085848852064,10.126419923377044,51.045397364493134,20.512655079086183,4.192943756917426,45.0,4.857244361755693
206.56763818777435,13.889145382560312,44.83804381813686,26.546256047273857,2.625733620245306,45.0,5.617058410656341
189.27455101828676,14.986273104462295,45.02305767339936,37.33083409557779,2.4111408931745744,63.48326616265372,4.810391908957046
168.39397420498483,13.923014251509516,38.773484676595125,33.06244492832673,5.497236794075567,76.93327321353185,5.202498380752138
240.21704575929303,13.90531913876782,38.35576665420231,31.137768765987865,4.535686049555716,59.58901056922669,5.209028726706248
123.4740407170658,12.425580758976626,62.189264079675766,24.35849191296964,3.020230091420867,45.0,5.291663899594377
191.5422457117317,10.256955711097838,42.47188900405523,30.602534806693725,3.3042574393240787,45.0,5.9644405733139205
117.06370582400372,13.27317789679639,51.49888197574996,39.64153459607478,5.9747284058584045,45.0,5.994652372006144
141.32853050987327,12.914055464530527,42.09641880703711,29.835236237960324,5.551673451183853,69.3164847223767,4.169390767050352
176.0540824272653,12.405296311287872,58.72718383097483,34.54670183845647,3.7712362458538,45.0,5.3395874695772
236.973841009726,14.24615679769817,51.32955067539896,24.276796960564383,4.7177584298301465,45.0,6.276161259008376
181.20321446891063,15.688695518996894,41.3816659918345,24.754965152089103,5.085292976728105,86.95437428003964,4.395205686866063
162.0999766809058,15.500005749164526,44.24482425573926,36.46805291029756,5.990665471434818,97.24709830007887,3.621917832893739
116.13898020035488,9.900980867092272,48.805262328604975,28.8316412442394,5.29827015334848,53.15829934482381,4.531330522018855
240.148179389503,10.127855666675265,62.179089695116495,22.558264446746676,6.137748373667546,62.15406553228191,4.100912286328085
240.03381816342707,15.420490670592075,44.38482818147129,21.30826107557116,2.735027689079637,45.0,5.470070161090218
208.1093201870312,12.331920942219806,41.9560370314765,38.30464155190691,4.04376501687663,45.0,5.4832892718131205
115.33990368561464,14.264628059332658,51.13852746345913,21.809726031609745,2.462840634855464,45.0,5.070198067249858
149.44215612165488,15.05199376487669,46.69241715904103,35.93817245399573,5.8881662151535465,94.3857686973779,4.470360326878917
187.4617313972388,10.02127830620141,64.68246449053716,29.913995747502845,4.6530453550866495,60.45255608262616,4.641065678987928
88.7237725963692,13.128996906142618,35.84478418318551,26.86685048473774,3.890133845671192,45.0,5.468150402611052
210.3027670050007,9.608180247292122,56.862801693435856,35.60334831913449,2.176622009117172,45.0,4.113075291846327
166.1809154034855,15.01835341836764,61.074564063399215,34.55288494311128,5.156150669187985,82.89175241247358,4.706937670378351
143.35917885586406,15.32993532408034,52.63013003333872,23.539540997664,5.301241548053752,50.61149419690094,6.094252305755905
170.36948423052718,9.462370542285251,39.659861904176445,25.221307396065885,4.2592256423775385,45.0,5.698734508260239
178.5388511880143,15.041209836377073,31.953693023248867,31.22319450782776,4.085034796454835,73.56747171107739,5.154194953718733
140.27934220089224,14.110059487105474,45.230602362629085,22.63756895120401,2.2572091903257303,45.0,6.021066003670953
168.4399575412428,13.664148958209722,47.5602871446504,20.15714456013876,3.2326568748662203,45.0,5.08093969575379
246.98195219269772,10.057355223440322,62.09493712503166,38.48611208934442,2.90720254995946,45.0,5.438510421506349
105.12691485498635,8.991421232052469,52.29459510974209,37.32888663940796,5.954969229516294,47.94131203984028,4.133622703223085
141.67482072809815,10.77054245113442,53.49503948407759,25.46283535886644,6.392027843905947,45.0,5.975451978790792
177.17100782933142,9.812813587994526,63.39151528252465,39.62020674703827,5.820309356087584,45.0,4.907260368417495
217.414036078622,11.234013414849818,59.95017733834146,26.48088997680263,4.020373211490867,50.5995106037073,4.64717505221424
208.0792177239072,9.120841116131231,43.20199208338876,25.620572808843335,5.941090742781516,45.0,5.186743996491141
222.0174083550556,9.575577249343024,47.78005080583284,22.40008579767796,5.309004505442098,45.0,5.582670273183179
249.0898673938876,15.980756478058284,34.09124564470967,25.93294031039311,2.1478829261094927,45.0,6.025076653449959
192.35850751202787,8.410756979220707,44.72224902773433,20.39413443701339,3.869806241704996,45.0,4.990602298672753
94.32611514361932,11.108903202679308,63.71015693813474,25.45062726338891,5.076779665341991,45.0,5.69330097332502
235.63541902756023,10.147093380208831,40.33508398018443,25.699914581330557,2.8013272288769167,45.0,5.315077357484522
203.6973568864681,14.947571515288356,36.58423149801933,22.052252153842822,3.1826125750124943,52.94921603308178,5.443160682535272
157.051010046559,15.047909029528396,61.3498345533356,38.73336430595075,6.394841587987189,52.90779007190234,5.343334312629705
210.85905042849964,10.18471920631404,48.08648958063565,34.836978296019474,5.575466042280016,45.0,5.686174808630263
177.85780508967486,15.164096584911498,55.50890722244723,27.502949300486883,2.9730090629908545,68.34351244152892,4.817666135162026
142.2933377544676,9.21761396431088,44.61003540630038,33.66616311988148,5.634617354929315,56.22856443559354,4.220742678833773
191.44020838099965,11.2547998809092,46.1076739234368,28.79107277132208,5.597286673228894,60.01384861091272,4.754662786389229
86.69295724435867,15.772274861786306,50.52261718524261,38.49218238570826,4.951005624592984,83.51666542380418,4.75874333371218
160.53560844908932,12.944632493235016,42.75341030786418,28.603512725610173,6.179851786572135,72.51394210478345,4.518137613333636
131.64610079403428,11.516840412221397,58.91428720476651,38.43040649585981,3.255181010521768,45.0,4.976864675724933
81.4970355447876,13.150523866955908,40.373378335493626,37.80424686899358,4.653366211400476,76.05172772584265,4.5915512977121375
189.12672116512783,15.788194187200846,53.04195413340183,31.616601074628896,3.6790474993011424,45.0,5.870682037357504
183.91330465497867,8.850549682122116,36.964576202425725,28.425805056035507,3.770330072605681,45.0,4.186325050970591
202.61872299533417,14.876588003933154,41.87266377138894,28.64185445983596,4.86751052398885,45.0,5.803838734194871
176.60510681122926,8.473402852772233,50.4144097036323,36.494100536698525,4.806319701263165,82.81375906338688,3.216104198115512
243.7971753695128,9.095679616624528,44.149659968182185,35.795386424318295,2.3511442816894337,45.0,5.262370786779117
95.0569183084249,15.428433332894688,30.682680158428425,20.220505254334167,4.982564631609455,86.07303777782444,4.035777837570711
99.61584875322642,14.675877405087654,56.56119843965338,37.106655673185806,2.858858426712538,45.0,5.970747544670122
163.32343729063064,11.614791625467513,34.09526694712829,35.34900045394711,5.323108220837481,87.45627362102607,3.23193663383716
190.00021091643995,14.86880477186585,39.5377346695777,31.90008712428675,5.715485761943891,45.0,6.68114009904974
223.46814850025888,10.452526076705272,42.56745923941253,35.74063935007097,5.561630459138094,45.0,5.569000727711639
155.48292473918406,11.44019634782059,64.12096056328019,31.55273180421717,5.195455658815021,53.44254487257412,4.207168981751519
239.8638445417772,12.800724421819108,52.89623464468038,36.4324351093279,2.6865380117162188,45.0,5.06862481839636
135.53035070688756,12.81906892135158,47.84872977552615,28.3312078699338,4.754848186689328,45.0,5.505998524939967
239.99626271040137,9.300517574936151,42.08381621456248,28.77876712062275,2.82884910664922,45.0,5.480484199969034
152.5007552794267,15.617052979081482,64.43842008949598,38.64786619183096,6.135031660742961,49.34236112614837,6.704070170528744
163.1919530649487,11.766528418687358,52.94143767941532,35.823671334744034,3.478144661509041,45.0,5.353743293865598
114.32737631844662,12.01368592216913,39.88109793166241,30.82740911111388,6.138714465689466,82.41312340778903,3.0794201518556084
91.78110681793814,13.868419198246418,39.972705713886725,30.38466225858629,4.046290278739505,92.28150080896498,4.15181383700224
85.0513902272799,15.821416903166554,51.37944742877961,27.15620418746025,4.435521316810939,45.0,6.0181838981696885
212.9745720928337,9.363122793850271,52.98856758022074,33.279701682133826,3.306004308409641,45.0,5.342965286470326
225.1414129789672,12.635301849605298,47.89597811329142,35.63105422712161,4.433251461871673,91.08567721356852,3.486730692795775
187.0597883938488,12.615444273720586,55.719757946648144,26.074031206947957,3.800531253506073,45.0,4.598899200900621
176.37804925267642,9.56686356213863,43.36053930207411,29.570955893214222,3.467340543680591,45.0,5.327213114996244
159.3382526027172,11.77689797990234,49.31286182981575,32.68670172819519,5.603278214263184,45.0,5.948015358883756
216.08794753656716,14.514953580102008,64.5249427210324,33.08175481313046,5.770888254242385,55.49350901468779,6.156589123793756
183.40873206173487,14.541100263697128,53.43162832600324,37.68275962249514,5.221027006459126,79.35666174301873,5.088582856352164
142.90650128867415,8.515296210811268,33.8348837978886,28.337246415858917,6.287693221805477,68.35877205184214,4.682962743609823
204.50930258677172,15.673462912918756,56.5461298087281,29.64062658793661,3.0084104515595538,45.0,5.790369889327854
111.2897911769087,15.10464174382439,36.02032889078533,25.75690489664301,2.394933200087896,45.0,5.423105553462998
92.9763776011668,11.6987027984896,51.03979223823557,37.93985540620662,4.754298451838094,58.88386922661064,4.228529521072729
139.38332453502684,15.44078601628862,56.80357663131626,34.568233042536015,5.463876597505449,93.96093804694252,4.425463900153374
214.17678095194776,8.61349587381006,32.29608412050599,38.10743784564123,4.060572669900067,45.0,5.687447407006106
158.05343745474977,8.569556584266627,47.80325987165647,37.716935707701296,4.863961083630095,66.95963603815875,3.873444847302558
211.7674647473366,8.511960570689052,52.469827766152406,21.16183363831951,3.030110148133911,45.0,5.824706134426888
198.60643522450775,15.37424002827979,31.70957642330284,22.68276496445752,4.043433738082847,60.6904560679377,4.999772086777186
111.96132045766284,9.118803759742883,36.42591998851201,23.46365849753386,5.225733539795046,47.6564627341014,5.086760706470953
243.4604850818676,15.944711818034357,62.58427389849221,35.123683589185106,4.448150491251964,45.0,6.914504505960366
175.91833571779063,14.842140089836729,53.03548838587129,26.97223765723747,4.646009606290608,45.97624460644322,6.222939961782195
96.90972418440144,15.847926491692718,55.38957017449864,24.17872588939634,5.250268276066885,55.23254088454268,5.887870554639312
211.00361110344903,13.677855356156126,45.39614313910078,28.06346431821221,2.3524169791993303,67.84206245027575,4.65676096119594
181.6940443663025,11.464779504652896,36.9404140567218,26.86856093478159,6.331678754455679,74.67853085886051,4.154020465115801
151.8127367511051,13.237126773583752,30.205781765715077,39.41490927163613,3.8509643943927294,67.16086211846188,4.573057276498068
249.41406599369805,13.117139670531092,64.73641275777602,31.35653460968997,5.310343897468835,48.07792491425336,5.629455837089266
91.09662250094549,10.0506831984582,49.52038618739853,25.72374514548376,5.7048874178394895,45.0,5.206966865538707
247.35757947793223,13.37410727001518,32.10093459833194,21.619409724823125,6.120289726936549,47.4960005445832,5.457906462344522
96.33243271106696,11.618113315605903,61.02526830827225,24.06820218813376,4.840571025884655,45.0,4.566692955191661
163.40954086874285,15.267400279466957,37.15606496840756,21.9746385544073,2.733917597266087,48.75624017124356,5.918147160012964
85.84132033705096,8.217005377888775,54.24949861482624,34.57155784873264,2.8298471458617103,58.57070159897423,4.508565271697146
206.8703299493204,10.945721483402815,62.84299129265991,38.675660805772765,2.0303874688837484,45.0,4.873745121300255
147.66105694876734,14.602540206993176,64.54587785816823,34.48524386381921,3.055506706351874,82.53246940970847,3.901653070475033
125.22696746956656,14.950078174149215,37.40357941710069,22.843756244772464,5.751523121819667,89.3336631199962,4.769859641306993
156.17848445518763,8.051543582748462,51.01248572118834,22.73190632085766,2.508317664472327,45.0,5.341179139130569
128.15073532744958,9.461054087872878,59.10292530782187,23.29581846913286,2.603039706457455,45.0,4.881173981193477
119.25917096636675,11.226070696105998,37.130313234899226,30.199907664721835,2.636706900423923,65.41143637188442,4.196561339676347
218.91032222372652,12.604485466190152,39.90558336565756,25.20383934130088,2.656288920974418,45.0,5.117787453325387
183.52734888844577,10.747499823250514,57.17078205936535,20.82712666964425,4.406358686553142,45.0,5.858753879239746
164.80503615273835,14.450338994772892,46.942591063793046,35.3078094643716,5.303486738984885,45.0,5.340222039684255
109.0032688388745,15.803621771458312,34.96460946439831,31.78636345769861,5.653117003471791,93.1370954341106,4.297917203300423
145.8406148525086,8.110387358402654,52.09425106731428,36.10744498017895,2.320435154481797,45.10545601486172,5.405997659683958
157.74857496499106,8.660586960579012,41.326105254152814,29.89108633355628,5.3816631665515935,45.0,4.143871779053407
111.86601845381536,9.1793497849374,30.624971189254147,36.28444556560787,2.934427179729825,45.0,5.02585926335529
166.69404328503697,11.913714966964658,52.075346560177536,27.63176275484193,2.9410679168939886,45.0,5.390566033992949
203.8912779547861,13.96757928611746,60.80410073671333,36.14085204758493,4.707485515646466,45.0,6.574494258759522
105.53679212062522,14.786160043546843,60.28319098501103,25.16707554137965,4.627121068366867,59.24507785359822,4.876188200176237
179.2790988392266,14.715686268855176,47.45085990691848,33.62860653491813,4.051788820934339,45.0,5.792002511979344
143.4589315956006,9.005783935922533,60.85065959421095,26.01596146761896,3.866523176194285,45.0,5.369139878572282
121.33095592813406,12.376065874067956,37.15228773253099,39.10165853667442,3.867186158581915,62.81704802908892,4.488097255108398
127.50179049031462,14.4716099605953,33.184892081306394,26.65303447359597,3.694052382160176,66.15417713742593,4.8711532600636565
197.6867441243117,11.298790429656012,40.13966327171346,39.70226859270141,3.997338738327935,81.34081942165693,3.782167458075877
201.7861360823832,10.12011465289778,43.66418639741461,27.73766694424688,5.753690151113522,45.0,5.604925056264312
198.5704304406574,11.180901652419736,33.28233432568089,24.627243507783582,6.385137445775494,88.73431161278012,2.9871896138468634
133.179290039758,9.436414798786252,53.090357444187006,29.168853191214765,4.489590800161562,45.0,4.628887689316223
111.24402653999032,11.937737839821098,61.69245384355893,22.904172478027743,5.3561053787644735,45.0,5.0684632056797305
194.8691795703581,15.191899049846828,53.01342011427596,33.452392970327395,2.3738104931647364,45.0,6.583693628311597
127.11830715024162,14.58598963715087,45.76299412054768,36.084902314639805,3.8140681159519967,65.97767590132999,5.516669047584164
155.00077760234322,14.388583925064031,64.09117376504287,20.249631585940477,2.7614619928835284,53.660632951876686,5.092497282765594
167.90833161267227,10.171704273928505,43.892431012815614,33.3444094778625,4.865303007504151,78.52463986021804,3.686109942474351
197.73919853763329,14.486251699674115,35.42459817058871,29.72642271221173,6.148448742801704,59.00217615327932,5.426713930995334
235.4174510390937,12.525290046372184,37.927332938294725,29.99306433756401,4.437787063014613,70.07051365535784,4.301833922812312
186.43239923796872,12.899850769426902,40.2924804255425,30.93110052303235,2.7510213250593463,45.0,4.983172011314217
116.61356720853884,12.871398243903652,40.8979066458039,26.741446630341084,5.662348680567979,45.0,5.186233874408773
227.9901299639087,9.686822433954427,53.46243558346869,35.52060854637883,5.831492321437751,76.75979158832796,3.8348157583230993
105.99432368716528,9.65105059681454,39.28754048045512,30.226506469774748,6.418083214646814,67.86022266943846,4.772903651315707
232.72571687744815,15.529218253421792,40.0050485864706,27.291407100027048,5.287216960385033,45.0,6.132335388732066
205.04677291441905,13.162170094088973,30.447939838538357,26.281794998526767,4.561406951374465,53.78026176597064,5.812770940832433
125.06303388377368,14.247527067469704,58.48138416405232,22.104077173058137,3.042334243848728,45.0,6.63752617230659
102.2854266834241,11.858080530547555,30.731345353667237,34.12716187820837,5.242680875219251,45.94003538222391,4.624112978927074
137.5308782259264,9.65434387043742,35.90657579910836,29.121049007209443,5.420102599322297,74.74020129732723,3.564406103024434
202.08151045703963,13.40498624510985,54.80731049210526,39.09644151408763,6.292394342118788,66.0726914076452,4.00973744773644
172.34468487766313,14.6037942171367,52.4964919108248,32.749012759050785,2.482156131489741,45.0,6.552874969154754
208.07372227921607,12.72476059141292,32.04871161572425,21.50086958462024,5.496211807615042,45.0,5.350732828031279
173.88875917376805,15.19813511469944,47.01695170032709,31.43165474548659,4.531543950053241,76.63699381558686,4.866973956396251
170.63515860711496,11.883364559106582,33.39124213693521,20.92332591561041,6.421004626125376,89.41130252257227,3.3401065290810843
215.9209875478538,12.805680587971288,61.5451313748066,22.201944880704364,6.0007999781831485,45.0,5.262194291541436
128.692790078839,12.090021625237243,42.22910559503752,32.82976961360053,4.592246963314586,80.84091781446197,3.766925757877936
129.49658189974025,10.943433976490976,43.772916072152725,37.47563127081067,2.423400967968306,45.0,5.990123819708831
164.85862290053905,13.085928589789225,54.04358293132403,25.741463074828125,3.0919000023612115,45.0,5.684445873626208
202.5198118931948,12.9750823398069,57.87703199023129,26.947152696240437,4.251005339714266,45.0,6.309833604387535
204.65983184472043,9.879906259338703,42.37563246906869,31.63396022604685,4.473333566073444,85.4380515027073,3.063763444656244
220.53466625257664,15.19719452162452,35.78674343742964,29.18355162676835,4.15766117867125,84.25305237786577,4.582370392220856
121.26835066433448,12.602189107223344,37.39805070482891,27.70423458550085,3.84035927875083,45.0,5.735351913960804
137.2670062781595,14.915195435958765,42.82194932857925,22.363505838941716,3.698634912340883,66.56748937759045,4.767866273256532
84.19489632664819,9.283931256082305,55.23083107392859,21.66119595755126,4.882979522740977,45.0,4.924297007365216
237.0232230497157,12.584603744994393,62.06095482822128,23.964981860680524,3.457915460639768,45.80733578225582,4.592267394876609
155.7368377891702,14.186750788945297,61.839663896761934,39.72094875446588,2.7057637762318336,45.0,6.439094998525507
174.38472639332713,9.494366407606083,30.06404581897998,23.12476856845492,4.220732304443755,45.0,5.492060404564539
247.8296062801931,10.038873250935971,33.967392618075124,38.93935518066735,2.852761256261432,47.17757017244404,5.218844603823793
161.7283745055011,8.470581937135915,37.9981949023076,24.28855085293565,3.089444668839871,50.93323329778679,4.425287598394252
249.04683703993152,14.443599834933206,32.96616782354797,39.14475538389745,5.45635060768797,69.09995086415586,4.648487820228227
173.22686078386386,11.583752321052078,45.11350877302263,23.787876521158715,6.283993833676302,71.93571954490268,3.736296506701003
242.00154834067607,12.77577364262334,30.5027768044569,28.31488391808097,2.804624210755112,45.0,4.443585714524382
139.20082614818278,9.281681863571588,42.58919087573271,29.736766346184098,5.640094806180688,45.0,4.928602180134845
234.28430257780013,14.813118909933596,62.515817752267125,26.156366448684903,5.722557356809007,83.80733636231398,4.191325904021893
215.1148058870241,12.876866726592734,54.20403570737313,32.16361899552817,2.07274570288089,45.0,5.6703341801711264
226.5562741145689,10.748260899116085,53.69159260264857,26.557324861756573,3.92639531833804,45.0,5.732818881449381
206.79327959256236,9.383996194158344,60.80990598661482,28.717024515348943,3.017749164496124,45.0,5.4810374700120885
147.55899356795965,12.596385507931767,47.25014531555733,23.808873801314306,2.1062819688145327,45.0,5.420659964708943
127.68841756019904,14.6661199972976,31.13040110134582,26.97453816085784,4.054545931451903,65.37090415070786,5.376621582976309
94.50010346318882,14.78531608650259,31.49267418542703,29.8213966653508,3.909304882468069,45.0,6.139043178072489
125.4064815720848,10.4455735342436,35.40471987271644,31.41681914963952,5.169587610727635,61.116378139856685,5.053311827157147
235.37352009703568,11.141391446238202,51.409575502205584,32.621592521372094,6.172097641654474,74.83796108947026,3.426009085702296
120.92039939126008,8.33282868168897,60.05275387677543,28.307987051922083,2.5203652388562245,45.0,4.691556514382025
129.16887535690347,13.04768220629542,42.6089730420965,28.92054368429164,3.6137206528605184,59.25399106727978,5.353846906731974
154.21088901913726,14.841213450565604,64.68881552514588,26.71430487885293,6.092369420340916,78.11228876022682,4.717401884306175
233.15596827916625,15.728538853304965,64.5504215889126,26.760700642886288,3.5008493121640267,45.0,6.8711540662446655
84.37839971332545,15.447787532000198,42.60409658752668,26.67223348536308,3.328955274407684,64.6053688177314,4.976017885633056
214.97721084773585,12.621891233751551,44.140206255204845,33.33383091158777,5.177705699680326,65.52989234500171,4.66932975408499
137.7061266318671,15.444394944334908,53.75472241716959,39.35284659117252,4.388930290582652,85.63747259941547,4.665758633091694
168.7463350987025,10.87092446472015,35.371035436061355,31.389415595677672,3.754899088010684,45.0,5.625520353895741
117.38022510129328,9.74903596945962,30.95443262332985,25.471872983027357,4.767437661061822,53.01060816407861,4.225504820864148
202.7128724519422,11.55367669120218,46.96478539022706,37.049127020814815,2.858281392374222,45.0,5.470732599814214
163.67716067229043,10.528781984744844,58.39982091440124,25.827272391803664,3.1148107966088485,45.0,5.125135184657072
231.20790629635744,11.549425141380642,45.35354523926377,35.179365259320825,3.6218776132609953,69.19183445412791,4.1949669091731385
232.62183034563265,8.975010974475918,44.45008897283556,26.83693028896519,5.071066294343916,45.0,5.427859875054963
196.7881558412433,14.42668703516027,38.84166681368215,36.41126096470949,4.6521351777486535,53.65097337378235,5.137899919342952
111.4447546079042,11.886342564242538,59.8994942484545,34.49441074561679,2.6326358471973146,45.0,5.270092402170182
208.04522732187613,10.641151812954693,38.07486793310379,31.74106806603099,4.720810899641272,64.522226078105,3.951089189672076
176.63758255837269,8.548157108776516,58.08380185693128,22.69862310707714,6.338486862656206,71.06599026366555,4.198892977633304
90.28296760112694,8.848769164055831,44.45952812723553,26.1090017452114,4.243289902628574,55.78794025586858,4.4297358687781365
207.5622265265783,11.719187389424214,38.31315419744951,34.17689234304058,4.08209468674195,45.0,5.130256476593516
108.04140729513271,11.251484098298144,33.55965161935298,34.43272851102675,6.495654991474153,65.98924242446526,3.7206420217541942
174.06135422498295,11.403970389359657,36.97692816352374,37.20371097958015,4.676867218676708,72.22310736353357,4.147685280569351
189.82772934706563,11.386758818697867,51.190343285404055,26.955033486339865,2.3959647017185954,45.0,5.128713572527394
178.17115542537297,9.457547193648717,54.67916353721742,38.52125440550784,5.1716937222485,45.0,5.852514075604981
222.89869786347148,14.123528275352625,39.70709325631361,27.61858259002477,5.548845204042026,61.99566499011999,5.507777013393115
98.55289190314288,10.341167327441546,36.78195707972865,23.83015467136369,3.323195007313644,70.40214636025796,4.367553566891697
143.56177145277655,14.837446423575017,34.647159727030626,25.490886334219507,2.212731073889701,45.0,6.006650240594595
135.56662895027097,9.607144899653909,32.95573285856339,34.59070505343111,2.4840477164226407,45.0,5.652255959742223
160.9387955856472,8.134083582115231,41.72645819014068,26.212232609615064,3.4849914722312185,59.40979922572047,4.0017092789420685
179.44897643953482,11.10110913723596,30.144378907233964,35.786095144018816,2.597568084326408,45.0,5.105246689164007
135.83284183305574,10.099606611156652,34.69448128753497,29.73021879970809,5.068287860304311,84.99075490986489,3.4378012827909568
132.97166129428737,11.420193552982765,46.68803543305605,39.52850054358758,3.817342468050555,45.0,4.860571814468425
166.88759978183043,8.906149345514992,50.99791581713215,23.55660549775146,5.91827947276113,61.93895531871664,3.9679027095870993
89.54795855924905,15.876867130962095,43.19785826951272,26.64479097526532,2.652584108797648,76.19833395168789,4.924071715745479
115.91558842636356,8.340122012963235,59.346463736713424,26.29218168022629,4.818258562703798,45.0,5.649315707106153
133.88993681018485,12.97770563511391,53.2486133200699,29.41859813182107,6.465813093403698,91.29699056354744,3.311152201735517
194.28314215807973,13.221417000262148,54.06179503574755,25.6015826641828,5.750917219554237,67.87951198271173,3.9865451943011214
163.84394338827263,11.654579079737765,57.9446822391166,31.11241857427597,4.071713828374563,71.61983967000428,3.9539846000042873
173.62006701082635,12.552023355414498,63.24358928553824,28.917872457334447,3.3868659013516145,45.89066859478821,5.814351866708839
147.90823802351684,12.599000019239517,53.27156965005875,38.38970792125473,2.717041773146105,45.0,5.541739846420965
98.49293208955936,10.24081724854402,39.44111329494925,26.939616338565266,3.157209210184833,45.0,5.054915803382032
118.64783355894136,12.14947544115851,45.78734256282894,36.95228661238554,5.787672404327049,45.0,5.47148585403675
166.34334849071973,15.774071306936449,43.50234230734861,33.51991712167309,4.416244392358805,60.02351719460579,5.860862254549253
89.96261706293473,14.171343456103193,51.84316769146092,39.54291179679066,2.9799307830101007,54.679705623690175,4.9328245171437874
132.89590622932428,15.481506354436252,44.61463452016736,22.88140152286681,3.843447375421462,45.0,6.258459820855874
132.82105500311786,15.810135493476846,62.23498567218499,33.80041383620006,6.080510834981335,59.68630451129789,6.041058984576891
244.789147536574,13.606546337949778,60.148451858817225,28.340676255975247,2.9942123820106272,69.1459179865616,4.451504632141714
163.58026509719733,9.028528750719838,57.04771769076713,39.66198593002754,4.740853166380823,45.0,5.970712075229868
88.8663072128622,15.429602835166344,53.76912060203854,33.83469808134501,5.037107022986156,45.0,6.48539273159391
168.6503059544481,8.629810261805256,55.31576774971021,30.876143102951627,4.569009007642552,45.0,4.803488252755185
138.54557747814724,15.775412778813386,37.00573910102617,23.441869279817347,3.1932139355330955,45.0,6.447146804142889
86.86780367023992,8.84588856002846,62.12389631592492,26.82301128408226,5.556147605043008,80.10497347102785,3.1702657652484163
130.90343003175653,15.81247467375291,50.49103215928079,24.32113133182148,5.244921124259217,46.391905097966045,6.573523080173658
173.9660163659858,11.502457148964217,61.77165603275538,37.585010388229776,3.1450808622169464,45.0,5.559803898432158
178.84568990399146,14.578655685698404,33.04175981968972,32.47444677822406,5.306752246804162,45.0,6.091829088567355
98.72948815427442,15.092617521215324,53.57385176697451,22.55316621387349,6.474472501372743,45.0,6.277948465919696
189.41579036722223,10.52001143493876,41.94045042107899,31.18258550999353,6.320167453133061,45.0,5.695629450160583
216.3498538652572,8.554982430590224,31.751675089568412,23.623379137920608,2.758314959341634,45.0,4.846491003838043
94.20421686819084,11.467942693586144,38.36646434968637,22.89589467045189,2.5656494461312835,64.84003456135056,4.400268198216294
225.27374744173383,9.781281285942496,39.91257496970925,29.044298857227595,5.862537073662782,46.30731776825607,4.578267873851714
106.8028838265429,15.893558583340166,36.82324533845838,28.770915842396853,3.387581099582243,53.60040483319965,5.447921993583164
81.89817101470692,14.24477048517359,38.72562772509816,28.828252363647323,2.3030336737537915,45.0,4.899609181152036
103.6021165375235,15.6349204678241,30.289625017597523,35.24752033596181,4.846620498596543,45.0,5.631138893836274
156.7983677564435,15.569585906640125,41.63496529752838,22.859454146823865,4.083401221975686,45.0,6.006632409432175
186.73198860542,10.30601894013294,53.695789617616825,24.157682879454367,3.818428498822106,47.295955837268686,4.711036105693457
193.3517755955852,15.653680677947538,58.38479063813214,21.648356721635157,4.746094007151248,73.15767749815654,5.062880925083317
219.5994144200681,9.1410930780689,33.00201025963401,38.58311581796274,4.088003401738263,45.0,5.263551663393979
243.2668639531669,8.740671177773537,64.06313171348195,21.332387675416623,2.6840825014613383,45.0,4.707687857379548
108.50799595968654,15.18758742760203,44.27394316582269,25.686515723948716,4.910701110180607,45.0,6.409685291249373
233.7167486969552,9.632640669627914,36.6447973280419,32.782572736688145,3.034100595796691,45.0,5.270234696119434
159.9712864309912,15.997189257698984,64.47451245598538,37.22418881224843,2.0468790342921235,45.0,6.967465174421536
184.46847260227275,15.004493609862813,60.29601743414744,31.162206917321168,5.548107073315103,79.15301964676824,4.482285256720682
150.04481324361603,8.981617956794466,49.83445316517057,32.29667038918345,6.114988795650397,57.17558752513772,4.213877018413182
114.76113489951868,14.434300292911416,47.49679309814769,23.55130900837665,3.880733649105921,50.55440002035958,5.435027913976568
165.32443753562,8.583181623261424,59.44226252565414,30.65831679515222,4.31865303224548,62.11225803354365,3.8878593338427847
125.91646243010148,12.247222680738886,40.96377119053522,33.524047873822624,6.246009479262985,57.49888611988213,5.50728330222149
128.28703798739463,9.91085801666911,32.94165141505095,39.250103036765815,2.6691545119604987,80.75709335478281,3.428707701752144
201.55401056677977,10.835464543520295,51.878753591134696,29.320562165943095,3.984657547375045,45.0,5.498024064846685
175.7892053068921,9.417661073376976,62.07128984583935,21.94730103176741,3.5115719275689816,51.75732623672384,4.265815608436977
248.2674565818764,15.94251488886415,48.36301522867188,32.10427677118936,5.204872219603223,45.0,6.763211206137983
149.0631646415896,11.622834127251874,43.13765329113427,34.27523668740636,3.209887976773529,74.2785454709157,4.035223675008246
213.08789877641107,14.714508494867149,49.73131680213733,38.71917626768455,2.83987795970263,63.56717651976378,5.143259246380703
112.1968897607078,11.88109332531292,57.347612797216,29.317249033174583,3.767548876001795,47.899257838629616,4.268156581836336
194.9275098982496,11.451197984693533,62.798322612293966,31.729176843234622,2.0287202029788216,47.678164006970405,5.028890257265914
132.38942688599366,14.518013265415172,33.50064039607853,24.113976816594487,6.101933028094571,91.16293979958976,4.516379793517247
187.17415038535924,12.33583152428306,52.076525206406,33.55623681900497,3.761015848054516,56.15071746632066,5.189053903114647
133.4604406854746,11.690663272833309,62.427286654795736,37.46897766478415,4.084241753120574,45.0,5.536548401473742
217.5088794184431,8.255759201918123,34.77341827017573,32.24967774714513,5.996224157423231,45.0,5.537615077196893
223.9673150310909,11.860715020234696,30.86176020708331,37.86328988115247,5.75690121655446,73.67655533448969,4.546159624809644
239.7712272760293,12.813824479688735,50.39809025204413,31.89693071453895,4.1731327332178,64.12455159494459,4.401181786727047
210.3889512886819,9.580986969503115,61.05092158141497,25.14160263740441,2.4019284981218667,45.0,5.229992143101724
135.8198695276701,15.366653471329911,58.86034394256341,34.36282664880162,2.970275164748013,45.0,6.470110560712509
152.14221656213425,10.76825226560296,38.830920204506135,38.26309669693748,5.630098538327398,71.96191658211693,4.2498249274176745
217.7340212617074,15.32510139004221,60.37733145911498,24.309709181834812,4.469470711682963,46.39174161515874,6.706443561214928
169.36384281588613,15.192589747928396,41.44342570760165,25.69081069564349,6.059080484175538,67.67720065618559,5.524281535305052
194.27066192384115,11.14477075706128,34.61278154109041,37.41352311953622,5.016068128575022,64.08359049863378,4.092158027878378
142.27648318659567,10.197561571714202,61.25952529743379,25.76333183117712,3.654248169861965,45.0,4.636123866284976
230.52282230202005,12.255303554768057,46.63298279731527,31.83388999339033,5.580453703424334,45.0,5.39524301137068
107.02429804664868,10.283719734847908,59.2228765471569,28.695165165446845,4.747038054873303,58.70038083607953,4.757127610038802
157.1182017703417,10.25144797249607,47.520504244693086,21.13610408507849,3.561593672224567,45.0,4.389213556344241
192.89763721629092,15.323286589101292,57.95001638574763,23.308749433583564,3.001380215575685,45.0,5.6926243252909545
84.8280890085924,13.575841084488024,50.858312091512936,27.70953555190955,2.925830372547451,45.3192178301267,5.195049098952972
154.62880888670242,11.655576518781118,58.000957861331685,20.423031707221583,4.677725993352519,47.65017866480738,4.825477911771042
94.28330534824866,11.910283447997887,38.11096414024647,38.55097026377088,3.070554791740358,57.4967553121271,4.244913999195117
139.3327447391672,8.66932860433432,49.26070878690067,35.49381706092242,2.092544818946537,45.0,4.640755236112558
169.84100236734997,9.321571665115384,55.47965042341893,24.78702415744517,3.4157286905449977,45.0,4.362892864285584
128.87114741383868,13.743422923593991,58.35790526634709,33.0367548157668,6.499906035117857,96.32869048314654,3.137969724842953
128.38069863767248,11.761160519118134,63.29252535806665,37.48761259467969,6.102684885240789,62.344894045343466,4.48209907783928
185.590411272358,8.003610469932392,38.091388015645215,33.40337314010802,5.139207564487984,49.54515855231856,5.120820435408912
167.27949896710956,8.135689110066052,55.72947406594477,28.93054360630595,4.716750998001694,65.20441690942327,4.074002581489163
241.19881628570357,10.832000108796285,50.563879053154494,36.69280709820959,3.3842920544770347,45.0,5.209570865120925
156.61373086126343,13.413536869316092,41.408533751967454,22.958188573318253,4.617118910124813,75.6170525250023,4.041900120711123
146.54516972079335,15.281577161479882,43.86582160835813,26.53142860340126,3.1326488188157797,66.65882629967292,5.294532686343832
202.89821900063117,11.40933206405423,42.24168368224058,35.7520422992817,4.481696937296588,45.0,6.0318934435643214
181.7876243129818,12.14033873125904,34.50414019477207,35.052212548674454,5.470828370311033,81.15683976517045,3.3976666536041265
223.8747073216127,9.19431765888233,45.88630084801549,35.71833884002719,5.1013397479354445,45.0,5.439055302217948
242.49338450011496,12.167445328068329,57.00383971473944,20.01057612597528,3.96754576273622,45.0,5.699540712429991
123.35370923815096,11.36381193987886,31.45469586949624,21.01893446644666,3.554738168912715,73.98999875060876,3.663996451037376
116.95229768706524,14.314469026067094,49.52613372425188,39.08166606474274,4.5933619632170615,67.04795249353886,4.613040603803414
113.03377099021264,15.84699364870668,49.98111731235511,38.87638191842916,2.9402692592039985,86.92495152948992,4.160718324973152
244.56378772756696,8.308376158674767,54.015294138593084,34.04457489825987,5.801283718486179,45.0,4.872034857633691
217.819976385882,13.971699262256166,41.09321414983751,21.7384895070018,5.801666798757942,79.37974733058188,3.6938748387249496
89.69407835755595,15.64054896567139,55.79908274075928,37.81332929865294,6.096915051535404,96.48303452237433,4.201341697341321
127.75010008365128,15.571762288621125,53.50354578536307,24.743916910209315,4.275911486671125,85.36985148413011,4.287039150903286
94.1033129489014,13.19288836456901,31.71377422873917,23.434149830528707,4.944806781564496,79.02153610320525,3.586033013038539
209.07485226627023,9.88551168329312,54.71957853095681,38.4533359626499,6.263373928865326,90.13399771064935,2.883774691144497
138.333507120778,13.672494479209178,32.75903037805348,33.858134256154266,3.2855384253658797,45.0,5.414610458681773
122.5582238007176,10.455942719029894,51.01810252228681,21.982416754359484,2.465061617259596,45.0,5.467751999494295
232.55492304745567,14.88693365957263,58.84369854223986,22.244269524557176,4.953781331468435,70.92445694168545,4.712295316975733
157.51595759505477,8.689996996729594,32.90824847681292,34.1815326950667,3.803978221301608,71.88059250847874,3.533685695832092
221.26566816112123,14.044156475915289,56.46297817819538,36.07571198531125,2.197205625116471,45.0,5.321328420169412
214.66425461034663,11.756003568723637,39.22693914527089,27.364803779533812,5.942567057866133,63.43206927805707,4.99994894107564
125.08226558875464,10.543437310302073,44.16553429310083,22.03882172514191,2.9275236111772704,45.0,5.412776003741168
168.7633032916831,14.59973334016336,50.1387849710033,28.233175132394383,4.868894009814252,45.0,5.216332461871664
212.2946921384205,12.53307285601013,40.2617090144419,31.56340370226031,3.225593927087677,80.58085464040121,3.68978493208292
85.37758726277562,8.411373601632173,63.66027289466679,30.580930489848885,4.737338485570254,45.0,5.114825175855122
201.8463202181969,10.385581459476787,60.63651355851139,30.81258535118306,2.30712435345588,45.0,4.37644622719198
248.2194142781266,15.08721254742505,52.718583233210026,31.97352261143494,5.762844464341922,69.95605269636496,5.000420716328732
131.88576151143891,15.342731141997778,55.19435122809641,29.91065180777533,4.539666609887471,45.0,6.491204392906141
167.19147619276805,10.167229537654976,53.08580783304883,21.141130718015024,5.319576243991461,45.0,4.97807205119085
163.38945392452695,12.110840672015216,61.78130711356943,36.01640162692246,6.28215176563046,45.0,5.354365992309358
176.99458268003875,14.869348273337678,46.53040858793087,30.115839094056724,4.870473296003357,65.36428344015219,4.67229035782771
232.54467829300356,13.944598648447396,60.71906885657162,35.35007632247398,2.125125294357188,47.01929586847792,5.536336996094575
141.36997584385833,8.351544154007101,52.40256445326106,37.07731883476497,5.451652317569229,54.01114743989069,5.513490192463239
124.43430093234691,12.903296446716478,34.99052606068267,25.36529394416013,3.147946161659065,45.0,5.998521560346033
187.54625668141745,8.88743907162381,31.476805639454064,34.745876569615454,4.482611995070883,48.43505398191458,5.060910980189848
94.69119530076269,13.838845973091892,51.54998325039709,27.539318062311565,3.885860004391502,45.0,5.9526206543866
187.0227808228158,13.910548344285626,49.28128453255204,32.7746985354277,2.774705273154905,45.0,5.793336875983103
136.2887815412671,10.740055586960828,39.43422657893722,35.75411540366264,2.3251907179206324,45.0,5.1588099069221895
219.56814237913855,12.890713032290922,48.25212071131898,32.898100977722734,4.6683203171660494,45.0,6.165660185866932
126.95996115574764,10.615182452497796,40.43532418725204,36.58415869450511,3.574686277508441,45.0,4.98158014695617
162.51679254844782,8.114486062763508,35.97687851629906,23.78350608532997,3.362609579667009,56.37647171900478,4.506166991066664
212.5875072277476,11.210468538880708,58.576383534292354,27.451861995057016,4.215104715911954,45.0,6.029228868469909
134.30960005969877,9.529486486928551,44.55647562750991,24.413488660692643,2.943941521792987,45.0,4.928071691538873
170.10664298519043,10.261031014006326,54.082002041668304,29.972719501727735,2.695612157669756,57.30348365947366,4.506337775078677
222.28284380810587,10.9372723885192,43.7099892636866,23.671316710263223,4.828846391329979,45.0,5.62148898986335
195.6475392858428,14.39205073547272,42.14712121912364,30.530105599440923,4.634572766288683,78.32220880572646,5.062384581335298
196.9881226592317,10.58641495670262,49.01769411051525,25.29655842270818,5.265064799191048,55.2712689922213,4.273368322001465
228.02453413004864,13.527621336727286,44.50259189947663,33.313293333458624,4.894471386053249,73.85128631253035,4.568222664626119
88.5903233170169,11.31065407412571,55.36407540872323,37.73220535583592,4.105859838069822,45.76639935527977,4.241359671413725
225.9867418868463,12.16606454800366,54.902328715969965,31.24375224157029,6.408386774891481,45.0,4.742668905968117
201.68400801566992,9.673118889104964,34.857526510677374,20.385085077669277,6.207654515921175,45.0,5.177504344028071
130.21424997233373,11.496661506778665,57.878523277241314,27.87659629066856,6.34489197204716,45.0,5.370962130639272
242.7379166442058,10.358531187649554,30.41855732150502,37.50457774970905,3.5309045152875385,45.0,5.305784936859974
232.87613810502268,8.778833412008229,64.15813092159635,35.34261218704992,5.907270327114022,70.76736890042515,3.688088525048517
141.6145200730321,8.160205142167214,49.53984859272154,24.879362260935128,6.370352682507186,63.24738914644911,4.765256447915363
236.55114521640948,11.090120342287577,43.41974870013247,33.709403772752395,4.005561198656835,45.0,5.971942396154262
93.20955353864149,10.881362024146137,44.21101949315263,33.956701489649674,4.579391929871687,66.52091222529994,4.367045557401837
247.23484160524933,10.031637067134993,47.48353677501281,29.518725272205263,3.400822639669033,45.0,5.349973411587696
108.97145352623832,11.477485967241355,46.86285812276704,38.29661860420676,2.479770284123756,49.0767150397972,4.8940067099141125
138.05858047028525,10.140098593266098,44.12216846112191,30.43622397083058,5.743980317528184,45.0,5.293014871863731
221.5547505311604,11.092071292088926,31.58302767817092,28.2859407765579,4.076947368580372,45.0,5.198332203417106
211.5329517949558,15.44267769362716,43.45536682955997,35.495124245068254,3.980514270447088,78.48218109116074,4.879317199625106
152.77256911307418,12.686296968211416,58.53146524162321,38.92374075074897,3.1715710814013702,54.92213070177488,4.97181283323417
106.2883992932832,11.291669482471017,54.4826377185321,21.46695753702236,2.308377189758684,45.58755525203401,4.7759737947859335
206.51266522702943,10.309294914883075,37.632022545722656,28.54262729418689,2.6916290804285468,45.0,5.527917637254179
197.01244681435597,12.610314794211844,64.79710402371539,37.72259311074471,2.045212412543457,45.0,5.666605923939851
132.91945113544045,10.730209814731412,56.25778133215591,35.46542335470343,2.9882005266700253,79.07394041955185,3.998251490040628
213.4948409126661,12.232983716961524,32.89343241115256,24.920737902656928,3.0028778269822176,46.67406239218119,4.860807135430821
192.43334862863196,12.694016070290091,41.29152232584227,22.30125007489433,3.875725106974045,45.0,5.650286580948808
163.85624092054775,8.993127252433862,58.20930084342788,39.6445716381935,2.3676669493423104,51.06428632897562,4.531280353114946
128.70909578642932,9.70783629018094,32.043484771309885,39.1075741489927,4.979405704473932,82.78564295747994,3.1376149104079505
98.57559363220716,8.23413816173406,43.67145039773888,28.06695471417514,6.355715977939284,50.77335364764175,4.790164399085447
135.00711660207236,15.271280696891942,30.70534987808986,20.67928606014928,6.109327245687823,45.0,6.377168617451179
203.57817797845772,11.552262784968278,32.6552895163736,27.40874808413867,5.665566802123854,45.0,5.089762421061993
235.21530309011808,11.670696985582255,31.870884224202257,38.83798088804369,2.5460853285838736,45.0,5.257794729532515
223.1703752468892,15.11641120117804,42.041802151074464,34.55771259832653,5.644239180637,59.3058696452391,5.522179392500167
150.88306233933508,12.83884058782263,56.30003447366529,36.71789545447416,5.047143490341348,45.0,5.693333720549607
229.30848613629436,9.50974742719574,31.468087200322067,37.40833209553762,5.192828979351759,60.33333894846935,4.660046670496143
144.32194897274064,13.110531101331208,56.22306694378933,38.64132709020422,2.2854214426781665,77.04627393070636,4.17686786445271
150.11025985754003,13.69624906177562,32.401161536012026,26.818373537071352,6.0829957393867335,76.72906379129061,4.410700088680147
218.68171130440496,14.744792418809537,31.546190200873955,29.2938969346836,3.4137824984532976,63.24640844866859,4.8505433141630405
106.07278456674604,15.537865990554096,42.170589494172326,39.81470357079738,3.5206522313445485,94.97945097698528,4.250014879739131
155.072224412965,13.70483628251111,50.84018979921097,32.33282439570641,5.041941190149453,79.57362984186993,4.044133811067224
247.43604167452796,10.98505171376761,58.60995178530861,21.027236049856697,2.475238375743685,45.0,5.197664875173981
86.2016304268368,11.503697958682856,45.45356423375654,30.212985793677,4.073642559877345,82.69601646928041,3.9884239286745298
113.56477480279452,11.694703938636282,39.16487219382444,39.01623128428889,5.834966534731555,95.65539784000748,2.856404328957253
157.59111849058803,12.840943075539895,40.88771277797783,31.251834108244974,3.985879303636924,48.67354556951946,5.506651409002356
222.5840917462777,11.87226347836673,38.46751114040409,30.474242137043447,5.549714265579513,62.02213260489358,5.059550615860663
174.85473350767086,8.84178634682951,40.822272897858966,35.586895388587045,3.121779412607058,64.62333122421602,4.139476776084845
118.38382984040616,12.759689096500162,45.8106419274514,27.664284100613138,3.130342363551712,45.0,5.46032747470677
194.80539191844923,10.28487872697119,62.17024047928084,36.115040012897246,5.278611428199063,71.97417230136621,4.59263468438925
226.33534954224984,14.682693308030316,37.46546693405188,34.57873993555634,3.2467485002795726,45.0,6.298248827738366
170.1212723544169,13.739852454536734,43.1747888142174,26.37344786257414,4.226239654763043,52.16650700659108,5.614277570529724
133.80418858450474,15.925359575347038,32.36720759563684,28.11481986040032,3.5706503686084905,53.62011770543032,6.199487758924302
89.31917961786655,9.210157624420733,41.761461548613774,37.2423867573954,5.990944743154248,57.152920913074624,4.588635845841461
112.6527166927854,8.069363352034646,62.08520784439343,20.950640670131328,2.86845176625784,45.0,4.435900659667185
98.03274769279564,12.252815051688843,46.717983363112914,21.87928011015133,2.769703081440158,63.81130680736942,4.257266587595685
211.9742011310424,13.20513164997768,30.2047977532923,23.638092823443092,3.786641800760918,48.735334858052205,4.642269732186532
231.62491351670144,8.596637945179296,64.11167923434428,30.944371455039807,6.359080282421375,46.02795463004189,4.691529410379337
184.2943959926543,14.383987556055184,45.440354870753694,27.61074777836717,3.1257027706398066,45.0,6.158659876253179
187.835710453766,13.744895014875796,30.01491729003856,29.90182649746774,4.607037449568509,72.90444531863164,4.16910150532294
142.4467570789118,8.54767118332833,56.19369958641735,33.430067779317184,2.7241100730338004,45.0,5.53029979490534
249.11716434609295,9.538792630326828,44.26990313035924,36.60675684939172,4.281495326146784,45.0,4.7549046556000345
202.91611705476043,10.935116476454066,32.71460962491379,29.678551900929545,2.537342878394406,45.0,5.884567409674705
238.80261741587125,8.376498833762513,48.29882561183076,39.97434651973742,2.48845355441728,45.0,5.433422163680106
127.71369239167706,13.308531912423271,49.46340678336186,26.77522896073286,5.2779903394814855,80.10502072013736,3.661271954972583
198.00499207037197,9.004782695759626,47.87964578360189,20.654670051303217,4.756814374978431,47.614696340595216,4.597807678953229
89.23656937570047,8.900282593345711,34.123507393416304,34.39666362512236,4.721939827066076,70.68974953109877,3.999754251533335
187.62867883255203,10.16610648528644,43.102610153568975,26.59592711933483,3.591443998471449,45.0,6.012400307920803
83.44893354073773,12.368698113842589,46.02095219934093,22.910853856040973,5.000420936677001,67.32877179660707,4.499184511449341
241.88957375579,11.65949259412957,38.05275937072047,32.09323866143548,5.465427537956661,53.532655687970845,4.21722554448805
88.02549524570637,14.393842294059718,58.0264180280082,27.181471878551346,2.682802897294505,54.72785354169292,4.572454196236913
215.83317201797763,9.20348148969354,58.65964484997289,34.16509841749287,3.3699199497015337,45.0,4.260803133588553
242.94350054531688,9.197846270779188,54.2457771377948,39.0717798831036,3.0549780415524834,45.0,4.680109864998633
246.5652317440968,13.41550783500182,48.11056029403181,21.249466781199928,5.342719668252404,63.104663016006725,4.66911145511696
117.23215048822595,12.608782698509824,53.80743906565888,35.048133344295195,5.476865870535904,45.0,4.927826189276647
124.79871203510456,11.82372074517892,50.05655769355019,25.42034988786253,6.237576771792039,45.3896192093895,5.497168557229751
246.3648208541152,13.84426608254038,31.09157170678007,38.6649287398741,3.490602147950497,86.54309698739408,4.201204821300772
220.76525128487785,11.897309398325088,51.96599171542849,27.21408496377145,3.5582419341505904,66.36935784369768,3.5753604107388157
92.50907321208142,11.77289919552252,50.97758233008776,37.02173482804984,4.341172283176924,88.47209324726784,3.226833951910164
241.3970685110002,14.79423100712763,36.475504071165325,29.41658093364865,5.954532821234298,70.65679312276352,5.383756270565015
168.9353746609624,12.26269750055626,53.8832001884236,31.17062311028041,4.01968320772104,51.84243017910137,5.1805827467864844
212.10868381215164,13.809145120131998,48.77913446448487,35.96950415850661,2.6946135257545336,45.0,5.48124503118304
156.2693957059272,13.663755158371249,39.00546026457052,36.79620357839511,6.226262078193831,86.9228611382391,3.591745747327796
217.46664844996812,13.62322328984958,31.635258320392392,27.120658546697037,3.6010689544213963,45.0,4.97878898480282
87.17190120527744,8.773594065372752,43.27816261287317,20.89898372570883,4.89200547450589,45.43306049336445,5.339398261511654
232.52958294478185,11.145564243487735,42.19646751422033,20.169709072088235,4.423160517163427,45.22351967454002,4.9714304725346885
194.6506773097151,8.520203514253033,33.51109642819163,25.36944061086088,4.90951398597638,45.0,5.41459399819788
161.32647344825122,15.253491403321124,57.96367798607628,34.03177907048717,2.324748899878022,45.0,5.581924614731379
154.26837240512828,8.128879248025443,43.58660300634186,29.1631685853293,5.226037034373643,53.51154827077962,4.612199593108298
175.36313069587663,13.691680529348153,55.5753344214495,24.938197469195156,4.47675815073388,45.0,6.018018466682626
223.5405771759289,14.0639926543991,30.26441217857641,25.10457734047497,5.778860451930729,62.9685168142506,4.890974325345315
213.16848293828696,9.983784554260996,46.24588805376057,29.02449931384701,2.935148613544942,45.0,5.802077763477881
102.13608764832227,13.658643455434303,61.008409770851486,38.15465300796046,5.701853114670413,75.36280003274915,5.124894085671256
126.84317198642654,8.497563202064155,34.86256944669677,36.05237165367499,3.961384828176171,55.2719812650776,4.04030448402245
90.39814222485558,14.75393742864603,37.76257749066198,24.083413682076937,2.338599170895078,45.0,6.047167124601362
150.75648537016275,10.401527013437352,44.80024676550976,20.701499744417127,3.973383411905652,45.0,5.234577464285072
80.37648015142376,13.366402672770636,64.53941432202498,36.80891080120544,2.802302789419524,45.0,5.999229608128399
166.01895000316105,15.929834493579367,44.215236338802505,25.86325899681236,5.466102774755953,49.47413752226478,6.474393452327641
131.77708402112927,13.40594024441892,30.74261296361897,22.31886523849461,2.011821365719299,45.0,5.561551601010818
122.463760698498,14.3174789168919,44.77985423606499,33.35746062077162,2.2488074262719064,51.97637683624766,5.0919355847552366
187.53540248698576,15.976137238523611,35.238761820746106,35.12733904963119,2.4440544324255,45.0,6.467391520554706
244.12679141860545,10.092608372818212,60.822826221421536,35.70629818773091,6.116245843318019,45.0,5.9621597106823785
151.026568008241,9.287740882261929,34.458620678073444,26.428111996528045,5.489394360441876,45.0,5.55109039495674
155.5818115788714,12.962373636083184,62.55174590349416,30.882087714988188,5.765002856018741,52.704048530814006,5.431787157232786
248.5674230307596,12.158747878857564,41.74930348110419,27.08464219384151,5.20384778738125,53.52675667528042,5.104016401727547
109.2614505092121,13.876531051342642,37.54819678242595,28.21890736658432,4.99860273466015,94.43313978907366,3.522381435516084
230.39835909762493,10.99230135613041,30.76157813812076,35.84866985459836,2.4022399621253587,45.0,4.998690920004417
185.09471408045127,14.326629521228444,58.36421716323535,20.10045481191345,6.483767640114571,45.0,5.455593016517216
187.99069930159533,13.193388947565516,60.00044975105462,22.978324576331907,4.802746120915133,52.55074204905873,4.779450182936237
200.22004158556535,10.972786825503956,53.855084540915925,31.960036364653483,2.328676816885073,45.0,4.395741631463135
228.3372074377595,12.590003080027916,54.83810940046996,39.20109628190104,2.729938495128309,45.0,5.444111714261538
239.5763436958277,14.953818178115954,37.391710269439606,36.2578203045885,2.461347840107029,45.0,6.660514442772479
127.25004769910495,9.04830657527753,52.51580773588623,20.75629354973693,3.7250772628915305,45.0,5.559343331513931
154.8864302115017,15.58995962656348,62.923040315340224,38.98812048416137,4.9617432977524665,71.26498776271643,4.98053515691769
211.21656727793507,8.942759164867624,62.89449282514265,36.13721678702744,3.74450102422884,45.0,4.533908654746616
244.83434626222143,10.995241040284766,57.54354571159064,26.055308128962995,5.628225614357379,45.0,4.97579874835759
194.4428962667092,15.295978799158732,59.989226194213686,39.998599037543656,2.6565563922252977,71.96227278068379,5.222272984487272
124.78557680470908,13.966499580591996,46.41689691769102,29.61034710583508,4.315586597623666,75.66235944165813,4.865596365724013
166.0637230657638,10.576522923797263,36.56826010901249,35.79892423214061,3.457202153137604,75.09843975438638,3.7297192135353834
197.7589564484038,13.428909518134097,46.29508449183433,20.853288087383667,4.595838725953959,45.0,6.162822777037039
96.56286947553494,10.188918403067484,33.35982102022285,27.22776134024452,5.377042032497776,45.0,5.155592889786976
187.49756717714249,12.698696882504215,55.13189857579854,24.20150115245653,2.1391781635913376,45.0,5.70766129444727
110.66475140447766,9.774978449639562,33.03916061474751,24.643845335301545,2.609639427470458,45.0,4.965948874808349
116.203856363258,8.207328870309587,50.82693527980119,34.80302572905251,5.656821832802934,88.91891984248431,3.543203611075941
150.64109649375644,10.5272323365844,47.14095513226399,22.05741697227657,2.2214572586606605,45.0,5.548098308975446
89.15134873827213,9.675029256721448,42.4874081355051,23.24697083571237,2.473368043132909,45.0,4.947954093885027
205.1758264269754,13.33534634493848,40.65513049975977,22.52654316523512,3.3596867523993224,49.45305561029332,4.709956943074532
95.75107038154844,15.303602633343312,61.41465972869,28.70235862455662,3.0769835891885493,75.54963858580079,4.471933041448775
216.79560961233585,13.122305379049916,36.92443783491886,27.281867161188863,2.683429994679508,55.49223833127802,5.047850272445429
86.01025720675489,13.650579620257131,59.09253072634991,39.66370687485954,4.777257410976328,45.0,6.18819226263426
206.2378688224264,8.849048385752164,63.117610058312,26.97990792462253,6.382796658920773,57.56369024028316,4.91205863345624
195.09146068891704,11.965354091064649,32.75508161357301,30.009105038886585,4.476372147498139,89.54879781067852,3.1378023210611605
85.64066181266557,11.68074800490648,38.686430192412175,32.34784115249509,3.939720746318762,59.40205584349747,3.8498852368619794
94.92412514349904,12.48810432686019,62.69505559467626,38.787746389587326,5.999547778399908,95.32895382221125,3.2402423944934964
211.5723849706769,15.835714837455654,33.1931831667351,30.360230644641604,5.79419128456378,69.51443018773529,5.734643058150426
249.60930948375253,9.05476331111301,41.770171145268414,22.94088860253964,2.7398200168608264,45.0,4.17551717027937
186.3564709596571,9.215568761509116,30.087982641550845,27.94502092653704,3.750935516056775,45.0,5.053966484833262
205.87666352957515,9.019886087553072,30.516813421121142,37.75389706543429,4.650119630150327,64.4088040258332,3.5631499788584486
118.77561555514716,12.263954563512224,59.95341456964523,33.79359099203513,5.933297886405597,54.857050748172,5.208817489055203
161.10633551318853,15.470034677482952,35.17748846110267,29.86840976259154,3.2899326010315795,45.0,6.266127386313732
96.59750323512078,8.41467908302407,46.9910279290686,26.986073836879815,4.867744513079745,47.45783752490836,5.128780712995285
95.15770274136358,15.259237174502474,35.94392691167439,34.516061047645195,2.6680177319804925,67.18755887049583,4.655506676647789
209.6552020631617,10.609408183309004,48.519844927327696,21.914970515003468,2.767015304373886,45.0,5.874529253837856
187.69882014879065,13.73562315428251,42.95129827580966,32.08604669116351,3.615784210687802,68.13868072835199,4.48203644391128
183.34769059476224,9.010712272270323,52.062671114742095,30.86230515605077,2.3716399171162266,45.0,5.500386568500275
112.0890115026363,9.26884019092974,44.13897923656175,20.70713429955408,2.129733326951184,45.0,5.684932568533311
228.7311558672639,12.015705386918285,34.12943361776135,23.686069401582724,5.115800056742621,47.18283566373193,4.856610979267034
114.58795976371042,11.998777398993862,49.18447119584907,35.245105729739336,3.970468716223478,56.82851927058421,4.868471743455213
96.64432966479966,14.588599071199358,46.90899038804332,33.73962059629899,3.3923391911727574,48.55003433221493,5.649250550638402
181.76011737425893,9.52411705908372,60.78189221633088,25.908030715451886,3.312555076411157,45.0,5.347753191325166
218.0835223062204,11.645021430314886,44.22072871241679,20.43264620391247,5.363304667793245,45.0,4.8204976309860665
83.24195743987717,12.580529783048922,56.70794694766416,34.63717766790467,5.12158385082058,62.760583074545416,5.319055785239131
196.2033182841012,13.764715541047952,43.80868997205762,27.9166458536624,2.587833149056075,45.0,5.220438410563958
234.44068564207825,11.33610886558844,36.25038132343647,25.810445221886518,2.6651433825291857,45.0,4.945289825584407
91.95915897107938,10.130429295947875,31.8322446242592,38.8482224608922,6.255510225889619,87.59495211435885,3.4920088626128623
205.48923064240225,8.377256177396756,41.93274055692951,27.99186424005612,5.098226997116843,45.0,5.7121267852250455
227.70073267279935,14.214567093050135,63.57387369657587,24.03280850867503,3.308868143677848,45.0,5.878160303565375
148.91858541346244,13.426390502752424,56.54057151104927,22.494306614496924,3.881535003954197,78.54919703646246,4.475951136889318
148.58608364526884,13.934201467500433,45.66129678858472,32.19114610339616,2.0403080917520624,51.33811136149632,4.61893215841463
201.2117268747464,12.98000439271374,37.886828933054886,23.584592891603563,2.748109223909061,45.0,4.972452026707145
147.30798534103752,12.138321525095382,32.59212757773541,23.529107582296888,5.219856604326125,45.0,4.9927439338200665
116.66013296323268,15.406516162146689,60.71243747720491,20.35245517850696,4.80829947043444,45.0,6.190261788121681
125.64252185011944,11.567929209083005,59.67613707567914,35.25214270923522,5.372043038799794,65.23754743396853,5.00391883806715
154.95820414238182,10.353227476014888,58.24131751081123,33.22085926807045,4.340833819699153,50.72795098041088,4.49179642352876
178.71880394215856,15.317512255065964,48.62550518215291,33.67370395307559,4.926245232489434,71.44238305461063,4.570947509779196
92.035158114532,15.354566496534474,64.93789050904677,30.76234873005705,2.7535552741494147,60.19238225177331,4.698118271873646
149.34488574699884,14.61564922765686,43.85021233003143,25.37038034635964,2.7126713053919094,45.0,5.233176731567356
145.53931204539006,9.934328566350874,44.5240058330493,26.09854291171713,4.424669300256488,45.0,5.273318510804954
122.71062727113168,10.075099481819487,49.18384834996502,25.953940795323536,6.010764562481493,74.81251870772962,3.622191891390494
158.04698864787656,8.123921356240182,44.63631273477926,39.82837798264646,2.3920852911898094,56.21822381590127,3.9104543197372688
222.8028317993192,8.358952755428854,34.1095187567435,22.32773539714076,6.112496076969461,45.0,4.743299168954506
127.9346179036212,10.720438231138246,37.05512667170381,33.23051602627382,2.038124688483273,45.0,6.074712374743278
186.51389377901205,13.925580574961916,48.07054318883558,35.288582467650485,2.52171045794473,45.0,6.339704335263901
82.91157717891791,9.22502902639328,43.67854180268653,24.104680543376347,3.0474923709439703,45.0,5.537006310168088
121.831227805558,8.383047215641115,57.790613450780384,28.78893006281529,5.46998379380471,45.0,4.940476675800953
90.8190134868518,14.609076667415827,52.23110917347735,39.825746212340086,4.966307792782832,47.43159426043143,5.322402203759765
85.59321110415324,15.996738746314849,63.78581777393617,23.59792004293892,3.7093226090287086,72.53290589303363,5.671918080663878
171.70854087043026,12.023227234491088,52.98225755190084,21.089045816306854,2.156268852081189,45.0,5.707561044388081
122.50546426828924,11.946184447222974,60.94872591674756,38.920451651058656,3.2227163283092173,45.0,4.927375861687468
175.04895262428914,10.595008335332755,52.03704031342568,23.380176850669255,6.33460957301555,58.50269842026885,5.127874053197639
191.3214648573665,10.143022897544274,37.59027288081448,38.8025825598704,5.965004506571042,53.08350492601463,5.760303548526847
217.3989360240544,15.620405383752336,56.18472586697273,25.55924423654492,4.567320559053913,45.0,6.4279057854825
87.74807277768952,13.403541677930676,46.83438442719344,22.947215934627817,3.0160683605464724,45.0,4.804765770790301
205.3084630538092,15.526579059181769,39.44364855777416,30.833825364919377,2.8409117642863544,45.0,6.78768053415881
121.46643579934424,14.95845791118118,54.66273396504771,36.41319785928211,2.5583687576760035,58.65172020955194,4.782302558286911
84.09166923725881,9.211459561272145,63.434762061701335,30.005510877391487,5.5743745997426615,45.0,5.587929610232269
170.53596267100946,12.544753142185266,58.316538286585576,21.280690852751405,2.1287349429258837,45.0,5.226372265328756
239.75545555254664,15.9342895701346,62.951598849417245,38.60826293115518,2.635421875859602,57.28808945033781,5.506141857917053
231.51600445243292,10.659237717818009,43.45814376469103,33.34900979739736,5.357770947293217,87.36596139121586,3.7389117438640778
228.2735337912177,15.036854324188033,45.61980976248117,33.51480869964647,6.416340076720468,76.26272171016208,4.741299415068323
164.0810316628773,10.159689263807715,36.77553046594648,20.93556027548883,3.3532912454873207,45.0,5.032005452167225
195.5441135574113,15.461476866449082,61.20081121203592,30.370898231985606,4.675726305822161,79.25644192265369,4.795453075673896
148.78343610739807,8.301275404825533,59.60746610750084,31.05398634923945,6.453829047137194,76.61263359526154,2.971157921044264
126.7366765638004,11.46813658181958,57.689639846000944,32.01360773935328,4.616066305814897,45.0,5.200516344343194
185.2549328111478,14.77303742119675,50.573693432203015,31.020291573746835,5.24685393256217,45.0,5.860016990472719
231.65241102755235,9.24185236535799,43.88725284302881,30.92289141362307,4.465093518984745,47.9936517595792,5.210691308258977
130.5626870702133,11.039593385501398,55.01017793893045,35.428946286937546,4.139934545025918,54.58273076769743,4.419041605856174
231.23657278972448,14.403045829492912,62.57745100710622,22.906521394056316,4.300770055159616,45.0,6.399831720715161
234.40398407009047,10.411158587397894,62.466788947959095,31.02647141721295,2.1720095332961957,45.0,5.329716807437833
219.36164964007935,13.862279564268151,58.63258384862012,26.064537989186093,5.349195110293763,51.90405001598197,5.432810121018496
159.76759826163976,14.441263071587713,50.51249946176684,33.960481077055206,2.6229570542482232,45.0,5.782042253204571
154.01145583971572,11.612548390989222,48.89491086168182,37.97612727524789,2.7637994219605053,45.0,5.32625494982665
184.2640948685728,11.204399443623188,54.626845095928346,33.42116376926886,3.365631296094754,46.66193087873184,4.536443543881427
130.17349326607842,14.75988221660426,35.5815338774684,39.69553794629957,4.741212898109929,93.0921201096512,4.517868983985348
101.77135640273514,12.546719410700607,62.57009829279494,28.484273944322524,3.3067074952932023,45.0,4.73920924408189
184.6319316160377,8.93391073256931,62.21690292096396,35.728280673521766,4.399857805830637,45.0,5.57117113835308
138.92092639961885,15.12286281862516,47.01954278965519,34.871547590973336,4.944458846993637,45.0,5.96746550461879
175.7374358359786,8.507921369133493,41.60146850349947,31.70105315531719,2.204668296735836,45.0,5.780461363128927
152.99638267544736,10.048980011450288,63.70797455757345,27.9081000614748,3.941484651516017,45.0,5.996075534582873
192.09163948612,15.51631169643806,39.07183922347736,39.27301721426075,5.518024519828664,90.5203133794004,4.413036822880568
92.57689938586594,9.013209680603854,34.89066705820317,24.023729742649014,2.0358260504891987,45.0,5.008256124092939
127.60114145150932,8.007165152362216,49.69935474998006,26.368101249852444,3.1668509326802625,45.0,4.744233999736911
100.71500308290877,15.824628088465015,61.8443857088899,33.51668525503977,2.087651695772073,45.0,5.55670255858988
123.88331576855292,9.434680966698176,64.55773011889323,30.08904270185664,2.845450845506667,57.75944756924548,4.071277530583133
213.55759477720977,14.833087837494212,57.63993492777184,34.30197488773806,6.082298193690474,88.37005238236445,4.173936634813177
188.9648702690644,11.452821071596732,44.74486747962723,28.377833007537397,5.775737464059984,45.0,5.2414463496718575
90.9126466007159,10.938783066531444,63.70142836031837,24.04720544915133,6.4626429931746,81.11126014685452,2.870911262759318
181.90255914551196,12.308628473933206,48.07974523611357,28.62880790809061,3.800764218803187,45.0,5.070801223842011
208.4542070716645,15.425435612479468,47.42665274068659,39.329128123100205,4.514601223267845,52.382004000817616,6.265498734467881
230.68033520090643,8.811153657288376,39.36556090676852,33.28994776541267,4.027100877132306,45.0,4.913425646895375
131.95747449877038,15.139505592270933,44.20056185443349,29.348797826353746,3.924408846464712,45.0,6.169927189731164
236.81684185389125,10.40415916929554,37.38190169503821,37.887199772837775,3.835571583070572,50.38939548290053,4.632971052630277
229.04266068231817,15.515604978785088,33.24587145054771,38.79081209256199,2.7819325927776672,45.0,6.806203632965463
84.85669792482022,13.031309964730324,60.772642703369485,24.12957515180049,4.422269939767585,76.4071099698758,4.507179588178468
120.43838886685538,14.605247306262305,33.447448116488815,32.42733889193744,4.642346782349058,68.72777743707975,4.661309961999804
187.85832850947375,8.095441051379956,42.28149433137389,38.62796861339052,3.742168901590899,45.0,6.002838707766323
203.1247130390198,12.809580712800258,42.2651442684177,32.41374600169961,4.833916387281128,91.07564247576067,3.351132909883635
162.241713832755,9.02236746406557,33.51592634713413,31.772237993065914,2.5675604562136902,45.0,5.387536891520138
205.96630771945047,11.95096360340114,48.53146276428946,34.2033909265199,5.571006053439266,84.17458403963889,3.9479205872957337
179.70493107930432,8.178005897635925,42.52086470550513,20.91424010268396,5.4913427459730055,45.0,5.1858049699073785
211.34833970942103,11.032912861018447,30.76952430638969,20.84275424125007,3.097853060447465,45.0,6.041463310830975
174.5646319980042,15.938000684049484,62.73915803338463,27.988252093103,2.049593061150501,45.0,5.940012639299898
126.31997197490054,15.522216711938665,49.67622331114023,22.51664861179887,3.93360065649685,61.91896269759374,5.377128895211886
199.23511752848648,15.272996351224856,49.34939258388962,34.64610461914951,5.731381920575533,70.5155193098754,5.75213564472445
243.9664569024664,8.870728095375714,51.18432887481379,39.599146154040895,4.7445262829875725,46.61781904309941,5.471857598284762
115.97388735026396,10.585644498371714,31.93357222291816,31.381381705881573,2.149687942149595,45.0,4.787423216148648
204.1807595585117,11.841726092880856,45.0488929183527,34.38482341713696,2.002398065620533,54.22488461875401,4.252743548603805
151.6312332179971,9.97840829618702,30.130501183241787,32.10530041324233,6.399459460789152,45.0,5.702669508453093
152.62507340979533,10.015784209731326,57.56647006918635,23.39655885493975,4.545468641824293,45.0,4.806266690265471
180.5831038989662,14.045154868032917,42.417028539416535,39.583640154659975,6.257142006662378,45.0,5.810466567501207
110.70425915529458,11.483793892387396,50.38059682306722,38.34981689319515,6.455307583379732,74.49646327672146,4.605169049495808
171.40259787490572,11.04293952667991,36.46472605529373,23.96964126468994,6.35335309736423,45.0,4.708414207073014
136.89210460533843,9.326857686850506,47.30672326741598,32.03079164658412,4.23862155025187,56.35048439616459,4.815051180286554
198.36008600890784,9.314739660953304,30.571978769287536,39.63458483402917,3.50190446443497,64.56387793478294,4.070532603560398
162.37946748009048,9.42165137731316,38.04615669856239,34.26143821713431,2.5189745979823623,45.0,5.23826743060004
188.7127830318001,8.889521092165321,55.334074814810165,38.65572656909566,4.765122000366507,56.425871504691294,4.750563325053565
213.58081290239664,11.988395223279536,62.38066148489182,38.27022867674829,3.748495907702665,45.0,4.132990371322586
94.32148630695252,8.006865653590859,54.22177842791635,38.36541698117432,5.746992120128506,45.0,5.331563390743344
206.30177077082988,15.106647458574647,57.63247475567312,39.466572380697535,5.893232986865362,64.81810491506015,6.349082320360564
248.01669574468696,13.769434900313914,31.19068711917492,20.01624462807983,4.026309383613757,45.0,4.96674348896391
184.31442378733195,8.780784791718114,54.37358166483726,35.56783457593126,2.9917535168096308,45.0,5.136409417868981
235.85559100071225,11.11505410375404,50.54241500555568,25.52473381599624,2.9132643550572714,45.0,4.866581061669866
174.1315409686373,15.785813119250932,43.44378056022524,34.62894558992833,2.689975704713181,45.0,6.879716321984887
209.5111072381989,14.984810702172744,40.0894596611905,21.90991382091201,6.314031696064893,60.689181923344336,5.070418418928636
138.8154897452759,15.945228529413322,39.66034979360918,30.220688242083725,3.2374751702525053,49.90117410751678,6.204985727491584
103.50031003432646,12.234037671589912,41.47308246408742,25.175459637024392,4.952512681949977,45.0,5.34458461541699
195.8269512931779,15.51771370795553,37.61964130407461,29.90468036488677,6.231292554716788,73.74219511708166,5.288899784965883
97.5964373405332,10.58219987162843,57.43192677973028,29.744377257111264,6.445849447628235,64.83442662567512,4.408484209322293
171.01764173234932,11.56499602179072,41.07227007621448,31.760529862583034,4.923377927663415,84.78130997975008,3.140740158249808
104.50027203637318,14.977009182445244,44.253075882018166,37.46087830334095,4.932176270269896,57.07930410904709,5.635629122065144
190.6268338225593,12.38022979198125,32.26853635717565,21.388295587045487,3.2474763531590907,61.04271897877653,4.298748274847782
95.70305753291608,14.225042062397272,62.09513327937636,32.029262562691066,5.929263103605504,94.88842323651662,4.017433442782363
116.2957819872585,8.99478265573545,46.37788294747728,26.64553841757476,5.10465515972285,65.08029902924116,3.62105002443222
190.5931270235689,14.414578695492176,35.48281204733087,27.13769239715828,4.307704659599036,75.99397771715893,3.8116562474312135
103.58239304495974,9.610848434534546,57.59945167441163,27.367045555571707,2.8343451244338778,45.0,5.413140874861254
138.24099882332774,12.613962613370674,56.467698850374106,26.735028858870027,5.249884664056073,61.2968919004806,4.742518541839297
106.4368255642302,10.369610114860375,36.70273808251471,21.891520477085027,3.137311789276328,72.40209017565273,3.7424368815528775
174.29920163885066,14.285231753503618,48.764375665128654,32.303271390370185,5.061937721126718,88.97370322675931,4.043570094235854
142.095535979394,10.9130926494408,61.57058383974037,38.04355804035903,6.037739866900613,80.1840458412661,3.988397682763885
105.02173069832344,12.00986626104498,41.09957349079132,27.920168402609185,2.9734388999522143,77.8022208115537,3.664571600969184
110.39259332114288,9.19924511325502,40.65863933784021,39.930413918081975,3.759304726152364,45.0,5.824447445729053
173.79862967489936,9.6028935182247,54.75114367274628,22.291253112988624,2.6016083662308875,45.0,4.5969653824264896
106.64920041279244,8.220878287599614,55.96028622460281,37.40095840058739,4.218513291301901,48.190777046039535,4.602982141975767
182.38060647518176,15.572627809212271,45.7982576816255,21.38612631809453,4.99737647045286,73.70672226101478,4.731772267887518
113.82457372673927,10.918603995820575,59.87841058192407,23.055013057344112,4.242145753123164,45.0,5.313254616216595
186.92855125961268,15.678950826468528,32.36219131759379,36.96732011946751,4.932547300885183,72.81322272205888,5.62121430914943
209.93248728606207,14.425756015101786,64.04877166323095,35.22629971034636,2.5031080987172274,45.0,5.8159121135150045
241.55128246560275,9.05168328177118,45.71424209002964,25.688587909986627,6.04991360343886,74.52457218068649,3.608886236025493
243.3776161549657,14.49043574075202,45.83524037417176,37.29466950779064,6.0307977532045065,84.79423016777432,4.479652236771832
240.5143465257911,14.303483998445737,60.65605042595292,21.3026564855661,2.8492484609888,45.0,5.342881965258011
164.73122063697315,8.048388921098331,53.68269285861999,39.31111664829174,2.401523597489045,51.07031159584985,4.608709889844746
97.56835830622212,11.21594632102036,61.39394161021317,37.57394058940866,4.965623076346902,90.77177744527584,3.1768392203278304
143.34202799318209,10.239638119213192,43.2162804704225,27.18319362690324,3.4364654097984526,63.88044532734186,3.9208687200007297
81.86736169761038,8.017780363587724,50.07892049542952,33.898148946026495,4.510296472286354,45.0,5.077924365369666
234.62015951976767,12.541037199735085,60.19840449773294,21.27540388710649,6.288375166622639,45.0,5.339156076579977
235.30619921854745,8.016852426302142,51.47009428502311,34.81426503917189,4.247072065524814,45.0,5.978452887904858
165.17474819810553,12.639417638297443,34.68570533861768,33.32417126854553,4.736091824051871,45.0,5.3401316974931365
98.40329806124768,13.470737160374815,55.7604178555617,20.37602319758611,4.623082020335768,45.0,5.955501361920584
197.2937912877136,15.460040025314822,43.20808951033208,30.09525024962929,6.003190823661066,85.03492782797404,4.578942714003249
164.37416585207112,8.785893873183285,61.79768380965072,39.06546361678312,2.061395383605936,48.51563659898437,4.90578699137038
175.9378834546905,11.2026598455896,31.00340173962567,34.468508712546914,6.1788822280010764,96.08079731698126,3.4417834870092507
155.8856119868674,8.76345750079087,43.99864675229799,27.17062050351856,3.472049570038919,45.0,5.326085225562808
85.90740493130507,15.03430355809901,40.06435863538027,37.786841447468696,3.0664818821057667,91.87510458540484,3.641588362927519
93.08987990704762,12.357311024142447,53.29242415416811,32.450198264403255,3.963876912759511,66.61389062834478,4.4666136140890105
127.41863124629197,14.161303398124476,45.82451823176715,29.208476703421915,4.877754833623911,45.0,6.146895956563094
164.23215374769768,11.000131025852744,45.55695119544898,27.404719009113265,5.6615365136699385,80.37291869043321,3.4851922072596766
199.43017583181089,12.459463809538027,50.65058950618415,29.67334524011748,2.505139553932727,49.52887170987653,5.340438015710699
105.770673280926,8.697453486354133,41.48527109664751,21.094403622683217,2.2728931781379678,45.0,5.728821539705804
88.53993354945729,9.67741193665929,35.32668632904534,38.96825123452067,3.6240635640335888,80.4596712958823,3.353796156657073
148.99481165815422,12.875703094237483,38.9463126141998,21.25411432847946,5.468284561217622,75.95385566592464,3.663005464968648
143.4910001991626,10.71041981486268,59.3974366046742,35.963895037239375,5.217711106546595,58.12400149216057,4.834500845404412
146.56483931593186,15.690089003716832,39.68753438572095,37.381304987931074,5.324379624303469,89.79239347142487,4.448032850789969
121.6249247863903,8.557852059622313,49.890507315025886,29.33536924646021,5.1059207432581,51.41290777459314,4.320245132699735
93.2959274772767,8.523425100865147,57.15603775205166,25.715128018140987,4.849664729227037,52.37789228288773,5.167432817829561
226.86156459221056,11.546655285654284,32.96991727516626,35.58283301330708,4.444002933841271,49.933961010250414,4.278503870468565
173.9699264185864,13.70692989635469,64.86400406605786,33.57438666001884,4.134263011450747,45.0,6.4059266659031735
80.99390334538862,10.772767415102866,47.31483151418978,25.002494787963748,3.792821229474707,45.0,4.891168233339888
232.2057911118864,8.285538798871178,40.52382042961988,35.82064909059955,4.519660837201019,45.0,4.864703123356047
91.93228674249032,10.076545022257177,59.16206190974011,24.490661399493757,4.4024979384222895,45.0,5.139681995633964
163.65927931305555,9.071849531037092,45.94491441728228,33.363460581977215,2.659825515161237,45.0,4.411122569550448
233.39651629508356,9.506823632293091,48.01647555379212,31.52090121032945,2.781264331727892,45.0,4.652104798910877
104.67966811833313,14.529178652732128,58.45235059333123,33.49409438899868,6.211360779683075,83.44487193134233,4.244373827869525
148.15754605092374,8.23562650108152,57.20662362548729,29.39361863422144,3.236327930327658,45.0,5.489103578088074
170.8991114426674,9.810865715658435,33.22808412096944,28.294062556069655,3.2052556096822293,45.0,5.766065674517916
184.8636558497996,13.299803307427007,35.2296955068558,20.4952433700408,3.6188823235917114,45.0,6.135368971913291
245.01824250777267,13.699124716016312,45.34670931548774,28.416854488808312,2.140047418563591,45.0,4.875143702283175
82.19956116874715,9.915435692822337,48.23393650730814,39.82442722382837,4.578336179149691,45.0,5.116892890549723
184.01294663993136,8.81051823310461,56.03531573185038,35.152375038561495,3.448108568115283,45.0,5.684366257989032
125.65998687168552,8.248257809554552,61.898078760076814,31.91663692825833,2.6112870197708657,49.344054834756335,5.1677778064239615
143.27889487036305,9.16567949938555,43.19080757862075,20.196439752502723,2.9166314799850426,45.0,5.433525675030598
87.1838292254584,9.555476226492562,50.62128893430517,31.858953199153195,3.956752820086995,45.0,4.11456236586662
112.54979273280674,13.843297508708654,62.47463432584102,20.4352293792073,4.756151058747745,69.77186682911805,4.379579405456738
179.52466740958272,9.937336864525632,57.30360135371629,23.19082387993887,3.1322766030293554,45.0,5.195060574701307
151.5928372288007,14.322856668355008,42.77973748722547,26.94972622303826,2.1855106183541064,57.45691795099568,4.8018089745926655
114.8856789630986,15.559866199805484,56.71640383386707,21.869710432914875,2.763253934278531,45.0,5.29380455270147
232.46272647912247,9.157812375657413,57.35205572997715,28.52988640614908,5.867506720699388,45.0,4.649254818879957
157.53112707735283,11.932913868821185,63.44349338343663,23.806678419525564,3.153877868442516,45.0,5.547505601821721
112.57186822827506,9.84395230650868,60.42964469594101,22.19305818995517,5.341626700320567,45.0,4.626116473405132
153.7438802723084,11.46349182791078,43.161727459790896,21.92207700860969,6.189250377985811,45.0,4.524429151655876
88.35554052839379,15.111096703622351,63.22547610266994,29.476447056913933,2.547906619192907,60.71736953194669,5.499241068998719
170.42620309647455,8.07180007100731,60.903082464928175,28.927740415443942,5.7167614333784815,73.46070680296299,4.210416106554919
176.12246357340754,11.934633431928408,44.0483910281109,21.285146713911697,5.957422294959242,77.2413499387469,3.588594805728236
138.38853858905105,8.52438051719023,58.0384089552628,20.911558759841004,2.050270384196971,45.0,4.250398333909545
220.45921729867996,12.430975533152624,49.73616258722268,29.33414676766048,3.390345008919568,47.20203805406919,5.068568528723288
92.25531951153916,14.807338685202703,53.41418325735136,30.418272156772808,2.7863103741869626,77.7338489570483,4.068656203245289
170.03994723563022,9.427907633978666,32.82194978783077,30.507340224496147,5.650735891318403,76.2389170517448,3.680645155702067
141.20778211305202,13.04159258444806,53.16469323866717,21.250441403206725,3.816197128939507,61.56399337676406,4.94515244152725
142.07461629141076,12.260036641984076,47.75092929365038,21.39038665710614,5.1703453970755255,45.0,4.223379823329262
208.4708428892406,12.03586033510808,48.60974438001029,38.62092364636304,5.417511750966597,55.30958082851485,5.709644903317457
205.9752736524121,13.797762211975254,52.86890887760238,26.678745901643133,5.498102115831756,57.25574042807586,5.40354901398756
242.4674144723231,11.472642487546327,61.87422441709444,37.11616483534223,2.224384534917349,45.0,5.3568100091681945
134.82057638416788,15.849614587140078,61.19068361221223,37.89422921957628,3.666861000227884,45.0,5.194173883114399
85.68800745959209,14.735218835492656,50.55814217042098,24.56549721832291,2.35764812047118,56.1044539385705,5.383664761205667
206.65634044730163,8.2432144861292,56.63817249193987,21.538797701839467,4.252744318975106,53.44649201448559,4.477306472636708
113.9645734184506,11.150029172428397,57.5280738945101,35.366255836665616,4.451472186165731,45.0,4.456670454476415
220.37013399109037,8.309154137463054,61.48661120594646,30.399762554430666,4.025778907423302,45.0,5.039505254632108
113.05542618967348,12.845336481264296,61.11300379470485,38.42701299212649,4.569936640319042,86.3150364795811,3.381456251578223
142.85954836160874,13.99054072489634,38.58375732513415,38.00969879244628,4.64263327925982,76.83622494540391,5.380870779991448
233.86857232127207,13.847130808557498,45.29913403808292,30.244688330577247,6.13922699312899,71.8088330568737,3.9587238662084334
199.86089303152116,11.826557572180274,36.89120592868404,27.17525139567472,5.796545736364891,45.0,5.770603949737216
142.37880892153044,13.982263320121213,43.00177349266468,37.7637609792249,6.342791101371776,49.446900092627786,6.185313632699872
228.11671683590345,15.369253961124942,41.68706559054331,20.977177276332064,4.03367283094681,45.0,5.943590085143082
230.54301111865317,14.946947944207404,37.38748527138336,22.917062928480117,5.260359906285956,63.82406594530183,5.424136753555709
135.8520725283242,14.188992344543838,47.46865629798473,21.572288740441618,3.4182585061428536,45.0,5.736585410749893
132.59950313326013,13.3288114385966,55.537094441949904,23.177605927750665,6.1860468407426925,45.0,5.448516701180978
160.23080738971123,15.548054391980736,35.196100253777885,27.92854996457462,3.352031166004518,59.7456294349916,4.973278452206961
87.40482335140595,12.193728631710544,34.86565004781061,38.8277895955864,5.14858096041329,61.653987943473744,4.7961836354716745
241.92264545081292,12.504178425731798,57.832509232181046,31.360306307526976,4.887147154475102,45.0,5.521221519478225
126.81250355951228,12.20256922131372,58.94570308003609,29.953896478633855,4.458790847991789,77.12429857181458,3.2702234371346868
228.9459138103711,12.82589371362921,54.99447100353776,20.862464488364783,2.246984453505553,45.0,5.1998280003229365
204.56962724036129,12.981380195631743,31.15568004183436,32.66939019629584,2.871621087165032,45.0,5.5036640710202445
142.8954384229691,13.344928841685068,56.89586260282341,28.938843882053256,3.5356314699076075,45.0,6.089285151177393
92.34614080482731,13.46070837221734,40.79306255471551,26.24709035179084,4.335583371925047,49.625951636137714,6.224224178748326
220.3321015014844,13.478301011813356,60.54174428371229,20.05407813715677,2.017840845342895,45.0,5.680571184308781
182.425503569795,8.76009491719888,55.00201239924263,22.70521344838964,3.6531321602385063,45.0,4.961054290065809
173.18658935045252,8.683815351284768,55.34798253949372,29.04906718532734,4.17084796093465,45.0,5.2281709869517
210.49717102338712,9.547458059408491,42.91007359481685,30.02519353095493,3.698965226427688,45.0,4.255439873964136
190.36869156176212,12.73507269348816,64.1185615477149,31.01343208871468,2.014445574401512,45.0,5.199488114363289
154.1536048982462,9.557103122357136,35.00600013589691,21.4259184387675,2.0949527490796616,45.0,4.97608775306645
184.3909165189998,11.712966961381897,43.36851729384691,33.40746531896394,3.315271369230714,45.0,5.377820543047376
156.32053205999244,8.268243001954495,46.27561946871676,31.58531858775203,6.12415222009019,82.24573493269911,2.92891116056036
152.1491145892473,10.619966591177857,41.593016577888775,33.027118614816544,5.2866721347613135,86.3897091425838,3.5302986892006785
130.3965348153442,11.441681159579698,53.5918028982629,26.538259025074204,3.210549476986181,45.0,4.591644130272982
194.4531516732924,14.17530049110183,47.19491590151937,28.3562012117336,3.397376179997861,63.18988427163534,4.873106889572323
165.9699777491344,12.593383727874244,55.698065128771205,27.78471726844465,2.1708459574595715,45.0,5.358840447842251
143.0431067188913,8.327777038444108,30.687361467256213,36.763550926583605,2.0804581458703177,45.0,5.106323942630912
222.9630518081039,14.613435414978923,39.13051486553559,39.20669135422254,3.1150347620866112,66.0825342357829,4.8680802705515545
226.37705749726413,15.615074750777664,37.332283051701474,27.919709684949776,5.694975045579377,45.0,6.645323982967035
108.85380808694646,8.59022981412957,54.861413447833385,27.18549708724588,3.4218209309174075,45.0,4.725761724779048
116.82020530993876,10.382860344972997,33.726240556898844,25.043325925291487,5.376485397380211,80.0206360292566,3.8495992518586433
157.48022631811216,11.75969617413698,40.72328752877321,25.78401915342368,3.3165942496114686,45.0,5.3995469919953685
156.39789681468642,8.025501016111175,61.81691223826884,27.42593279716617,4.547844823133282,45.0,5.658566779273009
80.31103855378004,13.014245495668616,36.90762019771515,31.398605582118428,2.449868791586822,45.0,6.093693295953695
156.44240009283806,10.11147459061509,54.303175409426615,31.8167866487898,6.485861725364878,45.0,4.934051879299628
123.33128795000572,13.21178884905778,64.25752146218278,26.38966967905411,5.579634988528273,79.8439690673966,3.6839671738909967
111.68704309110444,8.585081543197143,59.52842305289219,35.543442353188695,6.1993340148077225,53.92683427973943,5.419416393301998
160.09476936508648,12.762994767818736,60.74607847341478,24.418165361591072,3.2604379162212678,45.0,5.6171836099576495
230.65140305676988,15.960859762543858,48.776208670540704,35.194329819876934,6.223674883969634,92.78267161794064,4.3686912504342805
175.85040694088536,9.201317965782849,60.28403520457539,27.78149249163662,3.420568866828943,55.386904343630135,4.969500020428559
143.30749854834065,10.370870576713882,41.48970162940772,37.34435734951332,3.604437937403058,50.98468591151395,5.282262705091067
182.4188905529702,13.604681714529905,63.91861155068648,24.689850123307423,4.453855701302381,45.0,6.30275026730817
136.4884715179094,9.0766663544271,58.33771420265762,31.328073468022453,2.700589929162413,45.0,5.076244125642709
231.3066206104409,14.511139709768944,51.78437858552759,24.071896033553788,4.666332660583985,45.0,5.4282456967411
240.56974934569783,13.930905894640706,35.64008481889725,27.02067963857268,3.0514353956939155,45.0,6.626333164980915
81.80168563038879,15.23945034179692,59.05767513418513,24.12561441315212,3.004119786063556,45.0,6.696710824509735
98.80539604394993,14.38180322775834,50.759493590755056,26.99430016856509,5.2136031655972825,48.8778980780538,5.866599345885904
93.7592156217844,13.42229952379036,42.811320869492896,26.73821630400221,4.763880942095508,66.64647687125654,4.225466230733263
214.57714315113043,13.147308003665604,44.6935788787584,30.265031969963072,5.158267666630596,49.71721930760371,5.327602747949189
94.15803709797405,12.18496468917998,45.16815133936068,22.211054776346767,2.267532656995655,45.0,5.283659803700651
104.24960856868628,15.627496659924663,46.7604236892464,32.23090458865636,3.8887213820113296,97.38603162677522,3.723729749015073
141.81290869855312,9.496059890713385,62.75505314004668,35.57006016477135,3.583103656318819,65.41513282130511,4.130246597185932
98.70180314723297,9.792835706647033,35.790957008514496,29.37087360555111,4.890012021466431,45.0,5.60214434982216
143.53678762011464,13.016227230022348,62.15379619741167,22.11840315511869,4.5986080718645,64.65341271887488,4.082084629891631
116.73250591775329,10.57487875375281,58.15380446772454,28.508829626027037,4.216649940232684,72.84709688492433,4.528772439698491
142.71975197047533,11.705916439877974,47.93117217214231,33.76123069699546,4.2493058753859465,45.0,5.152496939866987
247.1917562007264,12.007072766013238,33.64104653487921,35.04291001127035,4.214130188603505,45.0,4.922735480701084
159.39058538695244,9.159582429227576,33.42841632596076,27.266742277092987,5.227382809939552,45.0,4.675942064895182
240.3690144959249,10.640981524105577,34.935636939153696,25.429783507961723,2.908873401988281,45.0,4.7680832937034605
216.85247783596836,15.296930919614644,52.88001239672808,29.801986570657785,4.073993113202133,45.0,6.206714725995493
210.6416165346025,8.605525243286058,42.73266271006707,26.470396629640245,5.547263977821545,52.11424055256755,4.586421806648368
124.9549949946588,12.42068049319527,63.829696170037714,29.448881583514424,4.53715109307746,45.0,4.973443455660237
223.07754899980011,9.14460426203516,51.61758298703415,32.15297156245395,3.2118579787269907,45.0,4.927651002582351
226.4302064570745,10.84020325334624,32.271746211122846,22.380997324568582,2.354326775658018,45.0,5.517078303646164
197.21558042498776,9.59765299757452,42.2344696764516,26.0046923763277,5.60885973658702,54.71161845194783,3.864178819236768
194.157940377224,10.9613331411835,50.77012954314,31.75529235399136,5.282210467237,65.89518376310465,4.519616723861879
130.46445377113133,11.176337971929197,62.85187402783036,24.92735222965498,2.3535117347719585,45.0,4.5213326813641626
249.372378511382,11.16641998816094,37.9639674688551,38.08334287498194,5.5424914400443175,53.65601248081777,5.101434102148203
112.80747950996754,8.156852176883337,54.46536915301761,31.976547705760616,6.277626318129892,45.0,5.534383903437131
174.9797528720468,14.147238345825762,54.61166845645347,31.113734386567216,3.547739928720925,45.0,5.255594085274597
152.94324998603037,15.855250791666744,41.04828298760474,33.00888365193941,6.248610422027048,52.05515338692426,6.158144584850557
241.5274599960053,12.222007339913606,42.249465272882205,24.60656757329859,5.700077263725671,45.0,5.434079045817361
114.21534071112548,8.77515500686892,40.38279505451516,20.875222113582616,2.0542334925005443,45.0,5.5471859410347815
121.11792491330657,15.998978679287404,51.3449935259808,25.250500551648813,2.2048316382884607,64.89445881402682,5.512990188863271
99.5734769508943,15.524433869945508,32.12477815068019,33.214382891928906,3.360172472512972,45.0,6.426611214328888
237.3462414752516,8.536195164692314,46.85769745388523,22.8693754963523,4.000128947072,50.62252854827365,3.9531548312130873
160.28829208255524,12.173965681810756,32.18489795632879,27.966388032617694,4.3797196703404575,56.366012138482766,3.8125761027664686
232.8568629891011,11.030027117868038,32.14590439227535,33.05736486829105,5.339141588453941,45.0,5.71167760009597
173.3001349571602,13.14048416638664,53.4741578708745,34.792609759353205,4.397674830102543,50.98308450529083,4.975731897645378
219.22570609999005,14.697804602135626,46.03173729023602,28.384755887291,2.309344887959825,49.00633788910409,5.433452083293302
234.24901506401017,11.866772825204611,60.39568274667529,27.441083249846496,3.701277377753331,62.71446134175244,4.305606200777962
233.23096203589537,14.495189217265496,30.628760743256944,39.24228087918869,6.258907231846583,92.60204370137645,4.017996192480398
215.49622418318063,10.335707789673378,61.29221455413962,36.393665383491765,2.602610661870642,45.0,4.634718273916249
124.59239721686144,14.693622288608646,33.40201064484266,32.12192551816041,2.5440400311743026,45.0,6.301413042350944
111.79019835968091,14.66767527621615,53.3837607295727,38.10495994622103,5.914949571511734,81.14827926572441,3.857348415323184
239.81587072449165,15.958266104815628,49.76405266416525,27.039685296083007,3.894596580022768,45.0,6.560548871194024
211.03392479113305,10.942810734388033,51.61432130911136,32.86022330955554,5.032468221599357,45.0,5.452614631630241
191.786931737582,12.257559237509309,37.6442089101459,26.36696201509689,5.057830284166844,45.0,4.780550313961335
161.5398476309929,11.029725078047504,43.7818247214268,33.17115793412388,2.419165153429456,45.0,5.438254540243422
159.9599122395266,9.734939573509886,31.103778624694527,20.258222763882586,2.006426462547254,45.0,5.823246332097559
212.55361703465968,9.801855497272893,36.40240196594475,34.80928035815374,3.779699172544774,81.4283331649341,3.152105004942192
139.2211458744385,9.985782337470528,38.67459362740478,33.25608488456794,3.0688258357983136,45.0,4.533813729571607
211.66597616118847,13.72128964874943,39.06595125094964,23.338969921520725,5.027457222026801,55.78247704367823,5.237232123942508
82.63483974758272,9.83305408311266,30.379321889060435,35.666955855799685,5.158683501216443,45.0,5.371966594556782
235.81026531255685,11.239574644462987,42.98534577331546,30.392056502818807,2.2913208729467462,45.0,5.356009484055303
192.3340754658285,8.07603451305322,60.91006796164277,26.47366793043913,4.724146512405332,57.3761415815565,4.888835514947565
80.4940483842453,12.811714189774218,43.04330268741218,31.796101110101997,3.096847342589819,45.0,6.032514245137058
154.5506850698403,14.257736821671298,40.01643047109067,32.59353280005442,2.1598213695026045,50.38528347167004,4.774911412668385
212.5692440538172,8.560562911261238,40.78516656178064,28.539191856201327,5.316334366260736,45.0,5.895934551453944
237.72259597406645,14.668168151912544,56.906740135356735,27.737369155193008,5.945176647674026,84.1340706474822,4.463152293247523
138.50961764036725,14.686875721434568,39.8156004864018,20.66816994286218,5.152829641396254,45.77703169602744,6.010711304538486
141.25643163987692,14.530595921232006,32.276802447203494,22.54321446590077,5.172878168559633,64.21790368637093,5.391144927641488
218.992765556826,13.708514891950074,56.05931952894143,34.75911971221444,6.274829554151959,55.25559665792148,5.104504602258924
236.03222075688063,9.659567591759542,50.00384726676632,22.53111987668591,6.300681871777753,45.0,4.519707918910825
223.55637936045173,12.929082887086814,64.8309992079609,22.34261803544082,4.338996330956961,45.0,6.108823642630705
193.414389231954,13.48574043705474,60.91455532635918,20.16518109652956,4.357061953139136,54.28760861204258,4.304000293252539
143.12984245653274,11.585060775583887,39.079308804281055,33.80901131540198,3.29124899012933,88.42167966424661,3.320547681866613
222.60954209136983,14.040578388158517,31.096122444013755,31.59344450900185,4.953202861521374,68.9799504339546,4.039103862222504
228.71311407284372,10.32616925708707,54.89603502684341,22.076560717478664,2.436589298441001,45.0,4.055539195606727
84.1237125019848,9.100207701938968,53.87396343243944,23.93938200015941,4.57270554631638,45.0,4.734960650069906
99.50043286573116,9.638233254250707,46.64176736214419,23.278353839588217,5.963468211142281,67.26597988198257,3.815827194051372
97.9640778855051,10.215014305638489,34.02065606875237,39.35145413120906,3.622259386441099,57.273882740841,3.711613459839196
185.1801060302681,11.596891838831114,41.72163021712626,29.63355627334591,4.981354118923024,45.0,5.501554042643837
164.5186244078852,14.741804235271491,42.3545086664643,25.27480688587159,3.182979983338817,45.0,5.746374967873454
184.45343449052947,14.755031286447666,56.95575204537556,25.507412681075607,5.84990872049392,79.38848800712097,4.337534239560487
147.94598167146603,12.779056986088,57.796464962217726,36.44668922958326,5.406365186213328,52.29347630206937,5.707025987355578
107.85971858889044,9.824782876847475,37.78170305905156,39.46095382756414,5.370379676757798,66.75358968828438,4.250214621934744
190.12664231368484,13.11400680328757,43.68300218751396,29.079872807104675,3.9851026362149486,45.0,6.111784230545917
206.0898726177162,8.533468998913708,63.85377129737206,28.848338740412625,3.876258285701677,45.0,5.617771395329788
169.8991036102291,11.164107297254294,44.01840371516138,29.343823806597737,2.9090495271962378,45.0,5.28466918760089
100.48659978003342,14.11959163222702,34.75168942357117,23.834850887207555,3.615042735988668,45.0,5.570160916319072
106.42794618969585,11.333998340417883,59.00698344800091,31.06652105354064,3.3273786199790143,45.0,5.4685850668083
193.90656333354195,8.464172021515541,47.92501973803122,38.79600246362229,5.086984254706064,48.54517774912884,4.95486426679844
138.35280673955904,12.92495668384736,53.1420996573226,36.92008026916776,4.880152785868142,70.59860580044503,4.342642493645058
208.14080640558805,11.784865478543937,43.82240372026858,26.361975838744893,3.413436929319911,45.0,4.442545750180056
81.51932314271798,15.227985854968145,49.499666161859935,38.66771643325809,3.891879903181412,80.17331022662592,4.319078331572314
187.6803460352544,14.685766188633604,37.6784850206127,29.07022538635544,3.087753815784945,46.805770651622566,5.462238621353318
116.58600563904228,11.194856994251452,56.993532809252194,37.64806827092918,3.6169457742981175,45.0,5.392470809303047
221.82761388635575,15.671594597639576,32.2319270836187,39.95907643658778,5.033307308731681,94.78619798247482,4.5684439602890095
183.1639219185801,11.439867284081174,45.25673555045978,29.08473319146742,3.1063299360065333,45.0,5.455523456707823
246.0535876401046,8.31611151225588,46.49188754030219,27.43002079637052,3.276141595786803,45.0,4.699891299914977
168.05194335378616,10.923741654304369,36.41894358806606,30.12669502097964,4.867046047026115,85.42521260241547,3.056082688905324
94.87073334808034,10.983628723587,56.198364191091926,31.69380396771853,3.1786415018889245,55.09850994814577,5.28714325254913
166.2831930677337,9.585059846482736,64.77281757100631,35.394052797822944,2.6755372135184983,45.0,5.204751145775633
149.67974460501358,14.55129159037135,34.29616609251733,23.57922520963716,2.49490304814313,45.0,5.462402731148719
117.60262821732248,10.559216106800372,54.10015147107249,34.43164758711071,3.5927151146695167,45.0,6.079723335859457
185.67615244255785,13.3454051754508,49.129817629859616,23.54707634871517,4.66034420830289,49.29159297697934,5.374441228092253
110.34434107716052,10.419198353341525,39.5676379337768,34.23527260395289,2.18950734945784,45.0,5.509454183540168
99.55469672162133,15.263274829644152,43.63510061009538,35.91555847980314,4.298142937737403,97.41088197775971,3.6904720519003376
119.30730855082528,8.283296030135244,58.95052598928056,28.409611392391973,5.210377511911764,58.75610238647722,3.9405740199453674
85.10733022642617,15.015599810895123,33.30519113007131,31.93767791930173,5.351398273531046,72.21197634422734,5.6764270040961975
116.85090579020388,11.38913487376007,30.124589406716,37.927451334304905,2.44004354222504,45.0,5.242233923962568
246.2741506873878,12.12224110123472,42.133616598196994,38.06113669418247,2.867497254499521,45.0,5.57569204367948
104.97939346050244,14.53831714806098,40.866422133396256,20.83338361789343,4.939697579073758,88.55487566043242,4.313131604031481
203.4952086493502,9.255449067938276,46.38485486223679,32.19610912414226,2.3361908505329696,45.0,4.618181262982805
154.81758209407252,8.49303808863283,62.572571564636135,32.98071303725933,2.750035080215328,45.0,4.471334837483688
176.3121515531126,13.492999211452071,40.50162835866713,35.69956433810736,5.796928193717012,67.59225960634569,4.19086172436448
174.21542576364055,14.239300392002551,45.92968638189547,21.724040218192982,4.64843392770579,45.0,6.477494604759183
147.20028156867295,13.822287344860737,51.45494485549398,37.91822010240045,5.512891483450959,55.17968565044398,4.550332289990309
119.05840788280231,9.34955487058659,47.21779410051057,27.48944972355394,5.322461714754158,67.4668683338134,3.824120170897424
164.4342828210309,9.590854032179324,41.51084421449089,37.5667715474808,3.4588026380817416,45.0,5.220435906168101
243.94268823234307,14.35145680936806,58.733284545851824,32.44896783978649,3.68240049143825,67.50256643456626,4.777729887340518
232.2240193277444,11.34324883920084,59.47779233252617,27.76610883569657,6.354092417687149,64.51524795825652,4.064339386147955
242.0547998967828,9.108565875503196,62.862408758594974,21.209619150878307,3.915742909648265,45.0,4.57195562809569
115.79961632012424,14.173482942550024,52.35835232842676,38.508018710345695,6.095188469093741,72.6015366352013,5.294393032906653
176.2192218111815,9.371423074827025,59.96744012501118,32.299766083451715,6.488049394688753,50.01897572282162,4.879424672017801
131.48679383648908,15.038983882950784,43.39727295282342,20.01899125500275,6.302975815396673,95.6404607914215,4.082525750656548
169.13465416780343,12.70599595026447,64.00948977950563,35.20236210286066,3.631244877253071,58.05264128672756,4.695817201045841
145.73424596581742,11.745561943828458,42.61588538580071,28.954838722980767,2.4436219080581725,45.0,5.532335698412062
86.91858940045582,13.092068003927071,34.99977031603072,25.4752089710327,3.1885153361385745,72.68518622086042,3.832963008969079
168.79983853507173,8.608566917580482,46.17827343842622,27.715836213231235,2.1366126400365903,45.0,4.897290830022988
178.93705129351787,8.792952472148382,35.84911638562273,23.666638158538788,5.7287667857858855,45.0,5.340165970594171
101.11865043255504,12.662925692530695,62.6599276779628,25.60282232635025,5.202634906415087,69.62292823532043,4.052593295258188
84.59967887304188,11.974215500849432,64.50919617066387,29.63636735701901,5.775063491619729,45.0,5.922331715809449
99.89252573227836,13.629190119482027,54.481080009641815,24.193353438357253,3.141079077843049,45.0,5.832959234120791
237.9208449353182,9.865152255855012,62.74849693556871,23.21999856251619,6.148393440739477,45.0,5.662020396951149
227.8820741125957,8.610819784349413,49.840287298881805,38.078000966773786,4.886172322931949,78.72371100493135,3.686698916300264
154.10004536459533,8.16349005505699,36.39563801194261,20.507776607305725,4.438969718940568,45.0,5.133105677252007
123.63684669146036,8.671338046570659,53.6196378199853,24.31613885441159,3.149435613352193,45.0,5.170819297514227
101.5189266858135,11.90732480716884,48.13462649391819,28.51060976202092,3.3408899357527675,55.01121934850003,4.793364477236879
159.55690063026114,11.086275413242957,33.48764940487785,23.46952229634138,3.4025873156155555,70.33664934209925,3.806419633056729
192.59913525552156,14.517882619774117,62.70276769018704,20.18004345224096,3.177701595914629,45.0,6.41444154521062
245.10946636089608,14.460409679892749,59.51804728434604,23.81413069117756,4.687867739596259,45.0,5.305856649434692
163.14615146137993,12.042244017735642,60.5080882049728,22.171018898613653,4.657982696385152,45.0,5.486056555432276
207.45119383718423,10.784710404806065,54.36996356814447,25.67982899234385,2.434498588762928,45.0,4.685184268345303
109.89896542334424,8.783635454556892,56.97454508392511,29.314784146774947,3.3580476761035234,45.0,5.710210071235895
180.717054674126,8.465715365554594,48.8828332948781,24.342001681482323,5.835363037884374,58.80248372534176,3.931197866576445
177.56131023833797,11.03882195611453,41.89385450518103,38.658574029942415,5.102006197943965,45.0,5.628066230973911
207.45874667656207,9.519101233714569,57.02861301476972,33.72606584832746,4.889112920831682,45.0,4.138295950871046
210.52082375823227,9.32700198874145,47.92129916880994,33.15755314354905,6.17806815245009,52.13403498156725,5.215135957506449
113.42249495843063,12.188050566241156,49.63387450956975,26.932319122010306,2.6126039111783586,45.0,5.875360651865476
200.1633067996034,13.64470679325915,46.51354644074918,22.35244307642436,2.3915008958264297,45.0,5.302499807945052
181.82891141361063,12.719934496540253,59.75563198707556,30.73302700480674,3.518318587636124,71.48313802204211,3.878767483078542
92.11205324549633,8.404331105382017,62.52992959452061,25.123682105864606,2.3730513274392804,45.0,4.751425462213421
84.24773228471045,10.926781194166397,62.27241098348088,39.16394619776688,5.055968649721475,93.64844835553312,3.762304516230661
88.31157467858326,9.243729184510867,37.53708195993836,37.98634948102357,2.084237773256528,45.0,5.667633941883016
184.54741563324467,10.814978061579286,37.29549097810044,38.59369910998649,6.377749843600557,75.78778518042644,3.4010329821785943
150.82282103911427,11.62947079308149,41.09029748875156,38.74151572909111,3.39483476725864,45.0,5.469863849810675
103.818510574522,10.227166072967286,61.41738665059606,22.87947349332296,6.057685429992885,57.00885397024087,4.3297454889918825
136.35822331936373,13.484765231400589,55.91731492733395,34.95103543648166,3.70427737876947,45.0,5.248898664585255
225.62873182634016,15.593818818864024,50.02678409993773,21.92518633872801,2.1302378161584903,45.0,6.077869943375344
195.4921309386912,12.024707300075704,32.740464191710416,23.483189307014925,5.073509924108658,58.761131116155376,4.121255228610204
244.0111938162941,15.75486318167328,39.183457723406015,36.27779865188566,4.819735615206902,55.95241928991375,6.01350504254683
134.2803332117847,15.73237118258332,63.30379608595417,33.53150996408323,4.991077113402588,45.0,5.858922642448146
87.00093967805175,9.254690315003224,41.16691596353415,38.341272647850005,5.832272239580409,61.739075245600695,5.036970879715122
118.25264440371636,12.246263848639163,63.9103496668622,31.87037452681203,4.773064814762316,50.45573576177136,5.247962297134027
224.43668847862068,13.81544644014594,37.49768436082921,25.528349502359735,2.305662128864556,57.27939417714174,4.68581522431033
114.84987442248254,10.363242492169157,43.85588332162452,33.31228241390436,5.8952748535294806,97.6672506916514,3.488462488569774
187.43737896645277,8.484154533672648,64.92705953384689,32.08467903069666,4.776532953545445,45.0,5.385823299448921
226.4956371809987,14.774035953248005,46.62715001638709,32.723966845468595,2.89699756074392,64.2817215225065,5.271982965087683
89.63229696522203,8.923671424258192,51.03871912262845,35.515042741355394,3.751445838818992,45.0,5.562286236979782
106.07842715842084,14.852875273088276,56.1133968702602,38.46447238096583,3.5203475734313345,45.0,6.458163615763503
187.0452996643612,14.138314419434312,48.15282060251238,33.48512919297623,6.31126518737135,45.0,6.567059904477034
117.94088303659078,10.533429235383448,63.51709576059137,24.16978857436336,6.065885318134538,45.0,5.086826154615556
85.20636898807587,8.770003546948303,33.67557914235363,34.7964561478226,4.358587350692583,87.75625852751918,3.407239370113379
111.6153091286419,12.874412854772531,37.01532689234939,23.818136020782195,4.1822003510454415,45.0,5.895768625805877
100.69742917456053,8.195281322115083,63.12351821452436,39.20773834689903,2.776504967057789,45.0,4.568224984725679
249.96873468098968,13.780574200030124,63.59234269021365,38.73184221586342,5.5574504672930365,83.69752145541594,3.672998884252887
233.263250497269,13.58190851718285,61.50359339618668,26.540332757890468,4.0810454875249285,45.0,5.560643101984509
186.30084597773092,15.156506152569122,45.75175854481498,25.526164477696444,6.101486401632227,45.0,6.556886844838848
149.82954163905865,12.078675532659902,43.51435814091355,27.285053684902746,5.685564999334117,52.61279800236736,5.161163711927076
205.25315593864025,11.543705482839805,35.95330742454857,22.99228355028005,4.225277067704564,48.09355643029043,4.166183373637559
195.27067032175847,9.942152431912175,34.0524090174248,35.099431269899284,2.848751002681193,70.14187729030213,3.3994099227019023
166.6029267700241,10.861346570607813,32.17878312024927,21.742895072318856,3.273917471017632,45.0,4.852351739193539
248.37533198834703,11.283113145551264,40.467306532703695,24.304096567008877,5.64638554756305,45.0,5.493133759876933
171.98804264503354,13.17744074660379,43.98121311901872,30.306193775221026,4.035404026081626,45.0,6.128718300789767
240.1022863989324,15.769887285681609,64.88830486332532,25.937716903757256,2.997376880637987,45.0,6.713989709381785
188.50308786384423,8.322480934350738,35.6389659578896,28.05866466904884,5.64233572496136,45.0,5.222033283324409
175.17956229071223,15.34345615298322,62.90335978530603,39.6784267709677,5.005338936020028,72.45326401889297,4.8409199462742265
149.51160108711275,13.941209323545795,49.681026177411965,21.575576692191444,5.1140710665828,45.0,6.030694974513166
121.87462276342708,12.447310217280087,35.13195779212195,23.779840211132075,5.987058666908197,66.5214796413344,4.136225774701096
205.5621739272133,8.291936599572535,49.17272983022741,29.60306776150448,4.954563952183405,45.0,4.396640991726745
96.44509462620972,14.566302995324262,59.4240380355978,38.35666307104852,6.069035176902704,92.86030085289606,4.548095481963071
220.050996155542,13.964731386585552,42.12859477524368,21.61493343936518,4.662525755713173,80.52044942617331,4.284698466448415
161.94856679411458,14.501042141664914,44.62053972715616,26.49755100232905,6.007613304435653,56.73087088210531,5.037606439358783
191.39578343754832,10.466128313960096,32.01435706131414,24.31284929717184,4.398444956983988,47.51239029490857,4.201087072880463
173.59353013971318,11.031311477916304,33.798391627177054,25.354254958788797,4.3202513312265935,76.13459885691356,4.399219725189167
191.20831382159557,8.71290142086136,60.19090855985469,33.216372867493035,3.816575679163472,45.0,5.330058445644308
97.4434880499682,14.23521929165488,31.91016124154276,23.194536665381847,3.0599162651267973,82.590278291633,4.218071024708622
225.65784278677,9.263726744610086,34.056487218204936,25.77119737276089,3.492635028343465,55.87625401813063,4.413715210783119
238.444806662874,11.098167524466898,59.52483076396052,23.06728943152738,3.463019861661607,45.0,5.285707407848135
129.43363702266984,11.074612842046118,39.92991353041376,20.11802990896609,5.652695485739015,62.983057031597966,4.81732405607916
210.3503999909965,8.13058682823075,50.695711895798496,29.62121677675625,2.514662284408117,45.0,4.973401670349955
143.1532699407927,11.90562194790114,57.340697921447976,32.12714753509961,6.166763278677054,73.50833930939021,3.249863337366238
115.59481984923252,11.444286276521662,49.10426730047799,25.240339459149386,4.899699437976972,45.0,5.7233907378382005
109.4315229827818,13.516162102996953,40.454881789124414,32.181445775835286,6.23587695732359,57.41325261154618,5.498231373625465
163.98388851483745,13.289886485749136,38.456949101249954,34.32101830526128,3.039445592040341,74.3787964575831,4.0524057594244045
186.79848107288055,8.209569443937502,59.66789929822694,30.0489731601065,2.059081492544882,45.0,4.533845146835189
184.4973736692159,10.99921204316972,34.784702632744384,28.487880959839824,5.078910121436755,45.0,4.269276722185193
129.39829916985676,12.164413329053197,42.8941056334307,27.95894721096894,3.4064625852135624,65.79348059684706,4.06839805003381
134.8538517981026,14.202067091492925,53.909211614976286,38.011464762582776,4.074727042252739,54.79041703689524,6.082250120567377
80.46895940719293,11.6434753761166,33.115712210347844,23.0039676221176,2.200569261192363,45.0,5.529293583112061
226.13319336095296,13.758423890776182,47.47264844526804,27.95544576509681,6.478856511410151,86.47672223022411,3.835670970235205
231.94157775328267,12.016132726237371,51.03061766149259,35.7459750215503,5.877267579095716,56.76036886265911,4.8704437634525215
140.4569525080116,9.261444372335182,38.33589128079231,38.85613503485149,4.65460832727682,47.74554517038588,4.230682721462644
115.28716996288858,12.628639532339593,59.42013868228294,33.24914233408908,5.747802095786177,77.10253574760951,3.553203823591061
98.46801989593315,15.028928490444734,36.60233748986785,25.884872956228243,4.430051794715164,63.27435575096098,5.01330516722056
216.767034939352,8.732703185193959,41.91147047777236,37.68520505008021,4.442562224429013,78.29796109032394,3.249561760637279
166.759508011919,11.74050243528637,58.54682041216221,24.55237104015056,3.989088803547729,45.0,4.377295692505104
178.291696703773,10.92777005111786,36.98238125886567,30.804646726653942,5.674373651321787,91.51239307276188,3.5812668681230044
109.69138205461024,14.067279935281352,57.25367652957992,35.328472098840976,2.2579425287392167,45.0,5.887281571693999
137.3824083114964,13.076668781598446,46.87359021449163,23.361399052480422,2.992442396428763,45.0,6.095304340458021
97.6954963708004,13.9980050621668,60.138616373697246,29.358158415368,6.162527423465119,53.44944976339392,4.693254973593497
151.29516002557608,8.276072551130449,43.34518179147252,31.30873907763406,2.9106106639935656,45.0,5.866135591626389
227.20122521308855,9.745624265636462,45.81484952090847,26.19204067585655,2.9796924091967605,45.0,4.829380947778677
167.41434556824356,15.101192549574389,34.730085520042906,27.38001864820632,3.5794748086239494,46.15872966238332,6.713954805691992
148.86289814935742,8.955688729586265,40.54803259648477,30.27472876978095,6.465575251859372,54.9655128180262,4.833228868772042
238.07816482142135,8.664636753264503,49.24503074405888,38.16382810889586,2.9891896473006963,45.0,4.986350975626296
152.4492091764767,11.232063666749408,39.01473384544741,33.386534178232665,3.6303839606377584,49.1647866185791,5.293577427330055
221.08013289957756,9.560392496666594,47.9391857839991,32.518690258126306,6.008907467865647,45.0,5.134744642114608
189.74642267049057,14.924613002198306,34.80351352526678,29.53810889103635,4.143363489992998,54.18849265620349,5.441875570221845
112.92981486974996,12.084713481631583,34.082186176798885,36.50844452069499,3.373369005582916,61.76820195192936,4.7465093283695845
109.58296655919796,11.338816084160529,44.52718045436177,31.14625573348661,2.708375226612435,45.0,5.829966592496696
219.34799831693763,15.299330442901663,52.11338039268944,35.67356764264193,3.045282856280587,45.0,6.335965437649815
105.78045255133524,14.909836716042255,41.45104329555311,22.541461864390747,6.358725624832596,45.0,6.166154384418473
201.20670051373,9.508354254426006,30.556117745659392,31.67507867298203,2.593576444343653,45.0,5.192716030767423
138.0514971817854,13.0290069868412,48.08297479326116,24.834283806908672,3.688143527037085,45.0,6.095537570365275
165.94412961828996,14.136610005899836,46.65117614231822,28.23636854259811,2.615784521923484,45.0,6.032605481814546
213.4280432927984,15.256241668597156,36.2772847873248,36.95728134957397,3.3302231518084726,55.90046497360688,5.855782272780305
151.05957019483205,9.148124381301994,36.758667488812094,38.0062350473281,4.685896844110348,59.494842338302746,4.715514957354944
238.37899658564007,8.176258357810005,32.36472920072887,35.39509216168545,4.28243769688886,67.76618184264707,3.98442660052104
209.37781391835267,13.269827913998078,61.21852048626093,32.112030218104366,5.352133463132429,77.0608423834665,3.781157003975709
83.6465068312385,13.00991400130826,39.754084400946965,20.607353979368053,5.73472475670578,90.29873245123912,4.130566508633957
233.95805280345365,9.67896169662387,31.337338447395904,25.04153391915791,3.589729776710765,62.5020383427493,4.04538627767448
145.94688142945606,13.334302830363,47.40752767435645,30.310955900206388,3.67411930802286,45.0,6.171108514745649
138.69804990678534,11.01045592870819,52.83418635182806,24.09887196287528,3.5912541469570893,68.11441892083675,3.960440804840168
206.69148106719555,13.534802526102808,44.572910158062015,34.327171130956,2.4105399706890904,45.0,5.868443773255876
218.3887461987352,14.116317902688508,39.70337205169822,22.657710080977036,6.072094424733082,45.0,5.955363597589091
93.06370675574414,14.797385143186313,59.62495939941219,37.46263947849792,3.8199014855577658,53.73898500076555,6.260183457677692
208.61321748897464,11.813237274489229,57.396148562194135,28.862084006662588,3.8416018205747102,45.0,4.539356940599777
209.7765510064964,14.955572367319352,33.368236043147405,23.75542018825056,3.523470491378267,74.24787657800849,4.773714805278909
175.28209197001593,15.819659266698824,47.28580033860129,39.70676038239624,5.520871687660483,87.77585420315219,4.313055688098718
134.18750885948418,8.894318439455086,56.44268424948018,37.30978577797862,2.574987846761797,45.0,5.2325863243788735
105.56493874357196,15.261024230516512,51.55871937003391,36.62810216618556,4.210854305932131,45.0,5.738490647276322
200.1127431686253,8.76773590781337,57.43030356486116,37.44484012332399,2.797829536871079,48.51839512829044,4.775127104143786
187.64584658792975,8.969616597289347,64.20046300527373,26.96952369683661,4.786475829422185,45.0,4.312335000644108
107.22851121627494,9.7032189987856,30.907806972838756,32.4692115597448,5.730695181802642,77.87692101799925,4.073903360164308
204.73890914737444,10.566314647675163,42.7161092118223,22.59883351467702,3.2310078008177245,45.0,5.614425233083068
104.76300410071686,12.328957113589269,38.11757448145276,31.663056849803937,5.588368264625629,62.87790827179556,5.449754711606046
126.13895584325354,8.38563020354501,40.99467741062768,33.48895625610368,3.6831796484917927,66.8088513849168,3.5690166505039205
131.78636517074614,12.757595477756391,62.68658267044674,37.78261474410142,6.118766314834107,88.32268648313338,3.9820104052569625
95.07761454065508,8.334639690737463,38.62668848448376,32.256027579393546,4.493842688573289,45.0,5.550936094624365
85.27247872568832,15.600954444534793,34.28781975512045,21.42910531944117,5.41011632522605,70.31697667055784,5.332768619534801
80.45235929613693,9.103339859073492,31.446471865353043,37.8072206228651,4.048094884996855,45.0,4.3884642867444885
153.8148752838922,13.342280915976104,45.72652444212485,37.38298744185231,5.708523435214599,51.006024283061926,4.776601075423811
135.1379087083875,13.51437674248027,60.61605964433049,33.74260447741876,3.762508698133942,73.34294830341125,4.3005797907198735
139.50559843207068,15.978800949094078,50.82057009917419,20.61000894492969,2.52130112009536,45.0,6.96724185044782
197.4344953655101,13.90312095887439,44.997259561051,37.4270389814616,4.850697647488908,76.89512508121781,4.958356331878844
231.8577468213102,15.333206824697951,35.91299328127934,29.373404491575403,2.3656314102881177,63.598817618750736,5.221285342496722
135.16408388275673,9.794228245512478,61.85018276878469,38.63779088823608,5.5848818651824645,67.6203882661346,3.72499862812922
118.89154854419849,12.333636377391189,55.56433819017724,34.09451070759696,6.280169683322713,83.18806586108421,4.2011405366728525
240.3988925878272,14.29464158302463,64.4770802930029,27.79274940781244,6.1877482682501,73.10396349069367,4.9964133790143945
173.93445700003645,10.269371886383391,36.759546149309855,38.1113937832824,2.206744438071456,69.50769408280513,3.868528348846073
91.330272760133,13.621276192272552,50.53641230082884,33.114118100374995,3.003674905237649,56.59054931089776,5.804505231116488
139.03583005469608,13.55575465193132,58.7451676008688,33.92725421626256,2.666024816141044,76.61837433268589,4.029024846955546
121.54578744017616,14.23203172656695,52.091069633167855,36.768583106939616,2.722832466691801,45.0,5.264709827845483
218.81860363902229,13.592738737710748,45.31066619412407,37.92419769886704,2.9644498513261444,61.73594978625757,5.316135118414136
175.38300674791668,14.432210273994372,34.02033125221664,29.53503656308141,3.7165830069133934,45.0,6.249662978201963
100.1375659614524,15.363902777056948,50.11796139908003,27.698799962941692,3.9661543827315855,76.27736235367611,4.047989554672255
106.7701826251702,10.206413693245722,64.22146039628043,33.091109006449464,5.093911769308837,57.03860235120699,4.415380081631757
178.24568510777183,14.933642296903344,56.9961126908522,37.39824296394505,6.41720368759685,56.51761006381383,5.451493895171548
152.71576650433926,11.609120969309767,59.14344108570903,30.16979926834524,5.976236867837868,82.84400961523322,4.016106777267335
110.2330805979852,8.47525388440845,59.360192328145295,31.299147980670163,2.4457157097820925,49.299273266864944,4.375541881177867
172.45460005750735,14.642700608594357,61.79063780405163,37.05891355609501,5.334358358407823,45.01081781141652,5.419694861006905
165.0790704459813,8.746550355450331,60.43390786371484,30.94032784794264,6.180989067092501,45.0,5.228108213887399
96.34886718246544,10.845770477380963,62.69316697612307,22.501701759064662,4.35765157013039,73.5296329308457,3.729059084984076
94.88101444037132,8.401563402339761,64.63465798164799,26.5061432300948,6.447777914529887,64.93101661404302,4.457527780775935
218.21897848772852,10.492569331180732,35.96555355847425,34.501751200807774,2.2465822354011618,48.300007567295246,4.7457013415677
106.11831189516133,9.379858258981727,63.60941529494258,38.85934088452487,3.1177224928614318,45.0,5.559685560695838
143.90833971065828,14.255424689917303,30.22476646809438,20.68205879117235,3.350020008444117,45.0,5.907196170549254
206.5234167458908,11.692895044719656,43.32645310526317,29.06361319028047,3.699776503711648,58.59368048406397,4.831916286930535
198.6600838516506,10.979372215248045,51.20017759474814,23.149692093104346,4.07835468109303,45.0,5.472719533623811
245.62104435246383,12.69232859420677,47.33919941977474,33.43591347108753,4.49617661916538,66.26238515218132,4.421708417179914
188.1558984082875,12.04977942127674,48.18740225645375,37.30665834831037,3.4427319021477985,81.53671390398729,3.9831165685645455
181.96943924762516,14.825011546399496,58.2125791151347,22.003395793910727,4.891213699914037,50.82065598192036,5.859779021095132
121.57224841833774,14.979172192119838,40.65128500473941,21.80223128454737,5.327011120969452,61.08263642564312,5.320381974020483
122.57587393281206,13.355071765739789,42.23825661436656,32.98856001520931,5.582512796100032,77.69019140137851,4.649688373520622
129.29769598524717,15.97351210509301,50.4135852864035,25.553024938581245,2.10682976504996,51.146910053447805,5.474212085177866
109.3813630778463,11.829628071001329,35.39278040573378,25.96495947925209,2.431029384595787,50.33612188330026,4.929766683094942
124.2340527424565,12.401010375945862,48.995927973254055,22.77825252585057,4.205534342113366,45.0,5.865529646577548
126.20727934568814,8.18616146354854,38.63756510611448,38.749772017046126,5.748490912418332,71.55107324654813,4.589862252948382
132.98359606190132,10.139302541358596,31.38928913838434,28.927098235233423,5.734032363858376,88.01356413647062,2.9099340986539266
216.58859412617085,8.149294226335229,35.20368415318877,32.168843993719214,2.000915441909568,45.0,5.28114265130472
230.1308458449966,15.863097132716897,33.8036831146641,31.090711662357435,3.7196863618636566,45.0,6.585153821861658
99.30402610098731,13.71917284745605,43.05520898203357,22.58267359092748,3.817658987369811,45.0,5.394056527975742
149.24083436058532,14.587847051760972,47.26033590919616,26.038132939448865,4.524851032911815,64.27038788590048,5.048114162308308
246.50284741128772,14.157700581141617,32.80380329884036,23.077218204036672,4.1375210590579705,80.78241831222697,4.232153016021048
157.57154280932104,8.973296094382663,30.4237181169434,32.78820850244294,2.4998636086309647,45.0,5.649789986756533
209.4548007764341,10.981263407464317,37.13608480379325,30.003083200560567,5.900648398882444,62.13787738513587,4.6319274221923
190.4725190379721,10.000080199202154,63.451329397708655,25.06014251395359,3.601507122329153,46.36955201149421,4.815016542058075
203.1088826695457,9.239348905937398,40.097946450242176,28.683793733875444,4.9141350829582695,53.29583907346789,4.183772349844989
95.83914442544382,8.734398069514627,61.08716975612762,39.85136203661109,5.749030138926872,65.82104660584056,3.808604276538937
188.8729044346508,11.352904181656388,43.082299225212594,34.44671956759516,3.983938766198009,45.0,5.376656773803983
176.4757801339861,14.059743115714015,36.17646148092781,28.38716797164524,4.2238087383786125,72.59654799548028,4.552589331317522
179.88621609854297,15.874479153774349,39.782525502508335,32.475262550615746,2.3876334545379336,61.647558708641405,4.7096103174718085
86.66849184521986,8.31013485726879,48.04125650506056,30.158431895714426,5.038741441417703,46.27381375425991,4.348844082866184
99.22403706560566,15.324656161649008,64.13325295963918,23.74403803900674,6.469901528887887,85.53266064583637,4.337500261554514
91.52171644299368,14.969936012312772,50.38332102832584,39.02547789684444,3.962163858575408,81.05189964406853,4.253534751418753
105.3242207276293,14.350078044852008,42.11816985285637,37.49067743682468,4.0838651548889215,58.56207458874663,5.855781494902473
116.88403849538456,14.118848607767864,62.5452656760496,25.959488039885983,3.504273521640508,45.0,5.616503247762439
120.76307895833254,13.297180114555218,41.3117193006564,20.88508588263953,5.567811639976743,61.41736947814029,4.244961618516061
126.5082360864582,12.148701280934317,64.86999481313916,34.352233506130574,5.039853202434738,45.0,5.798245803589976
130.24798266695385,13.891183856037244,43.4643373119022,25.801961235534712,3.0788228257385044,45.0,4.975005929600838
229.44784548700693,12.018600013554888,64.46323381671455,24.93081161567624,2.4417875834536984,45.0,4.8081488831284815
225.1616415366265,11.034237624584229,59.86345779338349,37.53336731141542,4.62353119591542,58.256770162514925,5.002867531410198
140.86414031822088,14.509541698062154,45.28425338889083,29.26310844177162,5.2535560928969485,85.66998814609998,4.03765319255796
134.36782685195504,8.571600157869145,57.86349433190038,34.72251847273976,2.480674783892737,45.0,4.92998549849286
232.767188084414,11.919618520325107,56.68579361964865,34.02676652552902,2.203012456294348,45.0,5.094688913969675
175.82508137669902,9.949682798877806,62.95813678170482,36.624489121900446,2.4660398801628887,45.0,5.566298042398298
168.5442496546425,12.207069029575385,33.38843806755315,24.720458411597527,2.481753225026927,45.0,4.912852843975429
98.74566018087216,12.44270338740384,43.88572452457484,24.015996120689827,6.380059699376645,97.12835105552554,2.689603574975369
241.5735239106599,12.378154597724237,44.89855006915785,30.89613590201108,4.738377571690554,45.0,4.568230144436995
151.3572825962094,12.748677032453138,55.25836832678321,37.61272337545191,6.10494311129208,65.48343474770566,4.900928533982752
180.35325080028525,12.674124037614238,42.66543438329602,33.55072493203621,6.433185277216656,93.5559171544338,3.0583941217050703
153.8330893812626,14.971479414710553,32.78833651675493,33.023223840892776,4.414725499860457,45.0,6.2718737053842855
127.90937436365414,11.172386768425982,52.21563531721063,22.31214236315862,3.254308249942871,51.84365233125043,5.087996955084465
102.23145259286956,9.111967346356645,35.412654978150684,23.16526550818655,5.222671949816798,59.25418154999511,4.669615153177744
158.6706272325071,14.250630809165743,60.75096379670909,38.075591457264224,2.9743307592061843,45.0,5.894455337691349
88.4718937858687,12.34508820591325,55.128316944720254,25.09613547919702,2.6427818792796804,45.0,4.646634465925217
210.05841004471048,9.081700886461435,44.595525860031984,34.95284648468514,5.315179725906459,73.55568170970804,3.892484858455015
244.2474105158496,12.93319413839928,63.95027976009949,26.515505916068847,4.328537181097634,45.0,5.706072709195019
186.4631670719233,15.069286150362714,46.32443009441352,23.69238700825522,4.241849030303229,45.0,5.01496762971451
235.18547857306504,12.385378443040445,34.627251370047325,25.127171151313966,6.260447596828275,61.14053240117102,4.406439920211096
170.75943698839922,10.883776225440307,46.70532549755585,21.71031949033936,4.014154706192603,63.79737926193376,3.723820870713264
99.94843714138676,10.785944080938789,64.74306129156335,27.06817980266096,5.082028809068321,45.0,5.844928504111445
124.29311725687872,15.29292433517685,42.156295655131565,33.77217534495081,2.744492847236204,47.86390963700838,5.831900592881137
99.28647211597324,14.106170683631795,43.57541742718384,28.68587747373376,5.822944971230725,69.4329027335852,4.597119707132069
171.18901315751464,15.705060413477394,56.35115810570289,39.34860440708189,3.780499052449492,93.43872102750628,4.205396084931374
248.45205224290743,8.881828533019279,35.33594504323912,21.46045629759297,6.457718146605784,45.0,4.328691906617025
227.0400844950177,9.443288218262833,60.88274175942576,26.488867314545143,2.161131621050428,45.0,4.880781423809713
135.41353187601777,8.939582826103823,35.14299231451064,25.402862963155044,4.093902570759191,45.0,5.313939884474962
215.0266542325176,15.131978627465235,41.65921831497528,37.44880937854504,4.857441607867635,45.0,6.231556881094294
117.66427262763294,10.866186422005372,54.98824078878543,33.27729684130884,2.047564126486297,55.52670769246636,4.130558595317603
234.0931989181187,9.834374855891856,55.60981763392704,30.86369302687736,4.959763234098451,45.0,5.221430367679421
87.52708955691794,9.113867598946149,43.25971185012514,25.542053330008805,6.189985363571699,45.0,5.310360023400332
81.45700730073285,8.406649980547078,60.62587379067068,34.97393526022606,3.179391039898899,64.78042697403991,4.482375353068668
141.2881011333441,11.097937553006751,35.681200840462424,23.65341808410067,4.831706016775911,45.0,5.164333863733864
156.06458216993303,10.48563171931496,37.64143740250145,23.42485524305088,4.60331708228969,45.0,5.385020023413192
248.49366041961653,13.84830356996804,55.63365064603444,37.96749214439693,2.8085567514211,45.0,5.736353236913057
130.30906777618816,8.043805108605522,64.31511786411716,39.843313163718406,2.1125355433598783,45.0,5.191659330801738
141.7166214799161,15.26675926375492,35.0871217178721,38.807471920733626,4.117419153277582,68.99649245594033,4.574659031500569
207.6158602337067,8.38293361894108,41.94830308976895,21.862460260223852,3.21905476456903,45.0,5.938880685454777
141.01796717388817,10.605476166932212,56.846809027531776,29.483297014102785,4.378271739671195,48.651141786721766,4.378569290754149
176.23929357885987,8.741502839287135,44.00063751469176,30.286139340722222,3.191599511303149,45.0,4.157958442576066
90.29541113149908,13.10232382310036,33.43951890011427,33.465102232926256,2.428765107525152,49.2817243261838,5.520150109238145
116.50364310170738,8.617268758334507,43.75286751350136,34.13004011781837,2.657057345509707,45.0,5.285136181891589
244.0972951133494,12.499996527819142,30.778878982957448,22.015395445622016,2.033035792453399,45.0,6.039030340370809
100.38623175938598,13.417977255516243,44.9512341856552,21.50317105549735,4.6937633258006,57.81708997786817,4.959116294482212
160.36909564933845,15.578529646463,63.90198746008006,33.24722932742873,2.0847241773612155,60.89565847154756,5.622739089560733
100.87644089063996,8.335955085582365,64.18154932545548,34.62081844744428,4.752835243777719,45.0,4.723089766926775
175.95795987260033,12.837356155447608,56.936362923606495,33.924292582868915,5.4746561342810525,45.26514422263936,5.476033103823654
201.0365610494748,9.976849994324075,38.68967591724024,37.547366807041705,3.9163070498339856,79.31145077367017,3.3683248843781346
80.75577569187573,14.567634868157846,53.52028789411089,36.54131575555659,5.6435423418018456,93.65488025926132,4.346586024698592
90.51110154422884,8.69271706611414,55.10047153099448,37.95459844093252,5.72627536067244,92.31604038730168,3.4535268781877155
109.77501692539936,14.248718202932404,31.321374214608028,28.468539224222663,3.848748659378888,70.05371965603462,4.428548021808508
227.4545406283125,15.445635828650008,48.391339700984176,36.66813802329086,2.1225032425922143,45.0,5.251321290446196
209.83307337308503,9.61285232801132,33.47188578813172,26.561930983244636,6.37403364773362,79.5877781920934,3.982632244667574
133.42604956190814,8.204392013250658,50.93237929808598,30.54660864420649,4.1084683519658505,45.0,5.340018424983814
154.82318735263007,13.682849188950964,37.22247737845704,33.501652996140145,4.309492801334381,87.40968364887604,3.3601108203896803
216.97617319931925,9.60418341516392,63.79604074200714,25.60832508731769,4.750363409430733,45.0,4.850575515800108
195.38672482898625,15.2041999594202,48.2674138569058,22.041241016678907,3.3726922007580056,45.0,5.634420760795063
180.16434546744657,14.828717343220392,50.0007952239026,34.33597474647121,2.772897798720607,50.52183168248779,5.97055909382101
88.8480460420446,15.207750129890329,31.03443290970794,21.597258729657195,2.970879141779667,52.32061497729894,6.083657795387622
222.0739563402455,8.707902301074867,51.26085504243615,33.83732874072976,4.110176620010282,64.04930683002283,4.115043261547916
180.81435029913587,9.042274682904804,36.068787921239206,26.890282880466284,3.7985845205245328,45.0,5.587980666938442
120.40537458695788,14.645056069452387,57.75631285103362,31.95427099284633,2.1491914244484662,45.0,5.565327462493739
191.63383661760375,14.770507471725406,64.2836019907141,36.58565636038888,6.221449789081418,90.04970151564827,4.277480275333235
138.43564487480324,15.212875340465375,64.10385766818581,25.444287555318205,3.920219444754628,45.0,5.675101955744685
164.40329527007646,11.121971465853647,38.34056054163592,33.3931392707855,2.577230854895265,45.0,5.631885714019089
138.60008132593435,14.366857826295206,42.29692843486486,34.68111258126509,5.884730746839169,63.50246728971989,4.752714083700575
124.4148532279808,15.561489956449671,45.87860774794369,28.43852512997824,4.510923977205566,45.0,5.749690622168115
190.87149659678025,13.694863382236072,59.780549030922046,32.57454169727211,2.070829516888678,45.0,6.341074349453459
188.99646322778227,8.70221397092387,47.79007164671464,21.79338029768564,2.778491312319791,45.0,5.526372928521724
242.83630445784263,15.906921169651234,31.11102306779644,35.302283385940385,3.993323594324644,82.28694320484023,4.515163897427118
107.9679410594791,13.073566845961018,64.9177217973735,24.482759823811307,3.025397518682882,60.82314531376245,4.525985158775628
210.53990409336205,15.707389363585802,58.83702838881415,38.19808700998405,2.6632710330001177,45.0,5.771703203291873
204.13621911696293,9.177581641182163,56.0057178564268,23.5430905680422,6.456775086234003,51.6626959292692,4.068246622503706
86.25713232909307,13.614784008209869,56.17229085690904,32.6481393545763,5.677648364392987,95.68274622022886,3.9358379729569193
210.7478152538616,14.804240121512764,47.3825623631206,29.12649539588512,3.673740420635778,45.0,6.471020319417329
118.91033587966234,11.74210187980277,34.94210861948643,27.58347384116464,4.099936966702147,80.1096842817846,3.6468601551623614
128.7857728678179,9.772733120103664,39.8577526912834,32.66114431476505,5.126132456786499,45.0,4.885250392297312
228.19829336349792,15.391952468966334,39.4678724531654,28.554971899326667,2.8786293209562563,45.0,5.212053437615975
193.2630964877532,13.502636978091974,40.63679059068862,24.214562823024988,5.768485039211292,46.48149960376745,5.074071437629804
181.2235529597243,13.38814258345409,54.577343000298434,34.22608141965998,2.773937512642089,45.0,5.973968918635746
226.9697024399057,10.474643385369458,46.82812526194425,20.34687077218921,5.832720825881832,45.0,5.626080979723928
240.7476165225239,13.35011663209618,42.32068319161921,35.20282307822613,3.464956441203284,78.356352663417,3.893296347200109
115.976798611127,9.79530352475302,47.11965259457668,21.33330582560597,5.232163387311044,75.04999183742494,3.716448531301601
144.5370020277752,14.6530315977012,60.70256592684065,25.889832192899085,4.82051288457139,63.08817989635038,5.3776623680201885
200.33295190554367,8.154487501624088,60.4049554797765,35.8974474098644,6.178533138801668,63.83429603615569,4.168303441702598
129.60196600970295,8.392321354185508,49.97826917061986,28.88965119739855,3.4002072678970707,45.0,5.597417703572209
234.45894886387777,14.819097521889844,42.30043390183874,35.54911127750284,2.331749221442739,56.27720255483722,4.73402027935499
234.52468584593188,15.624309027302282,62.22292715626473,25.457029200336315,4.949151033101847,45.0,6.35813874494462
194.58126078727165,15.802647570119415,38.957748348622886,24.56285546127012,3.9277866220026096,45.0,6.268550287210694
149.63135727153235,10.8212890815555,40.21006265393775,29.011006938666878,6.113565637304417,63.57789540542393,4.675186693124132
171.72070395088167,10.547143072117391,41.99525045520095,22.14649264420945,2.978234790587741,45.0,5.67755391687127
145.86202785161174,12.187544797465026,55.67836466506229,27.99648710945848,3.664326606485119,45.0,5.304872360447918
126.05059108283628,15.269753227270588,59.65671997118184,38.4281809924458,5.387967710592237,45.0,6.2507280980754985
114.0603208871465,11.195830141356206,63.65025336935207,23.851578419405197,6.371044797009231,45.0,4.538425555660444
205.72691548670943,13.295472097113112,58.78635959418367,36.89321032650855,2.242665429741212,45.0,6.092625329803292
126.35697413715424,15.012711072420924,60.95177216535384,33.944381864450136,3.3440521610100387,45.0,6.004155761857966
199.19058178973168,9.639833327748445,51.22640781055767,35.16619697654801,5.424348558883795,45.0,5.2108123650768015
214.03085824739875,11.529672889230572,62.32759636477007,25.633851558094506,5.284617516934532,74.9356438542247,3.8045471415184
121.43517905983762,12.967527271405084,44.71015928407371,32.887360403685626,3.9557059009246855,45.0,5.650598420022058
189.32529336747265,12.53505993936714,61.951784303880544,22.097440887293928,2.3116780782353814,45.0,5.318827385947047
231.7022312228869,14.207290034374596,51.448205926236746,29.18201442486793,5.435029245023864,56.25500962709171,5.532723584139647
215.5730407936212,14.042319815157446,38.603283992011576,22.59108676455002,3.356695820637308,45.0,5.973644748173742
171.7998093833568,10.361395011250934,37.72041946899368,20.183627129735164,5.984279892350971,45.0,5.263139101013486
133.1277981309808,11.842950892703303,38.47249203121132,24.66879083336319,5.848937107973192,45.0,5.0235611508355404
200.56816534833197,9.643208875342353,52.46378695256938,37.45192193601925,5.735923050388344,74.08820758403122,3.341009910239255
139.75084550504263,9.400541554911008,31.341519308674883,35.89932635163895,3.471012177836798,45.0,5.571682445104585
199.50244293747377,12.061991218106694,45.17806889246265,32.26319545659983,3.956118083420167,45.0,4.266515599761787
157.86592579536256,12.46161879456078,43.16973932583658,20.63113603477209,2.859079416744384,45.0,5.408739409950691
84.0155094007721,12.41020891072368,58.68781644992424,38.00419283481067,4.947361387678264,95.04405436185532,3.0173599549151096
81.06684397043017,15.654960190931778,42.13966008604369,25.880187456527278,4.564757012533201,77.99015146035246,4.749163915445449
234.5831159767901,12.270336292669054,33.94667551997819,38.17026770538413,5.582793444211603,60.18282512401471,4.539708462998481
161.8235816011474,14.0060478707096,31.73825790558804,29.952060565947704,2.7266051738554515,69.31606874179084,4.373946039420127
224.99218887357776,8.56743136176746,32.54747619425851,36.29482353077429,3.493286650469034,59.95389305041425,3.712788048050552
136.3491037374746,14.048240655696176,31.22758967517365,31.862947262835878,2.0535558927912545,55.765925311798014,4.962148808650879
157.7556384272388,12.818818863773096,47.75779333818242,31.019791855243497,6.280639410468744,61.78678689342754,5.382160544523474
159.72347832780048,13.351219955834246,59.045093851595695,37.60463875636165,3.5942646634198967,45.0,5.713711594585051
109.55553307929615,14.148819854022236,47.57921106953136,25.46036693579789,6.276621454523736,45.0,4.989086175720956
153.256174674033,8.971036171016534,40.042988419746806,39.57536591050415,2.230848221284876,45.0,5.236415903089201
117.54257519218274,9.39392915731792,30.949537738581355,29.44622715315962,5.788550821831651,68.30714579813802,3.408217145030149
168.27583144767317,9.139042193526786,58.22659177700884,39.78696757743354,3.5813949849483877,45.0,4.8294868235157296
226.8129764162809,9.573938539843986,48.85788939215696,38.91122824112863,2.178528023297193,45.0,4.7440668469909735
122.92398067359426,10.910073691275832,50.81281503343901,26.897054858713517,4.02188041478362,45.0,5.824746795695834
202.31824474098687,11.580872583602558,48.03586794590609,36.61533190692646,2.4941281418208647,45.0,5.401644166724086
89.10970201382192,11.59283133203765,41.49502857703726,39.52061833994932,2.063730176810672,45.0,4.191708477153634
226.82699891080185,14.089594423837609,45.74100118654068,24.381821385581212,6.464730959652141,73.24380632841829,4.854742996198311
182.71254436080145,9.067035986084065,54.29889519186845,30.558772713111395,2.361012361300085,45.0,5.442756787794096
202.81876290652025,12.38862114280677,51.43728118067461,31.27102433107852,4.181747953993288,55.94257756893812,4.380175373050433
239.78913573561087,11.708617846420829,49.69290037419179,26.394589326051968,4.916382160391221,55.763077672022256,5.129574098459571
198.4177569358304,11.116557197474975,47.128759515706165,34.375349774390735,3.3939821656459923,45.0,5.91065557219671
158.1411566466625,12.318631525571448,45.320120479158106,32.13602043155002,5.919495422362128,45.0,5.4200357550523615
239.48929326517535,11.787968107403245,63.02478627406554,33.81725834226815,5.102236396256624,47.724757392066216,5.233527313412015
170.330886357439,13.968995507247657,34.74204345740853,22.254775730305703,6.306883922511412,45.0,6.158353926694579
202.4660854283725,10.662520495806646,60.692999037314806,33.795917656296524,3.8932306719048455,45.0,5.470385051463854
178.06019847429485,11.673091800624288,57.60846142080001,24.74606659721293,4.249587786503739,45.0,4.547704638179009
119.6351661000725,12.259133969043646,42.334026958218814,23.65769050363727,2.9028558643620737,45.0,5.207987227378377
187.81923896645588,10.67372035087934,57.42228026031975,24.92803512991813,4.421414789688861,45.0,4.805467874969995
145.3985546840194,11.273981963587223,39.80290714470523,32.46504417180481,2.985255629943583,66.64158422559262,4.340363047123687
192.2085647866317,12.965436055223732,46.81575686315598,21.87633355318289,3.931043165472693,45.0,5.459529762606275
120.21030877431512,9.305098038745912,34.75033149389898,21.54247067023772,3.020784324258809,45.0,4.987665721035018
123.61428294985778,11.159353044552503,43.47981806056771,23.64536611391162,4.848460446493666,67.15649372746941,4.663521632909767
172.37284926192586,12.93438501027712,57.85504055882829,21.44237513180433,2.1421067914921834,45.0,5.592887495730967
216.83957069740703,8.065996595333885,59.85281461185989,23.603517824053853,5.69646763103804,45.0,5.362339804324822
172.48997665254862,15.392686583353296,57.6535096821321,21.58512577932403,3.658218913196243,45.0,6.320576237817281
233.52585831853688,8.31311786608607,62.964367759838886,24.360400829203407,3.534398101039848,45.0,5.951919725165675
244.1643047502552,14.659337076716945,53.51759926210674,34.753632844981084,2.0900197174338038,57.35924304221777,5.338233333357227
152.21658275893498,10.798048558712498,56.27086748047947,26.88801199164153,2.456515464507381,49.32984710102587,4.336892366484216
217.34591013929588,15.50365306050811,40.612528023741405,37.26917156252151,3.764646546914984,75.26609161953219,4.901597806566613
136.25195704480075,10.423672739268875,44.923141283237534,36.18059138346203,5.800783241618977,61.56153626637002,5.019668393189743
121.5376684458018,14.507057496745071,43.14560295754211,23.199437212280117,2.8503176812398863,45.0,6.058605530787174
161.51230190692002,15.8623355199413,36.50347595055625,35.24052367664931,5.725691383585209,79.64798522022689,5.509113504711725
247.5754938437964,10.557902838366935,38.39492268499186,24.336468309194423,3.194727427583228,45.0,5.398377289732192
164.2962170624333,10.647826816030076,61.49916719451744,24.75630636976938,5.357189197813057,45.71811753951174,4.443694026415548
123.0408504058018,12.54257421256981,57.10824658724884,30.997008737041902,3.602812332209578,45.0,5.517856086739892
107.05728640658432,10.807484623360477,58.66509519417088,22.899020189425237,5.91409947137466,70.64762093420005,3.9981329999910655
166.246055879679,13.738992851912066,34.84835892374864,25.06378780451893,5.803136673908024,52.80292002597656,6.015031734979125
247.470287479378,9.45572219555952,62.0369924230615,30.302263641977436,4.059959311537442,45.0,5.504524544320541
105.81294982627358,8.903952635211196,35.38506216232612,26.40220330402788,5.392207441294122,77.71770046377094,4.155781062715657
121.9155155319338,12.281071585214352,47.332440011321154,29.8347058043452,5.444226610118078,66.61992957374653,5.263939554626573
138.8983871822084,13.852212151156358,63.49859007116677,35.11059214518468,5.376086234291003,59.59633009934049,5.530071676461096
133.60891643063965,11.572031111035743,50.407569178834095,35.311796165444434,6.201496798710282,45.0,5.717043585053293
142.57953447180324,12.253867917614688,30.69346602796074,32.4116004016906,3.8474305422226953,45.0,5.584667498648249
220.75496833477192,12.295694231441164,42.97612034260328,31.507122578175014,3.2713285704234245,49.57795167851277,4.371551750856543
238.3642052993073,13.112177651652845,51.586602581943474,22.519079715618417,5.534947410952835,45.69879672467919,5.0470914493118535
85.4245641385174,13.397974190607442,47.5893434249239,32.800479924370684,2.857076271352774,57.13010285318782,4.942364037448117
218.3268724853755,15.454955797222617,43.0780915003931,21.403218006128604,3.1969759957565147,45.0,7.0
111.62697378132286,10.342224597804924,40.802408973012646,34.306211931368296,4.727670830409273,45.0,5.305701669866758
149.33753374759462,10.667647009753043,38.36327439936449,27.678883879257192,4.653974898184307,45.0,5.567455029131553
206.1720442741733,15.314668102916736,64.63802672039948,31.97106733861504,5.201265695677151,61.44059025519603,5.948309263522076
121.36253119713923,9.51000401675502,46.09327546988957,36.98715449297473,2.107197870639417,45.0,4.50765944253971
134.1523991696358,9.341688779792268,34.03872257516082,26.674630568003096,2.767315774847333,45.0,5.55699654332463
248.3135873985437,10.993221340194772,58.85483119098589,20.711872902808786,4.955987069876965,45.0,5.382304611946552
127.7810510896707,10.1559013187506,41.32775111494375,36.778613445110935,2.339605962727484,45.0,5.690315650048232
146.09024228961158,11.37983850713256,39.147674099736406,26.044405783274662,2.95050866399474,73.38974613967159,3.872883679342112
84.50222066598015,10.99790529358467,43.18853548319682,30.46964703367564,4.543239442088069,83.76095160591385,3.1712955376972563
179.58512902268305,10.658757553962344,40.62599800318466,38.611514924083934,6.3822020729784015,60.75606266574842,4.940969701761051
106.2316922916366,15.740164905438547,38.24900005270398,22.841514496660984,5.453042585974066,68.67124451545178,5.457674991855176
84.2543704249541,8.492360554312988,58.9714354313604,27.02558675214059,2.9950900373186133,45.0,4.846667786530302
201.98675971191187,15.398708931473584,47.24491367182401,34.85588772081915,2.1044195192157304,45.0,6.107105575341578
119.0511686700766,8.904323325043258,63.47770922751525,28.966712952146874,3.417098486090138,47.34248054109131,4.415558654293918
226.7499747630633,11.072710032933616,60.54797830187509,37.27725514880527,5.937167628392806,87.61722489676362,2.983333801765737
94.64234666288068,12.369336158724971,62.91114285967663,26.319218545053868,6.164950377944692,45.0,5.679598949131222
231.04443330308112,13.26717772945435,39.46216174888028,21.17835517898944,2.856529066680645,45.0,5.082540995063503
181.58995612701796,13.40951816381839,37.345181373978896,35.89196635860173,4.2013261865352245,45.03613516977833,5.630278030714038
135.95729134704374,10.916686227759504,52.54527106029214,36.44370221510894,5.307927538164153,45.0,5.792188885613429
88.18559508854405,10.682517195687282,56.50665312814989,20.2808999390658,4.049364688934993,59.71726044329829,4.142804426948876
245.5012918682714,13.421641867298298,53.91580725066558,34.56587985913879,2.883429467437841,45.0,5.214616209889036
108.93985917222292,11.507438051018104,58.15210788122545,39.74949937112454,2.0089476824427743,66.38314949325685,3.9639861131557232
100.4274420411804,10.427778331328984,48.02473681641645,36.65213931401571,4.454433918467297,83.47685960245727,3.501915014675119
156.36108494910934,15.791649966422645,57.201706731124304,34.95831724996003,4.446074170956454,76.89750976061963,4.1439252719367135
102.92249693365264,15.552574606634083,59.29187962319001,31.48801340053884,5.9705021589743,45.0,6.420125731532787
134.88602978460415,14.391435371715476,64.876618477738,23.03134129772204,4.270763175273018,52.5547167949111,5.50603717649913
205.15524463719984,14.710535727556138,35.6766794694773,25.51210913074448,3.1456078260953424,73.06624778655055,4.323283785994688
158.53475357042635,14.524051009721692,42.86635996797925,34.65526539081903,2.184281971390709,45.0,5.482137068949548
101.06243319442127,10.275666719676684,53.22060156998504,31.92621912247938,2.3930938585259525,67.86427305325898,4.11392381628705
107.45239491633843,15.436204411729264,35.744099912922024,39.405001137897024,3.974932904058031,57.43493163341007,6.335850238801606
108.58710903265188,15.322860148960393,59.33445172270726,31.458980702385997,2.510693150740597,71.1299901094964,4.992238273345935
192.7339780359862,11.87981234376819,34.13323294487806,23.43564710425008,2.309445244339894,45.0,4.85568188986662
213.1094951911697,11.938527954666206,59.41026610356775,34.90343081885396,4.103005502332847,53.35154391405974,4.389510747534748
139.1642848484159,12.150847131068312,50.28105021413677,25.005802841157045,2.4124973241192604,45.0,5.790016592449552
147.51415385436417,8.543670803243817,54.51724776711295,29.04622924993075,6.279170638017055,58.42748387567007,5.076301609566932
129.41955294412716,14.88014126004489,55.72348586140008,22.664201307969137,5.559300506330082,45.0,5.818860969438433
104.5292758419268,9.85874077275463,50.34263431101991,20.19274937714819,6.028144125999122,45.0,5.513491091304655
217.2565836706101,8.172995806465671,59.54506647072154,29.43413569398294,5.8377646318514,69.33389303135449,4.117425418779577
131.16152382374082,14.30104097730876,32.026371016455,26.13819646025167,2.7038525961142645,45.0,5.959241876314671
154.41237843607848,13.750244919434662,36.5650087404407,30.899375157625485,5.851898318713182,58.09346575918202,4.745133750436953
146.2531054654519,13.406597740748383,42.59313389457037,29.507766592791107,2.3017090788744574,45.0,5.821865294121473
84.01955464277151,10.318415194453324,45.3348612836299,29.346991341159267,2.884840603747561,66.06433008066324,3.864291095288328
223.0243334251937,11.603637556206548,64.32506146715409,35.31672747359799,3.8554618145685686,45.0,4.72042204067581
205.32854066537695,8.985586404333139,46.0505579351541,24.560245266395796,3.582734251300056,62.11617073765805,4.09954129284952
185.8921730989928,8.246787989467899,54.79790064403646,29.707218500784304,5.608221895808784,55.8524870811284,4.442453047961218
139.12191324785013,11.48907090292014,44.37208787344305,33.105187821544725,5.16337556540837,66.74441350052902,4.804275044710048
178.45130124219543,12.852440616069927,48.26290730828385,23.89034228382044,2.6535148214927142,45.0,5.512185568785249
184.4123984758234,14.26786005378969,43.43401908708799,36.37796844946595,2.431461270501215,67.04557545512107,4.947475268550247
83.00038698605832,12.387362761905347,36.04578435789145,33.16797748098122,4.235376039145478,45.0,5.727218566126047
183.31164015473416,12.10650378880527,61.70315096188239,27.602289066132187,5.16981367438529,52.587508889652334,4.684967961920269
228.1541970444319,14.182021578626294,52.89911795056868,31.03602383752682,2.8326263996752945,52.33763424906455,4.575361203740323
140.97068605414125,8.934224173895084,38.43867703898983,21.840403153012907,4.198004158626151,45.0,4.522700145903256
182.0987933115,10.42446365512158,58.232421436867135,31.63637007926819,5.982628868318677,45.0,6.006968865455903
131.174501482306,14.158398968126264,56.042788586894886,30.55685836799963,5.2610177266949725,82.53636756733457,3.799730882248548
221.7166326457533,8.11771465487691,52.71243385859695,36.23244611526496,2.477817684030043,45.0,4.706234630718448
107.47111927662706,10.84361187998159,35.236479369334404,34.55649534104145,4.1119629650942064,75.28146956769194,3.92778548947473
222.63922259937883,11.152880282522164,37.03370898523435,35.95279607579843,2.88931066861036,45.395935673449394,4.70145204733736
108.6226192208072,13.716854770701698,34.51500062385772,34.71031589389288,3.757074785162696,78.00132490158308,4.3053241535247295
182.01135357499555,9.661241219840766,59.91788083348142,38.49481501223211,6.4759620076767055,45.0,5.037211991331083
161.60334651096574,8.244017638729034,63.084538852215495,23.321915152735578,2.780384824056113,45.0,5.123596394995376
176.3570577068882,12.044854470769703,47.91686545031942,39.35536962913322,3.0215245568360407,79.30435245235317,4.007182785197176
199.25931145063964,9.950329120864104,58.80237043145754,30.23447971292333,3.0633609823033963,45.0,5.672096635899726
195.5124081220446,14.90734710970924,59.54236855981775,39.26024344311559,3.6366438903339455,50.94455059452127,4.813742485020395
188.00718169259383,11.4921583947982,53.34411791987058,35.64093616095407,4.930034055781084,84.85809719777103,3.4199572529037594
150.08975132459892,8.531693007266147,48.87850312352833,35.78005266593023,5.389775718475603,45.0,5.533106731400555
157.97746618185965,10.50028010891836,59.56817982723227,30.742437301572917,3.3506994698554413,45.0,5.491852116414682
88.64172645399952,15.77917674310106,53.87809689220543,22.633349769217304,4.319197194070116,66.61547492441862,5.6531742609116655
169.96788572647873,14.590503390741064,62.04001578853577,20.48281171079313,6.39063574777891,45.0,6.0577889402927045
229.94170312820967,13.451750415905922,60.19414691564943,23.04202850202489,6.420122677004812,62.28626745407597,5.22567675691448
240.7992285253924,12.303269598597526,34.584031401087096,35.808543289063074,5.9326462394692445,90.27756348859602,2.989687569962848
230.74993211981487,10.882722039000988,38.739993913102936,31.856551539832907,5.344342539143905,45.0,5.601911769852535
153.59714367159117,8.457461975109672,32.456606240109345,34.119654974471594,5.528595258219502,77.31645684516552,3.9386184773730495
81.60366751546424,13.85340377272324,57.49235603218733,25.255651642195005,4.583321236280498,51.53633323806499,5.752966031568844
166.51164980964205,9.432359520868136,58.45515843428764,37.91384575421148,5.602368164990203,45.0,5.002030425499621
177.22748700418038,10.53714558096532,37.13148848237894,26.80541474489651,2.088883695248379,45.0,4.789859943612646
240.4468844842102,14.92033263376685,57.643119710872966,26.55962733303047,4.078822162680774,45.0,6.017967415282778
94.23981816172817,11.702879251530629,45.20819059076452,39.61330109978795,4.4655206039579305,64.53692591543185,4.804288830181254
248.63822902415416,10.243102166924473,52.65907222404397,28.74871764580226,5.956119397629215,45.0,5.880378536186486
217.43648185096123,13.2489583000151,36.0906566110871,28.5593102858475,2.0153158471669874,45.0,5.099666359637883
247.0332563800222,8.269107496527488,47.14427911414071,33.78975922579738,5.746327364829127,45.0,4.7177527665641765
103.68327177764878,11.4453620316423,64.58621804972039,39.830869863754856,5.360162861224604,78.20464013592587,3.9773412923720346
135.78792669658748,9.4786063061738,32.34427451445773,33.05771231531726,3.1223377246294755,45.0,5.498556299913073
171.60565453442246,8.070837841403607,56.67984543126049,20.05130934936392,2.885752432632846,45.0,4.984923239340667
82.71096906963334,9.364143582818071,33.05647749050248,28.417533004504264,4.305432108969495,82.35074917655389,3.833056402028237
99.66676653605586,13.431141102224055,61.93405880800004,22.6159814135748,3.6685739186630704,65.7492432550463,4.586131862580971
129.5318563148158,11.921628378124662,35.70943836828259,29.31102049072046,2.873108830606986,55.31702195859438,4.375558498938227
248.84905706858748,15.848292746632405,59.90613901792024,34.14116493698145,4.171628414336956,45.0,6.30525561217347
134.4597720401928,15.310644502097018,46.4987616497001,35.233520884694144,5.330294991815132,80.41971331880934,5.565286663470225
177.2022941955899,15.763820583202929,48.92928542161697,22.726845261946107,4.556405478054578,45.0,6.882354865787956
221.5070038661187,11.797076870510988,46.24302168751818,20.670592344073757,6.381597195587555,45.0,5.857773653541152
184.1821645510439,15.387844494123078,39.85542313006228,33.58379838002205,2.7958261624987166,45.0,6.386464853573349
194.6324586479473,12.421037585356355,49.30071482398415,26.443312401609287,5.038371729207244,45.0,4.566039670925416
205.45327889515036,11.33589882618529,42.44637153495003,25.64155316497613,4.6700825049922425,45.0,5.39107198742702
87.64491332868236,12.6889756181416,48.502205910394366,24.91355489992659,4.581059217153671,76.41968037241233,4.63519324373343
242.18627541203108,11.31966745520246,46.87845170813438,27.18801569185512,2.5591034804363293,54.70686471851247,4.913224761917586
115.45104882170386,8.259984255304945,56.23716361592206,34.908984469665725,6.496542420329329,55.454964888545646,4.359352864172831
105.956680170783,9.56982199184213,41.00966703971227,29.033119385732395,2.740392941079415,45.0,5.938937155509766
160.90456292291242,13.505044365500131,57.68028914428975,35.263491159613665,4.825847080428518,78.2793662400497,4.659634566399806
202.13793002461532,10.233003810944204,64.75617656560522,35.50603940076394,5.181574241528152,45.0,4.540258828851869
237.39336802197496,13.07402079848942,45.95929083245749,26.504745962881792,3.475387490006049,45.0,5.515133212546498
226.16753082760368,13.91345190695992,42.72947020249236,31.346848375136798,2.307881869505899,61.725145902414624,4.659504178315953
214.91038074501893,15.928623382611118,55.48814268762615,37.114073364031285,6.109893553035142,72.33897749830724,4.86321040169221
237.04834679834275,11.2564814718227,52.881462482233374,22.685280985592392,2.491636570383774,45.0,5.41755231845835
117.6488985240918,8.672677130325814,44.10305724340638,26.51077276552116,6.452113039104405,45.0,5.238061500483665
100.27728057526564,11.156449602634114,52.448950348438814,39.36012440273596,4.950283257853497,45.0,5.509491513697027
146.4644504147261,13.857042563803107,64.54070404988727,27.178847675468017,4.035952157085203,45.0,5.573528576802841
230.59269638549847,15.284226166704851,37.584889175245074,33.1527945495717,4.052668196531764,86.64655307884831,3.7090162086159832
122.6331653712748,15.941992624236605,63.01702986748669,29.622572625394035,3.655265258874412,45.0,6.920552376806516
216.7555643835596,10.2893458638377,47.29759629577629,34.77839188063237,4.800854540296479,81.31059096130991,3.6748251109845063
107.00567537294232,8.786324765737746,38.005055517003896,30.56936024166374,3.259977503276046,45.0,4.485689619744635
218.27905235624817,15.148152792049018,42.10474974549217,32.053564426712285,3.964987525157925,45.0,6.033947180601377
134.1818895704103,9.83598714372212,31.507054455214902,37.132716534402284,3.603448844317734,50.43615016491668,5.620893559936409
83.86652179273938,12.453230459321592,41.433395644607,35.841349982074675,3.03221531274139,45.0,4.741894897295394
195.36340764079483,10.718646826567252,52.68337296363843,26.50862374286067,4.186431767262623,45.0,5.191431343693978
153.61853230175694,11.683042047458152,30.48416576503009,21.437402374471738,2.127449089793687,45.0,4.5723334588505455
201.732903164326,12.939066472330063,60.840250027852434,34.17034308803651,6.033673614423437,76.28232778581179,4.072256534685681
116.54982511535286,8.25771675169732,37.82002940772083,31.529207003593758,2.229106654386013,45.0,5.32172028748186
224.6608292949917,8.364635168162847,40.26454700538649,23.31930140741771,6.298921527731958,70.5915249698209,4.015713052343282
196.53744433655163,13.44368016239562,57.83715770227194,24.682121215677544,6.330697842717306,45.0,5.106362639310992
101.78221540353906,14.839230970407144,52.96983119789847,20.81461655021829,2.1556835871436,51.05341946642292,5.099076354152453
169.45804418333205,9.253984888982522,50.68334929329968,36.68101062529797,6.062468656370874,45.0,5.367034251902618
200.7090021019148,9.25755837516216,54.6825922322447,35.57686874552937,6.113239247513238,45.0,5.309889889330011
168.00149477392586,13.85096954817227,55.65058826758277,24.09347908875942,3.6951893952559662,53.74158137226522,5.763816904723749
108.16363803065154,13.290164170552975,52.52001999866789,25.037236756053037,4.008733693444244,79.75825388161736,3.936001323972217
166.39734417341413,8.676405099509841,58.489442014746345,22.64426236304421,3.315003289284527,45.0,4.867043427990668
150.49613650588222,8.681335685518988,63.35790654843336,36.405105799672256,5.621828259923197,45.0,5.801459284859382
131.27345561421618,15.456755074926706,64.96941196166914,31.31547118214033,2.845173854167912,73.35194430671959,4.967615624874472
130.8031171687615,8.236747571436105,39.83233684601818,36.70976037933293,4.119840290715083,52.797853808725534,5.058261348511953
220.12194780069697,15.73348654379332,30.00172426672257,34.678908373442226,4.018865496152962,61.38350367807307,4.949672685945632
155.79638070504427,14.272016148004216,52.571148360031415,23.78194273613913,6.427689956688239,45.0,5.887486979957552
177.50040912825045,12.95017520570918,58.07628726858271,21.709627455268503,5.71016064410521,77.12150703571777,3.9067658860142815
101.13650500869706,15.133050265667109,40.96863451080293,34.750119551389844,4.710175238645853,95.28554835677916,3.765457492833663
238.5041865394837,8.847847014569249,37.24427980713986,33.09527285615715,2.3914936486399423,45.0,5.477207297336342
170.94981101789412,15.756289771567298,47.02470830030126,21.154843976086784,5.438835828451799,48.88318629939244,6.35989172980797
96.24054637981206,15.2641179226369,38.243301157579936,26.031521662673143,2.261569695757166,48.10181702524938,5.943451606043499
213.7616268957395,9.345354172365282,31.55138297520067,22.264298506673622,6.479941196337064,45.0,4.296133121304761
80.69804451445049,9.799077289316166,44.30562692178721,33.740986564815685,3.8222190957304423,66.7552417831255,4.757278182960077
112.26090987408296,12.7129788571349,49.84471530806235,35.453104782835176,5.098789430721105,97.01296214851098,3.5945668487318505
201.29176743603472,9.057315007901348,57.68891250002248,29.69024970024321,4.943959193121071,64.03505074177606,4.218980198342953
125.00776022039808,12.22493306669889,48.72448398017059,37.14803525166296,3.6535143327074,73.78823862324685,4.227979516046922
102.55564201418431,12.03668272869086,52.59402272526494,38.75275671273671,2.4179186654521017,45.0,5.284566990488269
158.9750307994788,9.235566106987424,48.02721121879027,20.917319012818812,6.205978424415847,45.0,4.980905589171691
125.12169942765676,11.080475496997122,47.1516244759944,33.0546781663239,2.2072135825956947,45.0,5.1809450053218296
223.93871067585889,8.320687380106804,63.50778489464869,38.35438673551205,5.995307120291576,61.57207990190668,4.118329576117034
213.91569039990992,15.679686275333546,39.765406114517226,22.57755525691849,5.294334397077218,45.0,6.584833387038069
159.88569851867888,9.96401052106076,38.41992514857661,34.42630384100369,5.051123184234656,45.58210420812768,5.501751990624352
104.06730927260227,13.618907783745527,34.599205212794345,28.183099299058668,5.890672474296606,57.56999763951736,5.171046313128349
194.91739607867203,9.246367963420438,62.03309538733305,36.2676885448796,3.293337806040328,58.8542250063363,3.936916680598603
110.3826761521459,15.155353273121545,32.58710908018921,34.152552326204535,5.32412686914584,95.05928373745137,3.5729196840623145
121.43836558187712,13.526406590543882,41.24315361847209,20.56429192296103,5.375481634264951,66.6509302568404,4.547602014077285
236.3775343037377,9.29468528280531,31.841560187745564,24.953447495924685,4.980842246073436,45.0,5.194948622052811
199.87224124671548,10.86937601773605,51.77075235845642,39.11397192361943,6.414928155324807,66.15192621112881,3.871749744723804
171.57876111758043,15.147373831061929,45.00954985550496,22.10693611566149,2.8903595005838367,65.41399043285682,4.973203274806746
88.1297262644317,13.705063464879627,36.80903115488511,31.75862073496022,5.5045533960186415,68.22009239901115,4.719164035925105
233.14421079240245,13.788416641664426,59.651139333246185,30.31782305084299,5.84086059257519,66.37588333096932,5.038635728620053
118.3381544148518,9.944149478477044,30.64870041808583,28.88235837935182,6.154549488819418,83.54052635232931,3.85209735039524
179.60256162083135,10.63985558925406,64.85832291661757,37.16411703742629,4.047762350987693,45.0,5.550618930091483
108.91598227232068,11.370334511083197,52.89150135618134,29.250497527354412,2.2054876371312484,66.10008507304228,4.4077784122992885
237.78442697598877,13.023960867398062,30.63761519428933,39.65670690149416,2.811130839575858,45.0,5.439211130858544
228.63247570895012,9.861684528002566,40.30653090261526,38.821070856017215,5.261484128645071,45.0,5.007156931704376
164.463047521917,14.809756151534827,31.686103703729117,28.53198120779669,5.740350898171263,94.81619704846968,3.64258961922296
99.43633889098663,11.044947751181404,52.27752075512751,29.1543000628559,3.895528797674429,56.70206668692841,4.380318060193632
173.2707253389549,13.569238934765815,58.71778910579614,23.043152809127804,2.581345043759246,45.0,5.475733589393626
225.9089591554971,14.034567290969692,39.33307292848367,39.89935141330319,2.7623430119928045,61.524826849103285,5.362089596248056
85.07809071669388,11.346040725804494,54.29417319514813,34.201376143598026,3.2667101383400268,45.60411814209697,4.934686994824571
120.83078425067828,14.336100758687955,47.94359791582107,36.994181987994125,4.986520197297587,87.34505384874547,4.83104410267374
162.19594472137427,11.019366586919968,47.52950602934144,38.05848808504021,4.012716619024555,92.63783809996772,3.044351056999161
150.00216617911366,11.055682501850626,48.619720340897146,28.51775885680844,3.1547817567755936,45.0,4.920462348668904
124.31352674565532,9.570831693602406,54.84711984457519,29.340089889217516,4.568035492661778,51.78336909861305,4.790136589246063
94.55623914984126,13.251256404202472,30.34808064354055,30.96947957850748,2.195458855590761,45.0,6.085955932894764
115.68518219538387,13.697749077213638,33.16247890280414,29.878202591833915,5.000279275668101,45.0,5.7639894056624765
184.3380609117866,10.809224291157449,32.93831474073233,25.661473039056528,5.3155368543197286,71.52736928065264,4.345964299072659
197.54464958352304,15.492006055606115,31.11174096516229,27.14960254218601,4.246359905155097,92.06634715227752,4.259951292780447
221.6542766144307,14.872054413024957,47.70899189904552,28.17487553016461,2.253612285831684,45.0,6.703179709335435
232.3683239364723,11.317585558622806,56.75708040491289,30.917424752340708,5.366706562833544,45.0,5.544737824228434
217.933588142492,12.661497147546092,62.34773839414945,20.732013991308843,2.6350030393292734,45.0,4.964955500847236
114.35497356852729,12.172270425227929,31.21516735715428,25.286305008755363,3.0677327076552108,45.0,5.302082330296394
243.60482666587225,8.067006547858602,62.076431171407,29.253165584653864,4.429355597180971,45.0,5.567037472292864
160.73828459277007,8.861568010349254,43.871429857588296,36.69754353515648,2.82653382680121,45.0,4.7395013850672765
163.81364729714335,12.76881760663683,39.5123341684504,36.525564099279386,3.295183335967916,45.0,5.577539596738564
131.59761257394854,10.535068544877925,56.49898491951628,36.25559122054606,5.127810164714147,67.31202782068048,3.852075443831167
136.06997514003365,9.526736474457394,61.474313969400185,23.08631546941282,4.17924026234629,45.0,6.028244771554482
138.63949518765486,11.505634542601964,35.043619418890465,25.02656855955442,5.550034809542618,66.05280222559749,4.74267892589296
126.93578591491668,15.095479354772202,56.43094726249832,29.78745034387463,4.024837672472675,77.42519827026995,4.191978264535407
200.74021150734995,15.969048341354975,58.82107296289495,24.638476734216734,6.275464297797474,45.0,6.492146206152976
96.58024198947042,9.264923571416391,43.03664729986031,38.37234617184296,5.061202031141127,65.96249552489675,3.880663066248004
111.72461357971645,14.236477440988928,59.84099382698748,32.58201810562289,5.07954774187335,84.57422897680357,4.198419305450829
118.70725732516678,8.871399606960882,43.38382999892488,28.10426743696342,3.238808888249613,45.0,4.262341574250346
202.97925024201143,10.380861475402089,39.190172766611845,32.10793743766386,3.2378343663357843,45.0,5.39140318890373
111.55297294905968,12.004845578228984,52.84281371158735,35.34154489124776,5.116550731408021,45.0,5.462098761738808
215.3845050107581,15.160727260953,63.42111545624009,22.43398216259667,3.641793151786511,45.0,6.065822560490348
136.5581395742713,8.2298293599829,40.30099683073463,23.331976095004773,5.906304832780453,58.5042211271882,4.764065473575963
223.21908445761937,9.969124328480984,40.24182043084872,22.27894801480245,3.4164275468830283,45.0,5.800195306833512
149.74844952585207,9.82776091555508,46.03866977971589,23.222408672459515,5.788032050678835,49.153390812444506,4.364901071783205
149.31459920324824,10.402328034082984,31.31500863016878,38.71049764551526,5.122661331489329,45.0,5.944607310740173
229.35010604697132,15.81586749479347,31.280878261967118,21.76791375460376,3.604009262057365,58.6635598718245,5.121265327636026
212.70284732850808,11.862370231465986,45.9960923411036,28.87681644247504,5.627095344000853,57.30533579628372,4.784346085306035
245.66666908048143,13.17405430395212,64.6509815845611,37.207489376023965,6.031627305224431,89.62036403243631,3.4327675615019477
128.5596484613272,9.59441438023677,41.17246603874886,21.29809488578747,2.7965355581541917,45.0,5.143975363800922
185.49309592240792,12.867756777035076,37.61156374798804,28.322634600182106,5.330743941521742,87.39562756542672,4.048898644842567
126.17314867964696,15.47550093206098,53.13387053741667,29.961643313686103,5.501850612418279,45.0,6.230423721871812
234.21432243900887,12.278763633911808,39.844207220545215,32.91186821457078,3.1356517535862287,53.62419641432121,4.306109825295135
85.45860306259563,8.799035273740866,38.52405869241902,22.161276032067597,2.142974979210592,45.0,4.445013677388113
209.6936317949405,14.1841771642036,54.81519328822596,38.333069690850685,4.782703036198374,45.0,5.338025232425174
141.23086580347012,14.127563607931044,57.52218945990735,38.52874060752293,6.348337171678484,45.0,6.114302482986597
83.13124560609053,15.501385313753849,30.79761389034488,27.8607691636252,2.833966768653585,74.99760417762172,5.127863402065114
219.0412601823156,13.63668017574367,56.60188008981443,39.55054417159535,2.29059179290257,45.0,5.156415077981133
116.91006658196478,9.72296255423312,63.720657636506125,27.42875291174677,2.158256874276354,45.0,5.177737813791548
169.0255612886785,12.0776598619607,59.680002417229694,35.59011931861224,3.89227115441468,45.0,5.3155714080841605
242.7684195393038,8.539417362894882,60.98092427591925,33.04679210025553,6.196766887577365,68.0068842335394,4.040879783217469
155.1309744381291,8.744542364018443,40.86193186361135,24.139414015620613,6.459219752718586,85.71434118903515,3.4279154470009234
164.1606614632331,11.013912826481697,58.42125153562036,21.367463156003176,5.4429367963827495,69.34637925840634,3.7282639461854927
215.35435227450057,9.476672989246662,63.462495838774686,29.299696845290743,4.322785757446966,45.0,5.197478004485839
133.5478397740068,10.483803179497755,43.28677512474704,24.37823671328893,2.046030179758663,54.89237014682335,4.380925742763132
244.5961103879835,12.181301518409102,49.61364193377047,29.245760503634123,6.168566386957954,75.50481493602432,3.2641138468072284
192.27506520168845,11.035744321156836,64.30117355419075,23.776109602359284,4.248366101466129,63.64934075231336,3.844354988354337
172.76996020166416,11.65013943136934,31.82736735350898,31.74431054892738,2.333591337069804,45.0,5.4270996268129394
235.58413587846084,9.550749775616405,44.30011790163497,26.522602437139277,4.10608409536678,45.0,4.70850682400771
208.9329538256591,8.751881558592803,30.170528764801315,29.424904352473625,5.562775348353733,45.0,4.705184924650184
242.91577623521528,15.704900232467054,56.66140138662632,21.11675663532459,2.949089105899202,45.0,5.817738856355247
233.9869258582535,10.810116590061051,64.24259122435235,28.557126613921785,6.4405976288682645,45.0,5.503690195599262
110.36109930552978,8.056829882052574,33.9002623846093,25.289225194133024,5.27126283922702,83.03922110067312,3.696241553372926
141.45433939027487,15.917109936522769,39.98911768313904,30.68480208652337,6.175804181969523,49.28726448299282,5.957570592200632
203.69539713884683,13.495478396953285,33.10407721868841,32.04954258979488,5.022552326517249,85.68221481437088,3.999940015493593
167.75869063546153,9.033682521529686,60.154303358380176,28.463589894042144,3.583690155469747,53.53673587260519,4.507650013044573
142.04153737656253,12.526484249111512,35.73640958960359,31.051772181724743,5.273372073577548,45.0,5.048310189023304
143.78717330474652,13.24733990960221,49.25095985634224,37.42985529701055,4.304615392740361,45.0,6.300339964672357
165.66253352627422,8.337683821157496,33.711260619410226,28.80736254414856,4.640458427631481,49.60837756708829,4.380948677549533
150.36892914221792,9.893660878775108,46.17241586995567,32.57225053439617,4.480000568307684,45.0,5.471063032395383
219.83046772625607,15.471582892655166,46.80473855970692,31.169375257067813,6.350923353555665,67.55703355608276,5.125074675621364
234.14757426834856,15.872528428664776,60.55101369882131,38.201586764214085,3.862339317957745,45.0,6.287702249319475
194.7492931734618,12.22970573989912,33.73770138942917,25.086374612935597,6.333109511313266,89.22874180924055,3.4473690580591105
216.48585678193936,10.3474030370567,64.72746939764451,31.947975272387023,2.4096003216811845,45.0,5.068529963399627
101.8771660956425,8.200068768247743,38.994905084873125,27.011146635759918,5.846098919970837,67.88652231532134,4.6169821126839885
134.68165073612252,15.99153745451019,40.22442751434882,29.11533685622993,6.386428218350187,58.32904399825589,5.658826964513231
230.74097572321676,13.144723455552244,31.61862899031867,36.75038395942833,6.238389666961019,82.36750463917501,3.306614307759204
146.3729895230467,13.486299159907617,44.25675143165886,23.352894325187435,5.384432001994901,83.9942425879684,3.4287010219405767
118.58582117758525,15.519140751138137,37.402066813078704,24.998681931391523,4.12679765810739,45.0,6.277416516963628
110.08998975984134,9.373911841194165,52.953596480315866,38.28521746819594,4.67741894919745,49.17180473371822,4.996439125316116
183.43116800540915,8.140863749664746,47.36202535942873,32.00714787085923,3.845229956103073,45.0,4.694795677831976
221.29644356467392,10.743618434219291,45.21968507363748,32.579766281335566,6.069864246325966,45.0,5.9454079079868745
118.61693187788688,13.260786607153705,33.528661110121035,29.144189867625197,4.97496924494744,58.240565473807735,5.6610274755110055
102.65448360772072,8.858968805314774,47.272050974041846,36.19379556146611,6.234830692975885,55.93572187908513,4.784131362895728
204.76712348167564,9.284569258980726,63.35453215158291,27.98738446058281,4.499119263801401,45.0,4.96770289705359
151.88912028237024,11.1382441816846,33.20919574272788,29.71330443713009,2.674620424125272,47.53958494692539,4.073275632932435
122.31118090559475,14.866638811990532,64.84938522030535,23.7290101768388,2.847432387061184,47.52133556636892,5.274020122436062
108.09827353462954,10.4129145936761,35.973871204752975,27.73449537592349,3.704635064584667,68.64968733358995,3.874498854147242
237.27464708398807,11.1796901482014,34.06301615212446,26.434340786170367,3.260665573582793,45.0,5.473438468430224
130.29305838086438,10.63302624039115,47.367360307994616,36.104609768496026,5.8506168539981385,56.15228998197814,4.82332992664521
235.91349410180592,15.881917132603864,33.459096345256995,23.14058254468973,2.825796914392069,45.0,6.810944975087216
205.66965237473173,9.994753675255254,60.16152278087766,26.57700436909881,4.672085935829244,45.0,5.429093376631441
234.38594868320385,11.887401831013396,44.40671567442918,37.36758856984028,5.119362553859585,61.09973775302973,5.278519261466127
236.12605755061065,10.84298749188935,43.918343259835154,32.3613784957123,6.315581697913172,89.11667701923531,3.512044044466625
93.36646476619416,14.456721679332835,32.332952197596704,30.99252411815873,4.31623642805503,71.96239867762104,4.955437813754744
138.75019810634186,11.987825441081837,61.40467334120336,25.86587326592264,5.717669831716732,45.0,4.904762184097018
218.1942031058512,8.89694316655925,31.15092811576789,20.443948303951657,2.8154723058420967,45.0,5.959061009977198
213.9708268453592,12.59403957846472,63.21699954716995,29.96677597692572,4.635888474973092,57.91529009331333,4.986989138429415
198.61987184099175,15.019774419844037,64.07705685401248,22.81124516877769,6.364262495558839,45.0,6.371849175419555
175.34843753836878,11.266386346435358,32.51632895724464,27.54987034683043,2.720787733968524,45.0,5.313420924019246
143.54016442570523,10.020869075012898,61.07564807886058,20.33877846716637,4.148069437123003,45.0,5.927393423001576
92.22750342594114,15.744878895855932,38.74201423069991,34.00267925312295,5.546878606046052,45.0,6.835649500043528
200.0593475519246,13.541828618470504,47.82372919901109,35.475453947899695,4.921276273958368,83.0990947156423,3.3929754117236346
187.25395384765525,14.286779200585652,37.50549386004813,32.85711333192282,3.7002483885931072,48.788835942226726,5.743187938363052
209.3969231504386,8.387794282834625,32.87466877509137,30.772362988597934,2.8979681974809326,45.0,5.700247978911784
214.52968061471267,15.352296552500722,50.64809314203549,35.92917264926676,6.186325362994401,97.82390925072892,3.863961011129767
93.62705846771532,13.531406528206126,32.77200346192375,30.40936026360208,4.928614415388461,91.14320678236388,4.072929673446925
244.0288110153608,12.519115054890705,50.33302130496833,28.96154733294874,2.501587098997952,45.0,4.467601776322488
238.64034316656043,14.00583059152186,53.95896994745664,36.02409656096667,4.012408404355293,45.0,5.460545568667818
91.34776637320569,10.721646006475826,55.26850043037464,34.414786547086386,2.565265537511596,66.74110743052249,4.475166262201294
144.9593330860314,11.284612716715117,47.26437391522002,27.476089292768823,6.1973752097955925,87.72266294052258,3.5732021671029432
235.8823885310138,12.746246078039109,53.6303355878693,25.951667553138986,3.590278036084648,45.0,5.648840137247965
126.5498890531572,12.913615036084051,51.82247690268336,22.82168420144772,4.38246538623737,74.37088298435975,4.194775178502294
187.12553377710583,15.783454551725182,33.02056819678464,31.878490542246222,6.129689178872957,91.63011706645662,4.639825841107541
122.89737385644035,10.276995268806663,47.19002158933287,26.636121726560663,5.453237920310034,46.934993464299055,5.181774161574162
108.27689166117815,15.117863068272737,47.48782448617406,27.79580070076595,2.2381029898157814,45.0,5.733567521416955
86.88628485094591,8.296525982881906,31.285043077944675,22.6923844782128,3.545181071449466,53.75440997384745,4.755321468057312
202.7587179887797,12.1378084555673,35.438633594551234,30.950329195611403,2.7117468002511327,45.0,5.190957138243919
111.48356253396226,15.539164505000858,44.03654865958757,21.015634205045984,3.578588817773978,45.0,6.121865429302723
165.16558992122208,12.659101400499129,45.74706173479151,23.67443160309394,5.879696816999325,45.0,5.832369204052883
141.4818369240327,11.309630650799676,43.78662241746209,25.093356796902285,3.5328223094653968,45.0,4.257714799898517
233.68259351574477,15.50572678582794,46.37333616614799,30.294232308483416,5.053973034716917,78.30936553319239,5.190416923195897
155.4736770534302,15.12305305643932,47.21173180973804,27.119317207673213,6.225590594742342,98.16943815608484,4.072250816865748
172.11437000708293,14.435200963351198,57.10074748125014,23.866382109091724,3.7754643261968,77.18635457550374,4.008685255705109
126.41820321258942,12.921537267976923,60.323267714000416,32.57602128572242,2.473755747995086,45.0,5.622893704022701
204.27050346085048,14.803062816599589,59.79799524589439,23.849252919861264,2.168977170406932,45.0,5.552639330614007
112.69988789802387,15.285424052836284,53.31264632295782,28.190025638227468,6.021464068213847,45.31416623706976,6.510958510512696
133.36312949550953,10.217482079779458,50.72470343196534,39.489271116074185,3.675077529468485,47.96606988592866,5.484731268681278
141.5047044287653,10.469921809732138,57.98333442202326,20.506440540379327,3.537476404574514,45.0,4.227038424723386
218.3083499089153,14.242315676496396,54.131346966983656,35.03960891748659,4.466106093366697,53.93289072728391,5.306275909755907
164.10962403778325,14.397168668473434,61.13132606339909,29.131852251898497,2.233866143138888,45.0,4.939978579240115
177.98527991003044,13.35200750825872,44.977221802387945,33.45890475579613,5.005894106961328,45.0,5.608338689176354
124.90179620514596,11.022121608106044,40.83314941301571,28.111952266508407,2.463254191013617,74.43379346780465,4.002946287058154
183.27322859703008,15.23275086599882,58.347969681856966,32.33042465559055,2.421506480915322,48.14791383933675,5.088624893232023
201.5353668833157,9.658444921882468,48.32370923801433,30.71849101947672,5.396844248352174,85.11690487858388,3.4805672916458708
190.55653899982124,15.007198725042738,33.1766735374941,29.553829167636827,3.5939393016582244,76.47300812260185,4.578724969539481
139.45727124904164,9.652933027694322,38.25713874362149,28.621928724773536,2.336589332446858,45.0,4.893617499329874
131.03547582936318,9.40278753831844,38.43391068002194,37.97799422644365,2.408032810095687,63.60759174776464,4.4685682180542114
154.06740826441194,13.99911436469135,34.31967436276196,35.79426419479347,6.339126375904461,56.463288106987655,4.954743982204478
107.63606954858724,12.082268957354891,51.47705341336298,34.59319015231121,5.159594994035132,88.6155360443315,3.3474710301738
165.0292594894047,9.065849441482529,34.79115173812248,37.86549642124531,2.0698258344279736,51.73204220236054,4.442397426211589
96.07774531768904,15.099692431667798,52.9976090139692,38.77849759914821,4.7322015943927465,80.42796492800237,4.615276202808023
144.91787431702784,15.002945545214262,34.38603441854149,25.1129919030648,4.823708414742393,92.30035549146476,3.732049171004427
89.91924593571609,9.13407624943807,41.697327524354165,28.376090872580505,2.283399659369919,45.0,4.683303068030306
211.844014815612,9.77677541122292,60.93375140759362,35.90635568978762,4.918272935980854,45.0,4.787988262681987
207.01831445261692,13.532076411415844,41.07967537583886,25.838428457946517,2.043320892055121,45.0,5.245311447878274
247.68127504500447,13.323336661935691,38.16145365070196,28.94235122349765,5.200392127132905,45.0,5.700545702318003
148.72538544879455,8.237750668768175,52.33420672753323,25.26418510535602,5.937711771020435,56.06596960182606,3.9421261763042335
83.33305368671049,9.587711009974251,61.30252251961202,22.273509263134116,3.067513498455217,45.0,5.706885452683231
148.5366703811785,15.21000211782314,34.875425093509804,25.054866847540637,5.3339222455114825,48.29880539440773,5.867112816630161
176.89395712126026,9.874201942932851,60.89035893689022,33.75829426033312,2.933465519824108,45.0,5.987316019251491
193.55588218734147,8.346778573676554,31.46133939352152,39.49409834866945,2.793787291886904,52.76190612725002,4.64706945153994
233.05263617599184,12.394126147512615,40.32071665968408,29.90867577217421,2.719377184704057,56.788816180253846,3.816753348254172
125.47908603449304,11.76332637890596,42.55764375330836,21.224681549356355,6.366924990412644,91.77658543791128,2.863218506152297
181.9967013145486,14.312183889506898,56.13080210563513,23.921096335397426,2.7899846398031936,53.66332809262562,4.577716990245524
168.9815595523324,9.29811145453541,52.56592388123748,38.23509886852033,2.991520954605284,45.0,4.868950909966662
189.84806445553525,10.136836625745325,61.97548801942307,24.010769622359543,4.682208078337668,45.0,5.789549998397709
161.568337843875,15.211061341744852,43.15434045389125,32.71078946270886,3.5588196004795414,60.22231702753169,5.721889156534021
109.97174558262346,13.724536049948323,47.867640517883785,23.6834873216614,2.732229704479581,65.15704740405943,4.382846856931747
155.53701485961207,15.622692670511707,48.83406944708173,32.984326828102205,5.564667034942519,98.27316238784472,3.784052082923034
112.06916545342791,15.974057590218656,34.97912972126409,39.10427030951327,2.297022090432388,68.08846286985798,5.743614703347502
83.79175840514851,13.779633426770648,46.007892723188064,32.88027096130583,4.038217413637484,88.86697860794595,3.348284493271652
237.84269866348853,8.55333406551524,45.42249496505568,34.28764130587932,3.54970658901068,45.0,5.510050237838311
206.5870163325756,9.674833545223771,39.9663960572587,39.742973695666265,2.766007405541571,45.0,5.591253316047517
181.0747184395795,12.341797659622218,55.32934079353268,20.2936235639004,3.097424790544556,45.0,5.442463888876498
206.28153630428568,9.598793905037216,35.2723722114308,21.988938718917964,3.3859711090866345,45.0,5.5089749125707215
201.8663638605996,12.728398663484162,31.080751066264675,37.768649511386165,4.354146262413314,74.0620361198386,4.41762800343014
82.77511795732232,15.878822548189753,46.77667174498714,38.36453004713756,3.090086742772066,89.96431339602957,4.369817345043653
175.77002029076382,13.28862998200401,59.91510487714771,31.176269564102835,5.344687907620945,45.0,5.0701228941656
125.92598218415289,9.029378683565302,47.30878162007283,20.9793496849995,5.861761854964186,45.0,5.0936666325132
182.45374720051984,12.776080669955457,36.07483409847748,28.822471442472835,6.106297437318333,74.47618051283695,4.168752901866213
139.371270310821,11.007066818912678,54.03881394760021,22.561641524009325,4.176212754486883,45.0,5.0362688385640855
249.02007697115323,11.112251401634438,41.02570370768279,38.35904584262783,5.30368835520567,67.36746952322234,4.758333869844569
146.48185650088217,15.000299584644504,43.0525502768128,34.06191134879314,5.95981150644554,77.5240378544306,5.234078843074195
170.17385412717812,9.551927528291449,38.879661739081975,36.48126162010337,2.2254290119830595,64.82709489013739,4.032152824576652
177.7595851820684,13.255999938053868,30.100124904463808,20.14229354485831,6.194776678577401,47.43305681690394,5.848741975663046
200.8712492803083,13.187143673847451,59.76058252108099,22.939082379571527,6.429006473232883,51.94525020987335,4.769473243093723
224.41271301345907,15.120942768239964,44.01180958394117,28.562252354611783,3.85474564274267,45.0,5.5716715253873375
190.11363567705385,8.474706540011685,41.80594485324825,35.2687178940662,5.57252087883375,84.000959718389,3.483460620103582
175.46469533682546,11.577498608168366,40.93621849761692,29.54057572624378,4.086571167683635,45.0,4.812218627518584
95.2846880994203,14.906954686639349,50.32970181005141,25.442104445708512,2.369962055229175,45.0,6.005060302496888
165.24103706288656,10.47271369318232,48.3773211626752,38.71295034248918,2.8510848324360403,64.05600335197272,4.628757103467633
139.6513671624498,12.02859365452212,60.905267325494535,27.16490629663836,4.122766012645718,45.0,4.907025710312396
225.13158803200275,14.27520952676402,30.7782048926682,32.63978849195034,3.210081298065429,70.6522495662723,4.646145416209987
187.3030792344518,12.77124444395187,52.08325434775266,26.143452618101332,4.320695680985857,45.0,5.605083118154882
213.68872469773504,15.141911501736066,47.37575281241773,36.784659530402536,4.4266891519654,65.95603963288796,6.045950847016341
181.88573886840663,11.942215038781194,63.96535390936158,36.47477404136088,3.870531568625677,56.83890221182766,4.796616796627379
225.3283086420529,10.443032306014295,30.15388612394332,29.285943220574687,5.5620115897678994,45.0,5.981408557885708
183.53260089662885,13.741266227097883,40.0340020127375,24.08222311949635,3.807013499703698,70.07556573663886,4.650590113925233
90.16724280647578,11.597480555719612,46.023598602809145,21.41917425369758,6.043403695562343,45.0,5.598300721862572
119.3442508749446,14.098381964760732,49.20792897388476,35.580789606829065,2.553797676666303,45.0,5.362957692978524
130.19604444079377,14.86093580299861,45.5669023254901,35.37865944133361,3.600468518360784,94.2782629251216,4.077664429672809
141.76379607948368,8.42241857404444,37.8739597864807,22.667295966665243,5.922406174991698,75.2988282222623,4.033070998183455
194.52912701674413,15.046889052687664,48.62199757894739,37.484097518348655,2.7290750061261235,45.0,5.52040193624487
193.43584357144988,8.826594662933989,30.82556539581117,32.704120045403734,2.9460657749307644,45.0,4.771459950580638
124.62828788285393,8.745524124672412,30.90145553752905,35.14181651086803,5.25188598752209,63.11591660895489,4.2060866818044325
224.3481974102072,8.073160195632655,51.304081654999095,20.621867259437828,6.208284795652365,45.0,6.12690980097601
235.76911698302925,11.55827103191378,63.60469778493184,32.69584192171138,3.3743291943634,45.0,6.005210638402575
243.2558945844754,8.495867166776819,31.12758422987083,25.26212464648789,3.4313465256732822,45.0,5.348941710292907
178.2095689278581,9.130779957211482,36.19316670500728,21.23896953401938,3.4975694890843307,45.0,4.485113293749732
208.64408238110613,9.385447423364448,57.14884983609076,35.10743532246025,5.718848552696658,45.0,5.648418725607414
96.93072276091368,14.313909022154268,39.72988118496329,31.80388614803774,5.526295068801403,59.05764829881427,4.8728569412367815
224.90036224921056,8.277819178703087,40.72017632260622,30.132985411164874,5.755810669750129,52.49835167693029,4.637056188109199
181.16328581428007,14.209112084333128,44.43060014214141,23.350172727205557,6.463512098693547,45.0,6.586687910698071
127.97080096466092,15.431605930493802,58.86947669399847,36.86171970128129,3.6327646923035513,93.0403251250996,4.182807080061003
96.9871132885779,14.17779884320674,44.14667209943119,34.14640771294455,3.041688033626729,60.192443916177815,5.145510226591763
165.49680438254154,14.111808344127931,58.72475602994353,36.21467020197238,2.432546096692744,45.0,5.632948043142573
234.75139085333052,9.396091341177913,36.81614622456808,26.439626414682664,2.422605180960348,45.0,4.538998360368063
98.23524782160828,9.909224611169533,43.47366858622996,30.590946499509,2.3874412436854424,58.33228004070112,4.597908280627885
170.55525911538382,13.052413039316807,45.43565935060254,23.734983019080158,5.759371851024006,62.49537858595173,4.722810096900034
180.01077570427805,15.50425163109444,32.51216589387592,35.60962124470551,3.7665996478126056,45.0,6.094097874444046
176.7094846478455,15.611108938146698,39.3881806218117,39.537677621592096,4.565288541783374,45.0,5.920815447264946
182.4945965285507,8.06862880042966,37.844584886620616,33.308344329275364,3.6507729647234544,45.0,4.287267680817967
207.70722802321325,14.617507473451536,38.30597764751951,25.754125442956333,3.378638395406301,67.53702608458215,4.255944054584045
171.38728134339246,14.3771549897543,30.620838555496757,32.5951108212541,5.193938436394648,77.71403065632056,3.777144487420933
217.6321310593061,15.591586381996276,37.85652099664916,20.77572255291281,3.7101253462179606,51.67925990434452,5.849762263395899
227.2527821209431,11.855062014953408,38.39613104353048,29.66887962919688,4.352141985098904,45.0,5.275646415567355
231.82814928001636,10.198383041059271,40.69136453446362,33.22489512399313,5.723950933569386,88.43907111107977,3.880234211844661
244.0031664258665,15.93279251796354,51.94667154945587,29.289672705710288,4.806063794964234,71.30550451344409,4.5224438303235655
140.9045885471155,13.086890049636564,30.03019312102525,36.88758824712501,6.197252817701044,67.8292226026776,5.116268836339762
246.68451138532035,8.7352452346328,30.68063098071416,32.199481031449224,3.744143461868416,50.77651483419658,4.877029542880387
124.60406338324664,15.167859508798989,63.39677588090684,30.05286863695773,6.174743705369694,94.7076592833136,3.992199771412118
132.946432808306,10.790891757780129,33.338163112316224,37.27480455928624,4.957715667566879,55.9503392707982,5.309162339676384
185.99059086957297,10.049606882304603,56.86796724565943,32.43916276078445,2.064704579485062,45.0,5.332208537486462
248.51955275047183,10.596982177897624,62.55618079997932,31.91286114471319,3.1811778466578,45.0,5.539456651568647
181.84271960808636,9.664246175822392,59.39441714199086,32.5149610483134,4.056753981048212,52.69154097104267,4.2268012374733335
236.04644510378048,14.752068974232104,40.511025217318895,30.055270820757418,3.809920067118559,45.0,6.440153694457054
216.8725380682189,13.401843443151884,55.85122985785091,36.3304942546056,6.020791030148671,91.83263275037264,3.627155716963028
81.99767980728065,9.6724909306592,63.88015028237201,24.20768805702877,3.376273093903853,45.0,4.677760289845573
190.50201581813985,13.929346453879102,63.74578764019259,28.21093382238954,5.156244682539901,45.0,5.772753943527627
176.07334120387506,14.41705523283149,46.08073945446668,32.02543543601956,2.05781787942381,45.0,6.417623199245176
215.0779814077696,12.99406462447882,45.97163205748648,21.77247979950226,5.340721653896552,45.0,5.0640927826331374
247.29117463615796,9.807090716450682,43.83594804042728,28.983837210808325,2.776859300341633,45.0,4.145222491747008
214.0971785951287,15.313183642520556,40.11236997991351,29.811941541495827,2.3005681064233507,64.99064562101167,5.051918512107806
188.60220333135652,11.819970400924223,44.849063057188005,33.54824358308325,4.779994261785137,47.29215659330903,5.1346725517774665
139.4791075554115,15.765281404142062,48.80242106062829,31.47565679318874,3.7088662521908615,69.32238245646307,4.832293905364989
180.3695083989801,15.841817047300452,33.33770380233642,21.173731934759477,2.277003867826434,45.0,6.493026079500373
208.36651959553987,10.2930194137804,58.3754136664149,33.00194349242774,4.685076223591863,73.47850528182742,4.454181776601288
216.3380870135135,8.777321815061098,54.02181788123421,25.246574527534836,3.2279636439812736,45.0,4.19084377316036
236.23931465267003,8.142906192432987,33.29714945390112,30.193699602052163,4.185588907457616,45.0,5.927085692651435
157.24548153457795,10.63618504078288,48.59712767816093,28.61035746242257,2.459598472814393,45.0,5.7073306542794136
80.5694729857086,13.713284023520412,42.77839820105518,21.783741324021623,4.85560331373728,79.00743362931313,3.927594779208969
225.79380987170703,13.360826514881712,41.90440536441183,34.424102109312706,2.7531771265986835,45.0,5.679939800601838
231.79754028075223,15.389121391686452,63.96031558688358,26.112661853151657,3.737747888287141,45.0,5.978648179903859
114.5151712991458,8.504053183190772,39.05129773462567,20.331563284514324,6.466704523560876,45.0,5.681564706002364
241.26718439794973,13.306965976754988,34.10309717810074,38.9174026330177,5.409293094785383,94.67150710342278,3.4140417727425603
162.48381050996528,11.600404791758688,49.292481054983085,36.96301432851188,2.5697944809524618,45.0,4.833135375147341
180.2130847266744,8.686657871269778,51.2638521832544,32.70557513530022,3.0506070817436486,45.0,4.849892885010608
165.5881551205423,10.459127115911402,31.81911586685145,20.98861248373064,3.8663018648529386,45.0,5.486493969463442
229.13924153270528,10.867220177397868,36.20913805197979,30.544296166343816,3.794572694049971,45.0,5.309332720499173
249.3974113768912,9.09145998075816,53.46848043335493,34.97871217366073,6.491328418606062,57.78239387040816,3.728223712495838
245.13018145365828,13.616675153217429,36.5604688344018,27.94787283401822,5.16893537341589,48.88444471166018,5.876530719232551
104.85136138876118,15.635293247911129,56.70312461678843,23.704319047455385,6.030997272693439,45.0,6.606177888967402
207.07116965541243,12.96688463375104,45.16528706082296,34.83132575496751,5.377426294153145,57.21448834227625,4.939267886268939
182.13582808062915,11.494781144003625,33.41514151651372,21.119419107794503,5.735203303578684,72.72719869557123,3.328615901323774
93.84115574567016,9.777551557890858,52.38997736593852,25.52065447734818,2.358911959306293,45.0,4.769503370508341
116.07363850829992,11.67545921118344,59.79891345310666,24.55745743159166,4.731194308945323,70.48269108413498,3.314802999935648
239.427374586376,14.325619542542745,57.33188769156106,32.45540034462316,3.8595031335360703,45.457511064008216,5.7714105905870285
122.2020136283098,14.428731663166449,45.92368679176608,21.74741264032222,3.5742405021274277,45.0,6.477708540808839
134.96347327524998,10.752134950295291,44.97530672388469,20.69272055826637,3.0781016383065856,45.0,4.947112796092069
118.06693490561446,8.714852641362562,34.48386943409976,21.67565764872693,3.4487783285786207,45.0,5.26519233760518
94.47964233779147,15.213489402783658,56.58744220632239,29.440351756924983,4.976762672406409,91.91577871767468,4.158364401453774
140.31914372395053,13.046935343989809,54.90499254842523,30.03456082649497,2.990001854006444,45.0,5.349980676788054
173.35879188080767,9.152955542396114,55.081000767967325,23.514240249077037,3.1279076299872983,45.0,5.220248625170472
152.90286176529176,8.173030716821017,35.417288303667725,22.568773917380625,4.751138729794009,45.0,5.487730165213085
246.31058908721369,12.954384480975769,63.19156395924774,23.71984768193676,2.852107129986445,45.0,5.7189591092571055
111.84066306821369,10.894526223413246,34.34624591611308,27.862945185842293,4.8865119461666975,55.99400222431273,4.750547291379599
225.38436068154925,10.884539595488128,52.84914944970275,33.043406928063646,4.28452928987646,45.0,5.763456832799152
240.0137929960448,15.907822393366846,52.0326404649621,31.657523957937,4.87941703480959,45.0,6.984693500952762
165.35392629200996,10.467141103987428,37.16761916932053,30.491054149976392,4.5447871172857885,69.91210630950579,3.8675651062650687
150.02948065961465,14.854622482689695,36.22259455823769,24.76512768112305,5.16411713005437,66.88035598280958,5.476296536825934
193.93087680492857,15.457942596987843,38.66870669519726,29.74803604229534,5.2296618202439165,59.40295325763096,6.531865072571819
107.61903412605254,8.574996691193805,35.26800110372328,26.782989321465376,3.283370478740048,48.06419074518916,4.5160369449029645
169.41486293536764,8.46601008554098,61.16066020790481,35.00141380905868,2.3532394809184094,45.0,4.85974008291516
185.52423304334752,9.6219725672829,35.75111905483836,37.908222738515335,4.92488892934125,74.44234369322169,4.375121506092079
159.80171456631737,8.16612221002778,31.242616632643664,39.83270507689293,4.101465248192545,81.2006918564315,3.075183498083544
127.88319955096038,15.86753695053772,62.93194150348741,26.294175202563288,5.123968456082476,45.0,6.140634782362586
123.93892976965677,15.059246369809284,55.808900648982615,21.50791713563562,5.275958853193228,45.0,6.859034657665736
148.64986335325673,9.523606391037394,37.45050321166927,28.13807003563162,5.002448827087963,61.796835604005295,3.8826585602005306
113.37592578285998,12.366037026591702,36.80369469593901,23.1038882190612,5.4951081936748825,45.55402794017465,5.058486052869752
83.666804861776,15.644238332680672,34.39086994255687,29.51244362548413,6.057076269260969,79.45533161160185,4.060327771763545
155.68766972674308,15.742300575633198,62.44238310700107,33.94705589404552,5.237694430048789,58.098513692673805,5.933870812425039
245.71153836888047,14.96791560718208,49.36063207430456,25.777042843239315,4.589808873944395,86.14015548708318,4.367912515548708
246.33555888282075,13.132583629546849,32.077486580932074,38.40163470956644,4.61875552714265,65.77283340644482,4.892877128566704
91.43585966301504,9.70470820972236,55.42603038141094,36.52824307758705,5.651408148028788,66.33929674656184,3.540492340981105
109.48240410370994,15.670676015183318,48.123963821133486,35.86897115179486,2.9194979110139414,45.1168324050282,6.709560591939929
237.7741098687476,15.7273922883366,57.58478475192571,30.27199479809609,4.588402131470123,71.70182012387389,5.169901873611301
143.08047777167667,9.228014021068562,60.87113299068969,36.40294822787235,4.763224784843814,45.0,6.079139297399516
155.1905663201543,12.655107020763268,37.8805846535489,27.82738913736953,5.62063773711896,74.12597918615755,4.6367206776694285
138.22255561253007,13.304458808484403,39.36002541141277,33.60952919389274,5.48217649317293,45.0,6.228557556903144
175.81142254643305,12.060941294778868,39.96590642299897,20.581435162239703,4.09598045356467,45.0,5.8076820919568615
232.16118367918125,8.872248757807434,31.161140980550478,30.7012218844408,2.183733908525625,45.0,5.553268612607081
157.8376886295581,12.73269831871962,30.58768509192604,30.21936951370952,2.091140006879603,45.0,5.953481337230826
228.69526776240048,13.1008265958431,34.04718534876007,20.477395656900686,3.4039004298658417,45.0,5.599253974902741
245.53299654971124,14.023906785284185,32.01855919074017,31.118130073003226,4.27019739836568,64.1522164179902,5.199473172115191
235.72356864509575,10.348293486412008,38.36960406435841,24.910227642098143,3.58010634045778,45.0,5.0808527727555095
135.0223230901386,13.994931283174562,51.22909776951152,24.136593386706966,3.208394438868257,45.0,5.915127687991083
125.94968431860336,13.312607982260538,53.57235905671991,35.07837424920712,4.449758834697493,86.82521257014918,3.5450028838790306
123.39474869099496,9.931508406784118,57.99368276579571,31.578217519584246,3.6001841528942897,45.0,5.689797710877965
142.59191335232038,15.79377839263186,52.20403880852791,30.676088847135432,4.942477466223592,79.20667737831776,4.770015108011622
124.7353355278502,15.80023871261336,59.493184086714464,35.8315473119677,6.134679374460663,79.60418487067422,5.551895043626462
168.8597264501508,9.44281258023154,45.94937356241882,20.907977086584765,2.3776558692326826,45.0,5.927301568159551
216.9815394626409,15.66464996269444,63.41195937382154,26.68366976937922,3.33748486327169,45.0,6.6512518269368375
209.18137450796848,9.160799366128844,58.41518562386727,36.371167521667054,2.7518595114139144,54.88960007440671,4.163701390175536
118.33434309296148,14.36385572219505,48.39940435423554,26.75806238347625,6.251681105734713,88.04896772764836,3.764436507654648
174.61898760649848,14.134617347443022,38.988403742320784,24.515003374799715,5.871408216702772,62.01779694166712,5.213916974627647
244.8561495819376,13.861036735108009,59.02250852306096,25.778014129734093,5.950310949488936,45.0,5.629201768887947
244.6129101155799,13.836297747660131,46.39400114234651,29.17006493931348,5.216080933831609,50.72562453322724,5.185261044838804
191.32945980234007,11.96987801974496,58.89696968997348,31.74758763601681,2.874361141295358,64.8327394469547,3.4635734987050792
228.46470538737168,8.03262695651096,64.32019159544608,38.99393502708698,4.311326740994433,45.0,5.365692834150874
152.32561448884525,12.34489005636262,64.5675750105455,36.742475206899954,6.419151063635809,56.10717325460469,3.94218928961266
167.59281823162615,11.992384528502049,59.30817854981928,28.69082460644584,4.351458050698799,58.72118335060392,4.981250457635452
236.97080139344357,14.758504727455808,31.758439010676625,24.719585072662923,3.8728880506989927,46.43623441756274,5.904583750874442
224.5769243769631,15.032862592442171,42.06094933221889,20.93349006793869,4.852816176876707,46.61213222622105,5.657846476168299
93.70082468734924,10.072762031357758,57.45362462976999,38.4216484665736,2.698041516580997,65.47617810137135,3.9029439011528906
182.24424582350585,15.079377501131288,51.23579653504093,29.98619242698299,6.493968140295683,70.9667773801675,4.971953172329599
179.67564105180554,11.794022630286042,47.06279563589008,30.299955181719348,4.09055623348027,45.0,4.7706279822146
119.9979712352311,15.875880339563157,37.06038808025261,26.26408733878132,5.414800271937763,63.706058450868966,6.050424923529415
181.0431923525651,8.202786356846483,51.128688313135086,31.33140306660176,6.041737168802786,73.01908365854261,3.814297867155072
246.6297653001604,11.244449160830715,51.48789204210307,29.84087261606296,2.507121046763905,45.0,5.112961926796959
84.33844944070343,13.31654624048714,44.74229893773277,36.64203643233399,3.333360430660184,59.20872753460503,5.501983351688921
97.53243820264046,10.553204312017137,59.07668208184198,23.689989475653885,3.058285952631855,45.0,5.21913988679
136.58101865357804,14.639412101089835,64.2383464345456,24.183185616195917,4.849097758411121,45.0,5.594388813393577
152.80214682183748,9.537163195427013,52.75062842882699,21.51782824993983,3.333701133002513,45.0,5.962245691301455
144.02403563305796,11.758210569573592,38.60099443095629,29.49242876628291,5.534353644319694,45.0,5.533456836498119
242.95991972205908,10.180846369493324,58.4291502374434,33.18177084266033,6.012263162245256,45.0,5.486127816880842
101.2710502059911,13.30136247237778,47.37825253661598,26.78764699194865,2.787608434401801,50.026235314295086,5.552409734868567
153.5191101005684,11.875814723322929,56.56962680619523,37.38800857300345,4.685972937992314,83.84800195148698,3.5627621999982195
170.29845908637228,15.163473899864048,51.351740309093984,24.609396752209264,5.345536368327326,45.65370478967887,5.779155056043751
230.20777588532752,10.931070777775906,45.06571003931556,38.61728547856368,3.533914180098731,45.0,5.810537367103853
209.1379450411528,12.915361527188606,32.732734701734834,30.4426614919358,2.438219656743921,45.0,6.091444869291244
197.1347107529172,13.30315827345461,48.95174977043243,37.57779048404373,5.57848181939865,96.98250783961583,3.045101563483074
148.3063727300135,15.587693576414626,48.591686661772926,29.63032651272546,5.846998531132906,45.0,6.010077017846083
195.20053864298825,10.643911394046818,41.92848173835446,26.604826480943338,5.189451124913479,71.24361197134562,4.15020743322645
157.09401189656512,8.913763075564113,50.92267688839725,39.54982726178482,4.105401546874474,78.60988194823942,3.735919064292644
211.9199064474433,9.304778437608649,39.374098586614494,22.774060057881968,5.894581930559706,57.81345715596618,5.008086993760227
190.2316323883026,11.287861866546692,36.70209981403207,33.126031708218186,4.42187710631616,70.54757306100342,4.238106760482556
232.61132111595413,12.209776664650782,31.834679438800105,21.943899261921967,2.145780116195738,45.0,5.135853465815527
230.6074151280266,10.135568573252408,62.16218405185255,36.61411287893909,4.952876968252578,59.14161335495919,4.224417553536686
117.02046457059322,10.65671427628946,32.193377044955184,24.444620753178423,3.785972527820014,45.0,5.591217247593789
233.79340969551367,14.743415954753896,50.217869933034,35.03167623094548,2.3050968671540746,45.0,5.942539621229964
148.0262091485977,15.451070787975898,51.16872935877214,23.74670311150729,3.499458753459532,78.14770390690784,4.692422172998633
80.62322166218365,12.230705579795345,46.082961891134175,35.38493121503766,5.346632183591614,64.83074876937864,4.389375897388907
88.50456921087846,14.54272166096409,58.75615223740466,31.93291441033403,2.5499422803308507,45.0,5.838636783315426
245.53988733378,15.068223722590428,34.19622766837612,32.53188390145354,3.692065160972434,76.39062681806395,4.866029720822105
167.93712035412395,10.359953941563823,57.40576094326276,33.969861128983084,2.316551711465461,45.0,4.704761220919318
240.2654973369264,8.07505251143264,53.21405001229464,33.2079553278044,5.499850408857355,45.0,4.606847526320291
83.52931096061025,8.999735959048278,38.34916839387479,33.35843705786044,5.831135483203878,45.0,5.716638449646947
103.7006510786798,9.614968478388628,36.97268969819565,26.73342888036,6.1220494632623765,65.800196461472,4.423280004778235
201.09372956025817,10.0743091497777,35.13148166183264,34.65964543783948,2.816242960136409,45.0,4.952153088320339
238.7662833939438,8.730912465418108,30.51377497841718,27.6064877127276,4.80210126792261,45.0,4.553940520709057
177.93099915076917,15.535826436253233,61.579778722330914,30.879071146100596,2.485169784305354,45.0,5.6988693393333305
195.00592267628,9.249744109465272,64.9331747390651,22.4790028853416,5.5419821335559885,45.0,5.626243744859318
223.430032104709,13.044953791567806,43.338010629328224,20.806097908992527,4.728332493725958,45.0,4.9521553489336565
151.70947392453306,15.633654057074809,61.44610719577578,22.442954977489617,3.534789393389057,51.62089370012064,5.464632273623765
167.6919705331494,15.919494880652366,51.4306899771922,38.3301135908888,2.7921145799320968,83.98725414227364,4.7006482382238906
149.9670542285863,14.5626756810218,33.7780981798941,35.500699188193565,2.6777824592733808,61.10750996069631,5.074666939486829
207.82805545112652,12.774411823792578,60.41964610515606,26.852450236322717,2.023130519316036,45.0,5.720233791064601
175.71744050777374,14.634324887173412,48.84859380544248,25.35704016136441,4.882196041158258,45.0,6.162276273223876
80.42981174778961,13.819082245625031,35.735305384867,20.123021827473757,4.965438509800702,45.0,5.4491827357452856
242.25437643919463,10.75437800857841,52.88580778625521,27.293207822517417,5.809278395250644,52.652168112323785,4.847555771355131
244.30555361461305,12.912803195058483,54.40944449995053,39.67130950659727,2.4009361723109746,45.0,6.239057997850617
114.8569751175971,13.598945435788256,43.112866568864106,27.484159551265243,5.425252357086276,61.86634772711046,4.922887009226553
239.55940478623825,9.539975151717574,30.37244479530761,36.617675739925794,6.045063896758848,79.88485626186713,3.282049392502463
226.77606023709336,11.45720652587096,50.95591903906835,21.832663329466424,6.229663871872821,50.00550998432642,5.082243886460874
187.1863364388993,9.945571431761977,34.9749257952484,39.19910734345054,3.42533221211117,77.27017951658436,3.624396073148286
224.51385879536244,11.667575748158368,55.1671409995895,25.479013215398677,3.3912868838749337,45.0,5.885895690757579
161.35345271282426,13.599176047544557,31.534922854004808,23.453872446595728,4.202886521422762,45.0,6.158713790790991
129.0620387820267,8.80258162820277,36.728766940046526,23.99329693034024,4.419607583965547,45.0,6.043926286503831
105.20116786520938,13.386362762840315,35.60047480859329,32.62622121773529,2.828230412458225,68.90342225212386,4.307965949632608
135.73783710964182,9.355942406435966,55.49899578713212,20.969158759795054,4.949198194544657,45.0,4.684334595787282
152.17404384814523,10.040255202200225,56.11939537814101,35.03557851884318,4.130854791552565,56.33079203447695,4.636782726771951
195.43561695351585,8.932834961195509,51.88454913574743,29.520078845325397,2.8218221925887086,56.81794065429592,3.918940183466423
154.30293304194828,11.316896855628311,44.34383630668323,20.57873132136863,2.805793734248031,45.0,5.573098493589184
93.12459909967598,13.710735872255531,37.95449651153919,39.17675752343868,3.99104824643338,75.21611598017475,5.039745948099819
212.9107248298916,15.218214677277889,43.9546699566376,38.19049208378695,4.133966561564679,45.0,6.739629876918206
135.49058779554153,8.211260369068366,43.452755393502045,39.0009066517625,5.051679445181735,63.37337808302196,4.153405337511875
133.31760472439885,12.10097111786547,34.3366287505449,27.030800764963228,3.759952820429517,74.1425999676573,3.776404243429633
87.22946260282504,11.84307582906612,33.12030374689617,22.71456720903369,5.927606207936444,45.0,5.6211628681697015
249.19578141284543,11.054117085907205,36.67629984696109,24.62494136058506,4.625777664379951,45.0,5.883710807977085
103.1226328823479,9.047978569734378,57.3088141654707,27.768761124156818,5.052646829972215,64.02359125677815,4.591026217258476
167.08093352057278,9.72977689477419,40.54986024120419,33.5534934914757,3.279515062196072,45.0,5.205899399936759
101.59029426247696,9.98674638385106,54.68588955909984,27.194063193888823,3.3936289369784225,45.0,4.295429076841739
202.3065394769588,11.890160207761143,31.79454979720013,36.12494487415685,4.842897620040105,71.81007661940208,3.6514069001515055
178.76888381815945,15.612488938831529,43.9270380723642,24.64686778749905,2.8038203612842025,55.40593016408282,4.979941750834536
133.62140112895923,8.817840762602485,34.5112388560368,38.18017645160491,5.577817719631902,48.07893500273753,5.603369242657454
222.0037008343949,10.519328870701209,52.81860545627213,39.65855086251759,4.298869317697796,70.2666974909253,3.658165371100431
201.33103540284884,11.877192765132412,30.59234410923026,28.652991378391167,3.4893016966095955,45.0,5.911385879224023
160.43798985601148,14.73601094531777,49.74321271173652,36.78038979008711,6.07812811704601,45.0,6.4076260267190825
94.94890010473878,13.35962254248486,36.38553261963524,31.219203196039224,3.2991713860055016,45.0,5.872691972162551
148.7611134355696,10.262293810310284,42.006650683742215,31.084351293706817,3.227008592314978,73.16701801799188,3.904312721183995
136.75333880788722,13.67086367242688,56.06899035423497,29.718714836176503,4.2601936424169855,50.13330485789227,5.032000828795502
129.0834295499942,11.59428351808676,55.08628136482501,34.018626120795815,5.904769000391077,82.89834005094815,3.574049082588103
133.35848097847708,11.360151575812186,41.86802034447686,29.438407316099365,3.177074253840384,45.0,4.841523559906393
224.0191194588424,11.190960447512005,36.16162333703984,23.89737115395601,2.478532378994885,45.0,5.2036582135780325
107.10962568933738,14.951964777012254,53.53974689640619,27.53070086962333,3.9862803495306,45.0,5.944088890598115
248.20655917205093,9.433685023828351,41.60478991778992,36.143036122643565,4.689377821191643,45.0,5.473084285724021
90.53291535130344,8.468928385702597,34.45619305409608,38.59986190882484,3.6630394118558014,52.70950335803164,4.6404477751668205
201.5869723204777,8.13716183358125,49.93557294099605,20.143900065965703,4.847671926372938,45.0,4.937026483872741
87.58093179048511,13.80346034085997,61.79360907681379,37.3478266155665,3.3238899051812174,45.0,5.974498564130753
236.1000720844225,10.683204158890964,55.41651427770041,37.15449603620823,4.825293631533523,45.0,5.490638786642149
207.1886730855988,8.260478783258195,60.73473879440984,25.6065443281518,4.330248273617931,47.27408301678794,4.657022501425634
199.0776364788174,15.129791177998747,44.578524420574425,27.08950792230644,6.301817894074217,80.70042986700643,4.976378189541269
148.51595617167143,14.898844927847,45.96082803224392,31.24150427407324,4.629785936448403,49.71134652117022,6.166743408499226
101.49638458498372,11.399004164394269,47.32761935337311,32.377159113632565,2.4361726857186543,46.46494880974228,4.783561844118964
155.02846247172866,14.3603895033967,50.63077667650421,25.85933972922301,5.297712487382377,45.0,6.387162481126435
97.86680877308092,12.219994068687113,55.873010184990655,31.12170562641206,3.5229792373253863,45.0,6.032330480969215
245.90767764568847,8.494589314961814,48.57853303763682,33.80714127541255,5.950608632022613,72.29039650943311,3.362280382090603
144.88706030474302,15.478296195929698,39.317632968506445,39.88569766239382,5.911031151768383,72.90932864573875,5.655816278988111
179.30834430933737,10.744388994260042,34.15138971616452,24.047696406399023,4.50657885821073,46.79608017777207,5.397771690747585
213.219842022364,9.702322563746634,60.16620922180184,30.565108682030964,3.0917982311568823,45.0,4.711145884323978
214.92178599486036,13.25344759843003,35.62065424086235,31.820473932912783,4.244252409896632,45.0,6.164159072841073
106.96438291135412,12.053444486633593,30.7539347204256,37.75115445671749,2.6640853502051485,49.44531135917218,4.29459224875467
91.3115656027762,10.450506863305195,40.4837165289087,38.03501884968466,6.343696702841985,81.20345684124179,4.237687711143578
249.93571363583783,11.795464506007193,54.32483804904181,23.02166947932283,4.425817198008192,45.0,5.043031723604399
180.8788814093108,13.053516113684957,52.27402824833919,35.53488133085784,2.359486965906056,45.0,5.42716436147261
123.74786526060896,12.989027988950326,35.695876169554666,35.32105094603723,5.305211709294419,93.3797173603914,3.5329475456706487
218.0096954449884,13.957054426896477,31.661728759575887,36.06136530931616,3.2804106530744663,45.0,6.37173779846364
181.1223084885524,15.660371143973208,57.15509401698569,31.374893961713266,6.388287227537768,61.23322544653291,6.311000368455687
183.09743410636543,15.99488494156424,46.7456886776974,22.25780159544544,3.262045685394625,47.87115099372108,5.377586873747955
133.31001840740146,11.0237908323034,35.353183087898884,23.443493082424578,3.0985730442853434,45.0,5.435442021005494
216.82674287477928,15.731110153641913,59.06051129661514,37.54246768686767,2.643242340742812,58.72126298768303,6.008731600286169
85.02697372679133,8.855494830958744,32.33800402232809,32.33785088383348,5.800089596578601,87.38736456097895,3.9224640865217424
226.6689417866367,9.21960458727098,37.804346668994285,24.81470267475211,2.627866586350242,45.0,4.298152755848664
147.049505040482,9.531481189242836,40.49294642882943,38.54351793112771,2.5867741309231658,72.90073424151797,4.264989210438516
113.10129965333368,13.01569756663698,52.00837929884116,26.27129248780409,5.191336803452647,45.0,4.448940553618549
133.39049908584448,9.08599726315809,33.69248421874013,26.397060833167487,4.6811768140705805,45.0,5.139763791334877
240.42790672963065,11.738096474129938,38.48030012312695,25.589962490087057,5.574934468539842,51.06130057204582,4.964896641529829
116.28642733467684,10.808515534031455,48.21672383861525,22.22756667907023,5.60129127899633,45.0,4.943019630959293
153.9793808720509,15.778512371462964,51.07996274005512,32.18586980865109,3.943668030257637,51.223585633203605,6.728023847211417
167.7364452799081,9.88056237879773,36.54510969712991,35.60572988896479,5.257613164828928,88.07442258159148,3.2771295943656904
103.9641251162828,15.844166967455983,46.0544712469014,32.11365090886272,2.78145293454955,69.7277325690596,4.769625150105084
229.6576788625091,15.214638357790989,58.124597138653016,25.205389027071774,3.1719530644452707,45.0,5.682286122272844
96.71770034119824,9.533044340922588,64.76719169271095,28.053296210962603,2.8411600499403966,45.0,5.628271617151711
142.98267010753514,12.515741123486931,32.26189316749394,38.86654493112852,2.5391199076460844,61.85775987790054,5.180064336088118
93.25140209656315,10.22566315952564,44.411558701697096,31.22950676692941,2.8223751299432616,54.11636572891494,4.839271664376573
226.6455502842393,11.081330423668412,51.15688609525252,28.55240267160395,6.079639645700867,45.0,5.761043066060712
148.1725328445433,8.0409889893611,64.45085363557075,21.725649304463527,5.625338866871484,45.0,5.666997548685341
83.39217912825262,9.178828778382671,30.80284038377672,39.47993634806448,2.467553769735614,45.0,6.009639902672429
133.99023468910113,10.815539535635043,53.90160984289072,28.16825702382456,2.6265144416242703,49.24858004882935,5.238530761850504
228.7601409337328,11.297990510409935,41.641550904840656,37.99231737710725,3.2048660852532738,45.0,5.263229703967888
149.89737442821223,14.929830090643728,51.56837559009072,30.976869510431616,3.957495206213626,45.0,6.682595379846413
121.7254382958701,8.133137977280137,53.2116355354412,26.533530131583383,5.305583129575556,45.0,5.477784391588136
242.78275088820615,12.900591060604189,35.614077978016255,30.872434171780576,6.44220842063624,89.90339648209294,3.993588248177405
172.6905688865102,10.011580857636684,48.567424712559536,21.412573103277424,2.595032094024449,45.0,4.993333762078059
147.75258183876633,9.97965294517172,50.74577949679616,24.631961488320776,5.338803308368457,74.20567528863609,4.232279090336337
91.73373377359492,10.994940756591578,36.61290617316402,22.3266839117993,4.98011723425827,45.0,5.612785842648236
245.7834982692285,9.049492031913308,60.2996154936163,39.79022612163516,5.405683869842876,45.0,5.56558872414127
202.0471648425668,14.022077381463683,38.681923546644505,36.33321177639537,2.490233471384252,73.17340859766739,3.9399131567909182
184.55203783557704,12.481479331360523,31.414026502766664,32.24112102015974,3.849524634741361,45.0,4.687421725266907
134.4120028999587,12.562787794386916,47.06110634743438,34.66810555042305,3.1020468513036663,53.8422684051969,4.400987126580813
172.72517923623724,12.889358608774794,56.71230246185874,35.172333882499736,4.374125143441493,45.0,4.532929177136273
92.05243043809097,9.08902710490592,62.99426955165956,32.37038623016462,4.335496497081116,47.537110399784325,4.971686480283917
200.0964498110904,14.536303243221909,40.52106320111376,39.54639790637896,3.639392539539346,58.87659262501559,5.781167598770925
226.57330637819447,14.493682149944703,54.09510178511096,24.436368558165757,5.818828865793496,45.0,6.657622976669838
173.41018926823966,13.459086009428086,53.95251651067085,39.12883552035432,4.087662238572824,71.04294028752413,4.7836976868935
190.48643336100915,11.88237596480869,47.50969945529241,28.775345637390465,2.412946050610856,45.0,5.906119176206151
158.33278613987784,15.096133130835,47.15858289884298,27.72372753166597,2.226664842224579,45.0,6.24919011767112
86.41646342259813,13.68947592859173,31.86027222616033,31.882301713316995,3.620641988046545,89.74754851070615,3.981227328926422
248.80067587235916,12.352141513491771,38.3875755211523,29.70052270524788,2.599128797205806,68.66746965857844,4.2238132914956825
171.3330767241263,10.72310903697501,55.59638986409313,31.23518579330948,2.470507491767085,45.0,4.683456095263457
86.24369012328738,14.274697798791928,40.08040722469604,21.98487251085177,5.186867326226338,45.0,5.019046428536225
123.56668110879454,10.895158001588635,54.73698469901088,31.88480604254584,5.28877848091535,86.06501804281794,3.1916378053297687
173.47420327175,10.753154795794584,54.564439525865566,37.34139311453194,6.014206989675777,82.6917319077678,3.4774419116279
159.23498470157705,15.468592519175466,56.64947316294259,39.84221699603725,4.01819205538838,60.70907244353933,4.543811467229495
83.8455872916406,14.649043593811566,30.83912553070437,32.51243556060177,2.953774213909053,55.13828033765562,5.835177684034646
124.26301856015888,11.4430329926288,39.4813055436671,31.390433660512944,5.589339091588506,93.71626845305288,2.995332388150858
190.88833122577392,8.655431446268947,38.493560693832976,39.35804557834024,4.571206718484177,45.0,4.97189828676548
80.016287053601,8.161365095483225,60.30294000977115,32.20883555886517,3.794076184534133,45.0,5.2623078211530245
235.34423317057283,9.505544619402166,60.66210173540832,28.671760353943142,5.865747178157616,45.0,4.893096640601545
166.37337045620012,14.71899348461729,44.08929546589046,26.02452874174933,5.209879459663548,91.74666679890056,3.981846343113546
243.08520210430527,12.332434706496024,31.2004421875268,30.706230962526604,3.046282169523057,45.0,5.736666371791271
208.88240904970692,9.641576058377456,51.92456191440396,32.96505837445134,2.999592465795248,45.0,4.414390071833156
242.605110112184,12.53691924362618,61.303191284037545,37.837679918936914,4.996471681677809,76.36262003646162,4.104030816224233
115.84997748531016,12.50548317910302,59.6739475829421,25.53459258600124,5.838350334816387,83.41543500976071,3.625066305334257
138.39771876851006,11.406781120525572,61.06019652473052,26.338907393419408,4.300400819744495,51.26528356448341,4.222028151065555
96.45297511544116,8.062548652535943,55.19725811158888,39.1726339890117,4.706264261133745,50.28522930927848,5.434831873555652
89.5392727984939,9.323637207247824,37.83654993967908,24.90173763586536,6.4113674323488725,46.09028349288229,5.2338801493348335
95.60852094435111,11.666932502440275,52.95077483161623,26.05407597420529,3.805030402809367,45.0,4.662822053460962
145.76443394945036,8.442000703768318,49.66666578548168,23.81606410400147,2.052913890863292,45.0,5.360900023241422
223.79531412473227,13.329900939889251,45.90277904466434,23.792147243612163,2.8202313978163174,45.0,5.162082888067069
234.90686754084504,13.567497692019655,63.382200529923765,30.395732312706954,2.3844066581987606,45.0,4.8571044428280175
129.62706693389396,12.507606764369244,36.53174998878431,37.39689187840126,3.0520076968913585,45.0,5.162691107854069
238.84085701211916,11.421450057971963,34.23683683999497,38.3733253828396,5.161901674210935,72.8967420690837,4.130746213787472
213.04076855725808,9.480260918629352,54.213580638628514,33.60639303438045,5.886297500580033,72.87812039112647,3.749908623465651
237.75454196817236,11.487066007190116,33.138182295999314,39.86498982940988,4.069306119553973,75.48729332518306,3.342634824296136
209.87790845445227,10.203945125709485,36.40035891641219,22.11653217588912,4.253785160332493,45.0,5.42507999837729
183.28772159878972,10.071623876206274,61.36998624745932,32.5589067699814,4.3883369220967365,45.0,5.327828894039131
98.13748220663668,10.086873470737462,40.19694467669628,37.53642757205105,2.4866677123776766,45.0,4.497041982895759
199.16766595434893,8.839290808283055,42.38133964740016,28.674239234680652,2.777875472042297,57.78222738358518,4.283527281943476
153.1309073117235,11.983277998949198,48.163069394496205,32.50700533927397,2.1529902543194748,65.37053931212226,4.031967618813021
111.3822458772906,14.706335784444708,39.8426193931568,28.44698702131781,3.5668923032534745,45.0,6.581848544237321
217.87114423515945,10.00123103822894,52.94456007052197,34.68940984047343,3.587320570413373,64.66738721938563,3.692214403653751
233.2337774113197,14.402497970713384,61.99718951237961,26.240845703039724,4.12952156844522,45.0,6.762903018275981
238.89747621540408,12.65393624154716,53.58461024886903,20.335604260028997,6.490053810320602,45.0,4.796506533936202
126.2415642527436,13.19487606267163,50.18406354125119,27.46850602502253,3.1274369433038123,67.66418801103687,5.081956158601284
130.87200153903586,10.731495100453962,36.72532915243657,27.72879923263004,4.888255145991135,79.99135028803785,3.663983452484127
96.08636689994836,10.637348762465829,64.19673587755388,27.169530565526586,6.227498076713858,45.0,5.174198217609755
90.7465106797756,11.606611687802763,32.1338221581593,36.3763098205595,5.104091529565981,45.0,5.015541220153425
113.32517192478544,12.17061225813348,48.63868602722852,36.725918569453086,4.8693389672299645,81.44750051416749,3.6373743522087465
164.57431048011205,12.829683764089005,34.91589015148525,34.82384305021872,2.6204504084982023,47.06737537425904,5.484925016475569
221.17185776007585,15.609535600025833,60.118148777440574,21.395183868065875,4.515555118202599,78.52618008010232,4.735824378520068
182.8505797728081,12.225026755260206,54.9371950328952,32.20134535386747,6.272977330304217,55.15314311536179,5.490487306776109
209.05182238501493,15.665076046517347,30.44013805117271,38.00129398831132,2.964702918069174,45.0,5.7112996313473445
153.32425918414916,14.355973774985404,57.30642368383391,21.73647594789728,2.665520846607979,48.61922060490404,4.6447464012489394
192.64596762955443,13.021746235295131,42.50730041328415,29.207161133850725,2.812232041319925,45.0,4.96947411017777
241.5208201876197,11.189948246898602,54.06598762335336,36.79142144634808,3.4897534503895478,45.0,5.615338689161128
232.6671670506612,15.762339525601018,46.20105078829891,31.76640637778831,4.099212453749407,59.53230876486051,5.56023625886144
222.2577574525453,13.800534949418314,31.34446840268575,37.95919999738485,2.618294352327494,65.84344182599528,4.0954520529468725
234.9571346858732,12.027321951919086,64.40700627556438,20.9674264922422,6.144139172088718,45.0,4.382733657650645
227.12484625818985,14.77790893504678,58.74086486231901,38.524314536352094,3.168690055764622,71.90896921007194,4.544241484852716
234.84024365897977,9.191287733383168,41.46826319065234,21.955488469866697,5.706306802972758,76.58561081856139,4.145945155559203
114.02658506039424,10.67969381130387,49.33029083255144,23.536084052514617,5.413643660760161,48.1937815694864,5.3110290602839
203.4330074317632,8.034175055574892,37.82749646581626,34.327837065614304,3.4787574913325665,52.26885995474196,4.574312638069269
104.32911847097354,13.490105251451077,64.21739745084722,21.380082576199225,3.794965129963263,48.927408178162935,4.923583376227569
207.24502030083528,12.564155634564306,55.59051385974466,34.482048060519105,5.645733400886314,58.31515577585975,4.008945383329725
143.05361484270404,14.219529455266615,53.96218160756833,24.45838917946506,3.521496571194488,65.21380182154546,5.249690998954747
200.27946079072063,14.59284454104051,32.24660721247012,20.973166190811863,2.487981808895986,45.0,6.496954694275749
164.53513258181448,11.243999279725172,51.29379497117056,34.29371227173414,3.218470548963152,45.0,5.18239938529192
236.76477965077063,10.988622683043827,53.06529560634675,23.49301244847452,3.576783013889713,45.0,5.152351179089458
133.010800641589,14.891533603531848,46.79491251283151,30.41261812645144,5.672989243807677,82.38652274957572,4.3707320741678375
87.2909322557907,8.131786882590465,38.188195354089785,37.35417237991298,2.5451513517578084,74.22019808880609,3.664764453125708
231.12444379669168,9.761063744202554,36.57518032511955,21.848048513630044,2.700029939508348,45.0,5.38106203048601
177.53509923004935,11.865809397235346,42.85367734336551,35.86006617331631,2.7521644758802988,45.0,5.375555863423987
130.1059399891388,14.418758379540993,62.1457216997172,30.84184501474341,3.951429660010425,45.0,6.456135797701053
232.4402787360543,14.766529541526104,46.10348240078366,23.942368543763497,3.504910972411076,47.744794859265205,5.128247340201829
92.52044467372596,11.365022986975744,39.91882299616175,36.8427908831288,4.902003922230199,55.23266574728712,5.510410309431943
109.85806255223022,8.868202196980524,54.27118036306575,30.051163223368054,3.40493337313022,57.23349911861555,4.173225849156232
235.7036805302684,14.772369712599405,37.43552929963328,20.66552156669439,4.113405943503656,45.0,5.59553758050933
174.73169159019793,12.205941222225928,39.68483421880673,24.660106806758385,3.7497980077154183,45.0,5.365739484115417
175.43294983553722,9.797638488824193,42.65733316836362,31.558481457436848,2.460418235891509,45.0,4.130009860068418
88.48686577628327,12.289510092613249,40.70971919113696,38.04700494882071,5.256507403247759,98.00779841294388,3.568164065170016
249.94317307024832,11.739488426420406,36.406826507152665,32.963273808499295,5.137970510783338,45.0,4.20252956295842
221.91833772487303,15.05777997573162,36.88964412188128,34.14773905417199,3.4430417872618,46.61437304346335,6.215635158716635
134.89494837194368,8.983323630238965,57.14245892755466,34.71900687305238,4.029546404680988,45.0,6.139627984202088
128.74706782709768,10.296094524803785,31.438820739982024,33.31960152954808,4.9403613721285495,45.0,5.476243712013613
144.83845095453802,9.97467704330779,51.193863711492256,30.13586313883488,5.6227951280482245,52.33439481473943,5.422902285388532
87.67909428199638,13.190329016007905,43.695508645915645,27.078621268495954,4.990308639050174,45.0,5.595514862487983
112.90412413110865,13.165325592836982,57.89783786174224,38.59542261353354,3.065786946977875,45.0,5.932631122080242
114.08765761049048,12.346454715236094,43.993603851322334,33.02997815957583,3.57970050624413,45.0,6.089666323348046
122.12563502756886,15.308242734021736,39.88929506451024,21.12491499223226,3.243802693306061,45.0,5.889035225665767
205.90320552780216,13.003921702529809,56.52410849245376,20.10450331295278,6.242942028803035,54.33283913375817,4.716913020298181
89.16173267128096,14.310846970422173,36.47022918661587,21.830181207596965,2.252047772883256,54.64461468620907,5.396284663738423
107.89241046645506,11.700991088330971,40.540729044626666,39.50825166094788,5.439258470150721,82.45035078409725,4.428861686846669
240.38239103918377,8.298964548795931,35.59181148022765,29.97799186702023,4.785143920113102,45.0,4.928017263853848
80.64112390542999,11.053314455345213,63.79108140434321,36.05279254870859,4.396898736222357,45.0,5.248231067921104
197.3002621434945,12.11438059795868,48.79320447812296,39.52605233080765,5.776369053386901,45.0,5.7386855068110165
198.0283085451992,10.3056982579903,63.57333694763307,36.366043629111466,5.349796846832365,53.958701281173006,5.024749872248749
219.14631386541484,12.280015845902554,54.83574913415836,21.012397722423025,5.471724498420462,45.0,5.190090829020891
126.60925633001506,14.673993888885388,49.08111232457129,26.8143174372044,4.467442699522875,78.07808296342796,4.219628016545494
95.99721695943362,9.609010843082066,59.74839581590847,36.97519707391133,6.159010600007419,78.07457128900043,3.3129121734045905
242.57779331179364,11.412531485925102,30.791272855796887,24.31762864610481,4.12086227516512,45.0,5.383668445119714
240.86138190387368,14.013668700312133,42.69777019507136,38.03487457343509,4.780552745840462,80.34648887513123,4.4031627629321655
110.14157407761842,11.861914146307956,37.78318549114997,39.57950883486446,5.761690374884487,45.0,5.8171622877838445
223.2400407797201,13.556644136320775,38.11399023964539,31.90509849619737,2.0367944296737246,64.79555369675197,4.465376682536558
215.33413851159463,10.352596968799704,30.56448842356508,37.6546448144143,3.2727258078989205,71.93765721408745,3.7890120297622767
229.5408622339421,9.411300359299153,56.73535147456965,21.068727417328937,5.029012223851855,45.0,5.121390547447444
149.2814511282362,8.203590921394962,61.01511086996717,22.514360860921684,4.669195938775072,45.0,5.68248966353525
178.1862588775847,10.010749701512992,31.292262403140533,25.796458453450004,4.72142930826039,75.96951798022408,3.8697381770302113
84.88317896802887,13.795515591678956,56.1010149930212,34.48420662092018,6.25515235514771,45.0,6.3313570392436525
84.79106352060734,10.067779635298288,56.00097469635217,28.10081552947056,6.37456272072531,45.0,5.591897807343923
97.34483950764373,8.818069613046875,48.93939399858567,20.026299070376517,5.73375946395069,45.0,5.385834835618414
237.86611114591847,8.273335377451,50.50170340993657,36.30549335930335,5.133534437017051,61.08126908095839,4.140081667729248
145.60120604963504,15.672959813934064,30.586188918296088,34.10099169456389,2.2789020150285366,47.86763120123222,6.383458387515355
125.8565626392842,12.638323444413066,64.74175131334678,30.662733992846107,4.715238476115951,64.20372427965928,4.8814033028412585
129.93344223362914,15.586621855301814,58.71480762109074,23.404153743790115,4.531927086714992,63.1248566595368,5.537591696854968
142.4290764872853,15.564519884757669,48.64950012461945,27.897649109796152,4.587247803857021,45.0,6.038152950488774
157.15439199864068,11.746936624013324,60.046344708832045,24.95074076016348,2.038434105266368,45.0,5.38204399476628
188.01817363250277,8.587162771876406,48.86543669590237,24.81775347953056,5.6449132799747765,46.01454536994897,5.330198588893975
143.61469237551967,13.001299388099511,44.64415364966855,37.00916415840546,5.467507814786561,84.6279503962931,4.12852322327338
89.02608093351458,14.27786237730543,32.98326429774203,20.30617104822185,2.476679085388429,45.0,5.818367838665187
110.48834582308216,10.746666202544771,38.58009992354229,30.70341146708784,4.95829142296375,64.2200210639463,4.19367692611461
207.71827076412407,14.205543049360667,37.29102874218621,30.696185834571143,5.7865036395652485,74.93425893417151,5.089279401797185
107.52259878698996,9.938394900391993,60.10106816692331,34.46540311435517,2.7089445958087106,68.8755723043244,3.6069424999820656
244.3544726134082,9.76041131543302,45.79618956368547,38.80972786522187,5.537253423599752,45.0,6.081814719773234
192.65644669520805,13.447934922682764,33.7721098218087,34.73086641068103,3.9430276032389417,45.0,6.024884023588539
164.3109428408751,12.995671075604534,49.307818898589886,30.64917721142099,4.324592478352004,45.0,4.514320190669986
134.7790351951993,11.639929098386416,61.52207974587572,29.94236418820541,3.974283910328919,56.72099393438301,4.484864516167487
189.2200919773387,10.481972186108788,54.233081999821664,30.91781145067938,4.4412615624012695,45.0,5.561619475146205
122.00436819867042,14.641547008006103,49.33799479163032,22.284192463269843,4.283317390378704,80.56613879313723,4.421220082927964
228.64934914747505,13.61960988894523,36.03494333232473,34.26251951882665,5.70669350824699,97.02994709206752,3.104730128461937
127.20642621060236,8.199656364929071,62.61745181616934,24.354871303488288,2.2017724846038145,45.0,4.820802060215279
175.44087801232524,13.12783916900288,37.106328364804085,24.465846595868623,3.364228030094429,69.4211604370383,3.5466109263194334
234.59874222381544,14.936659071712606,39.37909870751982,36.010726388484514,5.934848477788409,48.174975463083456,6.30106829966265
203.71771771390812,9.819114647422182,32.56085240211322,38.49826744700002,2.8194200817522743,46.54481158466292,4.578410412621502
135.3209635668746,8.357942430109555,52.96273634500017,36.904974958434586,2.954876576955425,45.0,4.590161248112308
244.3741924706889,8.654660934358454,34.91112562666855,20.35824074478182,3.873343783181457,45.0,4.74802181264362
243.89215292444803,11.68786991727179,37.77378012636292,23.462278745849947,4.596531176339175,45.0,5.75075086165516
201.23257391261853,8.479424737745783,35.796085236510166,25.182246915845745,2.591554822835496,45.0,5.386228553406295
182.0694985414301,9.948474716357891,46.188453519516,30.757137633775383,6.481602280928791,66.30140056888652,4.5257836835447245
109.81470135166224,11.290688856352723,31.009531739101742,22.67539640103427,4.96919961460406,45.0,5.556629839561961
112.22863013047092,10.334776403986332,35.192217487004164,39.571649374160856,4.423656339999088,59.87965368041901,3.697303857587297
127.84582402811958,10.799078458709982,32.92214643727867,26.09344973544885,4.080385591215919,45.0,4.833571887575237
211.65092145049036,11.929407342833526,53.2048390770132,27.12618203694943,3.586392467047191,51.31723955459957,4.086201035190628
115.02313086025924,11.302769856380294,44.90447423938015,38.765385337052095,4.292307960687387,73.87937221587362,3.4101243548373605
106.73160579644632,10.100992235930146,33.16509344887705,37.28494305645227,4.878709017256144,73.1450362203778,3.892461184330698
189.046168339507,14.721011642451195,42.52253174667701,32.93816397302008,3.923126492703709,86.89181547301669,4.029960344142213
96.54693115903966,15.48526480822744,36.4394079003158,28.80964629546461,3.1311762358765343,80.90079991441037,5.023069690593089
242.97754116100697,9.936464848581904,62.10775555088831,26.62265059332796,4.235264339254003,45.0,5.283833269047203
119.56338883151248,9.324222941701768,55.90917683017318,36.18948080095603,3.731151521324131,45.0,5.447586118709831
96.1902980760529,8.450026922198557,50.55617516189712,20.83699205819904,5.43286118303307,50.79073330289005,4.568726063158247
168.13188259905144,15.614539543024105,61.86369022496651,32.840652355187146,3.225906683542766,45.0,6.974039237564499
165.01466303788493,14.77564939860904,44.810475661255154,20.45891862184599,3.73693373045589,45.0,5.615599713526278
233.3023851090466,13.440416062060995,45.25292648307671,27.653244181548352,3.899804509223776,50.90522459290467,5.773453918216287
188.9413519197522,8.397369878079688,59.72073634344209,34.61552654936172,3.8076473774829984,53.50720300311696,4.249971413883315
137.935982057137,14.04798561056018,64.10188249534966,38.97904558731964,3.31184558197049,45.0,6.178055498723296
104.37389410898729,14.26847752852322,44.84034547729196,30.019313339253674,5.791529674345663,98.62412679321008,3.035243695820432
226.602804967204,14.928798069453242,47.56831025924449,26.286781526699237,3.012692090039546,45.0,6.405177974872785
89.58095438284269,9.708287174172195,41.35566868856429,33.632096188686496,5.510206159335064,45.0,5.68030075150592
159.0349302766949,9.472830188253072,55.23844397805193,31.254288102112163,2.407023978409188,45.0,5.009525052804728
185.25120234292743,11.8278236996892,37.84042296841193,32.2734561200817,5.899183558591771,63.70037094394229,4.023538183149241
127.30923896308433,13.161267702121442,59.12145514523526,22.79244800241337,3.5985270968180325,68.7548527004548,4.781210408652033
171.53350043896225,14.002655854952142,44.7730498274794,30.77488958890016,6.094071291892082,45.0,5.665481293860953
224.8580892543062,11.870682014976689,32.49686363109341,24.981129817957918,5.455850286115811,65.44836556524419,4.966894338314892
163.28522267246572,9.444442615528944,36.35009211284837,28.682427883187422,3.5061205383461065,74.24346013990903,4.333231360106685
107.12457398104324,13.987773780062875,38.38014524127073,34.942457821567366,3.7501334186114574,94.01806545565177,4.103239676690678
190.40789372730137,13.430306885261196,63.99359669697956,20.92685885646766,4.464260782514778,45.0,4.920617582824378
198.1740224355389,13.364484271839116,31.742677247443314,24.894518869931176,4.769840708358897,78.84696733982268,3.76122930080953
149.98522494533472,9.66899015170583,52.12065675179899,31.53278533455808,3.3420153966664685,45.0,5.209411262926231
127.56407496116891,9.200178675671651,51.10916868403434,22.195675702892647,3.4980568794716707,45.0,5.34799763686466
224.8331314539996,11.376147782722018,34.31291703562677,34.155306073519455,5.783877004963767,46.34804027710463,5.94919165886997
98.17163934953878,13.120142198687397,63.95541215031208,38.45538305446304,2.692843252712997,45.0,5.365902721550768
122.1436955439309,13.947998109271834,64.86812549908143,39.97694304849471,4.093324030331017,82.37582619957743,4.469388079710992
248.4426167443297,10.759159913276594,49.65360381869402,23.625511756970063,4.652230992438316,45.0,4.78889509059168
232.93956976785665,12.513190239236833,35.05674508270332,31.37094497856805,2.9957263438052584,75.10621736633726,4.305750179674637
129.7764679093226,15.186694786585408,31.717749961926085,33.03859117021361,6.244155289628333,97.15363532230792,4.407813766268562
191.23764871534445,9.227759496624804,55.46023628846445,34.47017095036584,2.8543033751332043,46.07703929602079,4.963846354739246
90.87501620316914,9.216527061305468,54.44281031896821,26.887153262763263,4.822412382701778,45.0,4.771573131403214
191.1607662250468,14.083982669119168,62.719790984694406,25.56211426955637,5.961247410200764,49.34199949626408,5.528252578567681
133.05810490670018,9.57603890888032,55.66869342220279,33.81754788570311,5.019144315864827,45.0,5.095015016960058
210.17163441139903,14.491620820869048,32.10746186418734,39.38148044235345,2.4501739989762346,45.0,5.215456339885908
120.87096001000972,12.190606469319402,49.3059540710409,34.47649628946304,4.555242026069432,83.17672644659311,3.338506740122852
231.401230810612,10.607321244787286,31.65611743335591,38.04156276497538,6.027123343650452,45.90814273599276,5.360193547526444
233.65297635088848,14.557899440470075,57.04308279915486,33.83064672978534,3.990557339070636,45.0,5.246915366602356
117.79526893856332,13.513552881706104,51.83665081926432,26.380422848813037,4.222265919056937,45.0,5.520355812897091
100.51811772493488,12.353246340268155,61.5217618886217,24.217716508561068,5.89826146504989,64.78248806264193,4.570011158441219
161.4243624491391,14.9170883585162,52.738785971408845,24.59430315844051,4.614682153078581,86.38699585340254,4.840412298988035
135.58998427291124,14.41610711889354,50.30226985940877,30.5162308534708,4.575996571794178,45.0,6.150133698460882
133.81729423529796,15.97789732924627,50.2982419750784,37.84403193130929,3.468635671356666,67.72848821576218,4.424128923778482
200.31343525477496,13.21225030876234,48.913565262389255,22.27139414342713,3.20156270897263,66.85501415569458,4.68775284206135
196.97581581649297,11.257907005301613,36.24348066735569,38.9616447596494,3.1803267069466843,74.44844723136097,4.135849308672812
198.48693592854323,13.298120117908798,48.68211684897236,39.16676368484268,2.228149537017829,45.0,5.795134518036839
187.58778365330443,8.75598393525701,55.74278581466753,32.98552911014254,5.596245057139971,83.84888676511403,4.01019770717813
104.03785301815854,11.135833349070865,55.38330581625812,32.14671992930434,5.966350373200935,45.0,6.014408314047548
221.7835160172734,10.299116228741596,38.7112726061846,25.648190068594054,6.378742970107668,64.78171080553523,3.846549654976569
145.33495997635382,14.104086056502815,35.955366240127134,28.365069235299423,2.5108583447874637,45.0,5.80649118246807
131.37079752008634,8.100803437182421,40.94860073282268,23.657047264746996,3.1489644338728846,45.0,4.294184924204144
100.98587785722452,11.75707806625529,58.58142089348833,24.866879048851604,2.505056554485006,51.83396529741082,4.687148723673396
101.71320840810782,12.802262180985675,40.39521451157321,35.93438132724059,6.2029498006832,80.7409442267385,4.134327790985897
234.82604893270104,11.770801249809267,39.09219488825215,22.800939298143938,4.228327670388911,45.0,5.358023443969659
138.87137008628548,13.371907580012348,61.28438840806759,38.98193389660377,2.2296650629500467,45.0,5.364731698684391
129.0177560687178,12.855767652058258,58.36977141167711,36.588224760915445,3.1004650980338377,74.29748993342575,3.708136234218186
164.57918198274163,12.183889892820751,41.42135101781019,22.458245050795504,5.135503450072306,45.0,5.112188849675814
227.6138592289238,11.967559888313035,62.834449172896754,29.860914810624276,3.871211682486748,73.29295376019263,3.7627476583958335
232.00171335152783,10.43877961116205,64.08941727289417,25.214308826720675,2.5530132784817194,45.0,4.747606523231456
102.47195469955156,10.91234418632849,58.12940699068861,39.18062073578496,4.648991473627833,45.8696660778241,5.728977389209779
86.17408839975641,10.085785214068997,55.29990035929223,29.920185848762472,4.462720957982589,56.63144158460316,4.75687185273312
119.90187821338527,13.951679740907425,55.055466383837135,33.23814809814594,3.2871154650604435,71.60507392733533,4.590214040700921
242.89505155179188,15.110574830063658,35.86132820653745,23.31614804945164,4.338127693856751,45.0,6.517688510084541
89.378865930604,11.935992301320685,49.26326067088396,31.10079725134598,5.785620916116788,81.86318408813908,4.192980315983813
112.36387178164016,10.534469779524876,49.51561294141288,39.916799307753394,3.553442423077045,74.45371566106441,4.358439544504627
166.9999540748145,8.869619247237571,50.96746518420031,37.967693494769584,5.718262310572852,45.0,4.795684931454195
123.56192753888726,15.301509905686864,42.57420298572246,25.37913986054115,4.18497930747945,47.091418774509705,6.127809600742287
223.1170995796142,11.903260511339576,35.916183118400475,37.060784517449214,4.291415718994157,45.0,6.057340058044678
145.47815822971546,9.140330365480969,56.08448867919228,37.43795959943215,2.237300407325816,45.0,5.3629709286585605
132.76925062497338,15.216978785767957,56.83154618107415,35.9755831020729,3.72727676666629,76.05233801626675,5.118536877964239
227.6755238462409,15.592392110458016,43.94222936455041,27.805496398531023,5.862769273003096,68.75791954569645,5.486368364064974
207.3234112256293,8.779679406267437,39.873066235815,37.044652357882086,5.289277207151443,45.0,5.22157781497646
80.77258258804399,10.019567097263668,63.0783395277967,26.93573862911116,2.261110911678583,45.0,5.830475778357807
215.70392999426429,11.994889805271807,56.98325545151632,24.349532031376043,3.239398058915306,45.0,4.939796934253687
213.54355939571445,12.046757690078064,55.995616791321495,32.27822535623622,5.818230211914928,70.03076091013759,4.304179502239797
152.29803751613275,9.149080651406,51.65287516064958,38.43250937251754,3.862939295873056,45.0,6.001164072457774
212.60690476273825,10.44035544187144,37.9767209574864,30.540017094189345,6.421394434952574,63.77475190655115,5.174245195256294
99.68096284147298,8.455711913542757,47.55508890474274,26.63841933498624,4.48103480450713,63.44099722316074,4.562246304861987
194.2115003514757,14.080161356808013,36.79354434237108,38.53963549364389,3.587560354639445,45.0,5.607725351780074
238.53619090733147,15.13850343918156,59.01865657449329,38.70647929469796,4.367004420249907,63.979300294468445,5.238638337308925
137.78450584124252,8.865317769048328,47.0536461074464,28.02169876464407,5.08466569025331,45.0,5.91677089805196
122.78801957772777,12.660064754229792,43.29020999632633,30.10353669138882,5.719712652396,50.0033619913645,5.364956774089021
81.8167200417523,13.542997146087838,58.46914325041192,26.60568828617784,2.5446654648786837,45.0,4.90919093942925
145.445664465702,12.78592936459951,53.84475909615677,29.16660734270583,4.573871802363042,45.0,5.833375222685506
131.02031466572348,14.056747526154307,38.93132445075918,21.93394863055592,5.715892711620329,45.0,5.833371705325792
86.8027767483158,10.191201025835252,37.339719409621445,27.302587076044475,2.855303628487374,45.0,5.079961217874987
240.1375331614268,14.05498852619359,43.94536934007586,32.968882738909564,5.972927140878481,81.96320571400449,3.645080373696256
184.03372693493856,13.667630792282967,57.050920194218605,26.599076843308303,3.2143185190908325,45.0,5.100564543267743
111.52846676283758,8.944966075437867,45.98835831606302,26.22092105354892,5.113198753672989,71.67936729476018,4.092532074630001
216.30545389406427,14.705042578907292,49.45482480673671,20.230854883421557,4.76770577454787,71.16598109761614,5.155088111981094
213.13855804915363,13.365173470717336,36.03855137730456,20.791968555131117,3.4741636302935355,45.0,5.5666729478467705
167.5713698390525,14.341677246885212,56.952778267725705,37.74342719302517,4.404111167289072,90.6259846315914,4.124737638576617
247.76837185358605,11.619907179711143,52.48430502290377,36.83071611877326,5.973045567969214,83.04482994763518,3.367671061302521
191.5116382489379,9.192175782212791,42.55430605193963,34.58946176446275,5.252965362540337,63.60363761451472,4.15985563737592
235.9835494832584,9.765317098239624,56.016816782653095,20.942462107092176,3.0228372128412406,45.0,5.245721217550803
219.1990550874652,9.802588177331508,60.34153159735236,24.61046196626511,4.937103241244525,45.0,5.2541870619281
177.58086119947455,13.596999661020156,58.07323551869555,27.485946075114622,4.998825435321855,81.98274446813701,4.563083778963413
84.52994008279995,11.260799665086784,46.4398347683906,32.94250655843297,5.428784315381911,66.55108800943835,4.858705913523169
184.05324639840543,11.491923562778982,59.69886832482369,27.208714333933138,5.85385955083088,82.7017097395293,4.048773745721519
170.15342806175576,8.555675012534598,43.877040514286605,34.05820708528421,3.094614829575833,45.0,5.439212787365422
129.84797533998722,11.168877371270666,48.96903974940278,24.737064060064277,4.0408992576948055,45.0,5.919949341389293
220.07274828217197,13.958507045032317,46.26415495592666,38.702289429754856,5.5740141761392055,63.87326353574338,4.549614581048266
237.98528050811456,12.690124158634942,46.50286174509182,34.387790427116315,5.6601676081825305,45.0,6.061078999144208
145.67982439621647,8.541709557419232,30.986302719142863,36.07215950734705,4.857780993985823,85.08738818532106,3.660114986889458
244.39145059099295,13.544601474922398,55.86206809605568,24.615537464309643,4.83567457957772,55.42680136126452,4.583135893460002
163.63343134442417,14.124485350064116,59.37052319866875,38.84576990222297,2.891500838791013,61.771929339005496,4.614085421996968
117.4364563026574,8.304274990915518,40.19219063433073,36.114714356428365,3.542601316515582,78.61544241127301,4.012366923330115
84.4470972254307,8.663784203012192,52.17653256942856,25.268413114222177,3.7845560700156193,45.0,4.731146265173493
175.01290755477535,13.833820410081415,51.68314117489262,38.40504216228484,5.821090085038318,69.1388916426088,4.873369324491838
182.68454436510348,11.788364185627437,61.91449466294213,24.47512951539582,3.527383308878182,45.0,4.929833474742777
113.38796049334792,9.487927766559595,36.66584500260087,38.09084418532566,5.795500224736513,79.93613765651487,4.147232854888339
185.1348803715567,12.104369741694368,58.28729326612817,30.667211049207918,2.124139804456105,45.0,5.411682337907347
197.7703820591165,9.583107562494812,57.22932268684853,35.04022168607314,5.680972519735509,60.84030631252717,4.413266779023123
177.40275982455518,8.40016652836751,63.11164261064046,33.202988936171,2.947578216798667,48.29706689573096,4.490217500053652
162.43098291300265,12.021494515470408,59.84441055030578,30.329918348244824,4.318215161665597,48.94485882665284,5.2271356143958645
99.5080714048566,8.015079862993352,30.268086103285995,31.6560286793637,5.379250907394021,45.0,5.512853345808139
113.94303491765196,15.199718412544014,46.85374342584889,22.902181616158128,4.98691489333024,45.0,5.988707592587247
84.40282701912933,8.321795095855299,49.16474561077597,23.145958457531904,3.644833304791371,45.0,5.6860037787403375
208.13725906867745,14.358549468332695,41.37503193815559,33.71629576635608,4.526385410180823,57.54776026434093,5.775917020582313
92.31018867138812,12.58989334845298,38.274210504404586,24.38736734165253,6.108512519481025,75.04425376019955,3.5032764807378416
231.32596886182804,10.377954286466746,52.803163375896325,24.60239094725897,2.03154236987682,45.0,4.479235054987358
164.64293135874937,15.13644758108771,42.9023994221844,39.8754138373226,6.077566630416567,45.0,6.209853509976012
196.37294437422707,14.656089127168222,64.69105775048571,30.586691888059185,3.7573522566235473,45.0,6.176749525751333
87.3866242890258,11.859231264109642,48.28358158291509,24.538560542556333,2.103401866568194,48.62868904617026,4.747593907358617
122.24036633709474,12.143657616043711,33.894425015606735,30.107874407547463,2.548635164405158,45.0,5.018564938741461
124.05899724526456,14.27640578438305,42.91792563102437,36.095064433616415,2.3644451292794098,59.920087911525776,5.231050129460906
237.5395518833259,10.49168500939415,34.50034962179146,30.88876949096117,3.354435277445254,45.0,4.755006857437524
90.93274377283844,12.854666735186154,63.76600945475619,39.58773433719145,5.2129231941550405,62.72540188245386,4.856575117997862
218.35548802610788,13.881605368136611,50.872776195418766,20.34984592411176,2.432681675797223,45.0,5.985787302992758
128.48334213776462,11.802157832566898,43.65382348902055,39.2481248517592,5.597942596024552,67.8613721037379,4.5295848734277175
126.64991019802744,15.760285915296055,45.94114792533109,38.441099550989485,6.001888435529045,95.6217780861389,3.918041417188949
208.00370122921507,10.091377861626546,31.76429132845829,37.96431594165226,6.243742771059079,45.0,4.655376850266886
94.76492637037047,15.37682441798993,33.86827944011648,24.663769178200496,6.420169943878995,83.92412614292027,4.364531117807518
210.67614061395625,13.829682222836762,33.832278702968175,37.175943393172986,5.250821874978458,82.6139184847892,4.017983327981576
178.53597794132622,11.355644934266005,38.456698376831206,28.95157400550179,2.770411372240376,45.0,5.303587597225238
204.7136808086828,8.97967213734471,32.16345690107623,25.765494216558857,3.141693053661116,61.23237850468517,4.450869685787319
240.5266852867304,10.484503202081452,42.3486493098419,32.721226875963566,5.419080118152768,87.93586968471871,2.8459814200608973
209.2592185622833,13.465039631715468,33.25064850634908,33.81240789456784,2.374792060087801,45.0,6.233820710090516
197.86527021394244,8.958201120687498,58.22815006198391,34.404461892199635,4.860642162146288,67.66206730436073,3.771347066676123
138.0238647400784,14.9901403021558,43.23238872505596,25.275836748835022,3.9044357003518257,83.91102459575504,4.2160168420884245
99.26342119496482,13.385063996664394,52.5539203448805,30.087281601074064,3.4510874286101925,74.64887265762444,3.718493692170263
172.9231349867841,10.908319476647984,47.67709444087076,25.58718718383274,5.736581165836918,88.16009829462907,2.815657884703132
137.1329810467642,13.341787730191696,48.369727756639975,32.42817866522572,5.924328429946997,64.63297831171543,5.118970404778543
95.1839262521824,15.602115131803645,49.81787840358234,24.77983549767109,4.760963116584609,82.11709824943469,4.589641678716074
235.78478827301865,15.98711142251708,54.94126975511541,31.286213378232077,3.1724456877549176,45.0,6.546458780211822
230.3532764359824,11.488124264019191,40.69790624032586,35.45983205879544,2.2846443166974084,65.53050824196393,4.455994330076046
91.40929588319348,12.079269821691256,64.00438955059508,20.953874181870106,2.288234202114188,45.0,5.097686962869263
109.29762440549857,15.162202207138048,46.614617448709154,27.535241848761164,3.3403636890775275,79.73759181285278,4.382767902410917
199.02233277203368,10.388013961116474,63.84316725156516,33.63284792650059,5.072728060341753,45.0,5.389588787214531
126.76878483599572,14.215276502313586,55.506245945166825,36.028744641902655,5.218396099091754,45.0,5.89412852981383
179.12756667845426,9.756996294464656,35.80683373119591,22.92506208515409,3.3158133950985618,50.19391148400521,5.235388889667663
136.43036703949585,8.538336486442855,59.61468711009554,20.356921018755543,5.58177279393448,45.0,4.520125059640529
192.00922611613512,8.908211259031974,48.516696896299365,24.14326918844364,5.4375389813837245,45.0,4.8314237583454736
199.3519516293832,13.133495713929491,52.19226630940148,28.160078269207503,4.756441825472512,45.52708995102625,5.909301810786012
228.2836600173109,15.940229368464248,49.12044417157891,33.89662163366454,2.0773912752380643,45.781772498442784,6.0324968260597
153.34055805289228,11.33755964520132,59.11264721822539,26.349014160374782,3.908588027857093,45.0,5.587415770652696
102.53836432940167,11.5784006558464,40.63237550994349,34.5953164420671,5.627737670023846,45.0,5.821173284695735
128.8306494030325,15.73589684131828,45.677495244077406,34.62545315994455,4.237674794728303,88.35947101003923,4.410086300406704
150.32385315729175,9.346927919262214,63.04739025922861,24.50685856218649,2.570467222644182,45.0,5.792939780686579
175.62202550538626,15.507713061258029,62.27502628730765,22.235377749591407,3.711885582383459,45.0,6.097004492979231
212.492015171471,15.92121569424774,48.496911710912585,37.20001611871572,4.644702211642814,50.26035251809204,6.284599205595365
139.79794718245972,9.830473898547874,33.59905490979418,32.30999928270931,5.564150426854618,63.95134192723678,4.879489552620044
170.87008784155222,13.49730542316704,45.5885947459516,38.02322543502486,3.717323795252897,54.45449946715678,4.912532621204785
97.8438345738586,11.32779827746911,56.15822789820305,30.1197276292759,2.27359946573092,45.0,4.688732225998917
238.43483291466544,13.851029174109154,37.24959968721337,38.17353519024776,2.711124323154841,45.0,6.280084444476362
80.90083885806712,8.725662491694345,58.647895361751786,39.91990694415362,5.299500283527403,70.39341742012112,3.812280926680912
232.8227060355214,13.476323226826144,43.604690483464765,35.55107470853219,5.462087356273273,70.24270837681892,3.6636397882771248
150.54175837061894,11.663481004582447,58.222866247230336,28.73937325761816,3.675502421382477,45.35094977716647,5.049370534805682
233.44072021793403,10.69332299497129,37.75745820256808,23.327414110493496,2.9481573082937698,45.0,4.56049414373924
238.3065214915896,12.699364790027255,36.06061895403173,27.69070578617129,3.44378597638002,57.27796711030564,4.437477711083989
220.8468247544573,9.905674362638791,56.31941309707955,34.18257425022556,6.354523994016737,45.0,4.587711278973844
244.47836281634497,13.204595494333429,46.72783732121002,29.751121599311052,6.387866270498543,83.59797919882148,3.984257700367768
136.2303204518793,12.433244089245695,50.22311870550057,35.49940322345937,5.289736096527619,45.0,6.057642419245847
180.68106520148416,13.396043637628146,37.916445386183845,36.11141000792686,5.14461677866628,45.0,5.914705079856617
227.6006627812775,9.045856021809852,53.67356740183173,26.29708813751081,2.183256161443396,45.0,5.27682792084129
182.99444501072887,8.379492306681623,45.09471070451894,36.37316676159346,4.261694981059435,45.0,5.842897330425727
229.7087302694144,11.83161873022425,50.08983382314918,37.14516983694786,5.428100252411997,45.0,5.523205234497889
229.6334532687358,14.808488499272464,31.72218998354524,34.94555229706706,5.274277147473173,73.27553520590232,4.410953914561627
220.23272865080443,10.017618940206932,54.74187749788298,29.50307185856301,5.011367116950799,45.0,5.087413074423756
239.02157815867312,8.476626972471799,46.322893027240255,28.86833815353796,5.744836534939139,45.0,5.343033750799391
211.26692568962852,15.898015040536755,46.604864041794215,37.11077945918215,5.103594620374645,48.48222946587811,6.1510032054714205
128.4463647833566,11.4615332591166,50.41874127984018,26.180585550597417,6.435750892796047,88.44170376434388,3.376732334789354
132.6393195922398,12.617502107968903,62.86047325949435,34.86280457360189,5.004856742472255,65.51581070541374,5.13604566124954
128.76123130733296,15.48309581751629,40.13541345058784,37.75880458006524,2.943700657040761,87.92706445118037,3.751835887824678
80.14840776160524,10.793745881860996,45.97641856768461,32.39927849888597,4.344129475487954,56.86626026317254,4.724219667364196
206.34584990989413,9.766235859369544,55.53259848925506,32.6347708185233,2.9886032011853025,65.98502805843916,4.665844670310234
116.3816837116414,10.781054525347754,44.04061376127719,23.88318942126153,2.0114228019312588,45.0,5.346084664004779
247.53304180191668,9.368803158974083,47.16726124606896,38.25415134358032,4.790930193176889,85.9582010056993,3.728136453879598
143.7636654431509,15.248865131751312,61.65380542408393,22.528818900479184,3.3438120608117856,45.0,6.274785858976449
161.8859466083166,13.438240694756317,62.11194646493703,36.03220971029933,3.7717990274584734,45.0,5.447192883763573
239.30401846516895,10.32968754551695,38.28524579730582,38.824237656309165,4.396515919330737,49.69559580816983,4.719839598935437
119.16117969202254,10.468004950674064,40.92165601415112,22.43795738367968,4.5038799787867365,53.66467151091214,4.292395792891286
153.3863889535932,8.711721149958382,42.05262941326909,26.308165824919143,5.214379663491725,70.25592540746808,3.681900114280626
215.67129058150977,9.89146482044344,51.80903684276869,30.01156120889964,5.825177884806637,45.0,5.733877643169096
167.66586450723338,12.68979248310647,40.69629254227708,25.231877955193163,4.027807795315326,55.67816637737163,4.400958177526932
134.31654256780936,10.479393033972666,63.99990772542501,29.73769674932402,3.059301073637731,45.0,5.631211500259228
217.6742252401972,12.04535107572752,54.926943715856,26.78661593849821,3.929830490292853,69.75971622262216,4.273725175334454
241.2476862495524,12.816840784875136,48.27133931437668,38.73542604728722,3.493670569733859,45.0,5.687608054960448
175.52713461271864,8.323038646697915,33.59244354514346,21.59235734184724,3.881929070289457,45.0,4.703423486220099
230.2882199854692,15.061187164986876,50.19457173961675,33.43990939101364,5.905956591306909,53.54231972082585,6.407822202757458
183.57845086683184,15.947412128868889,30.993042559419106,24.52964800294161,4.456770548923485,80.91472322713982,4.912718736194449
171.93605327642527,11.347596338161392,51.122756314137455,38.45215133646612,3.306471966908248,45.0,5.244007147517481
244.19063269359563,12.553005112513116,47.17050885171058,39.63740284917412,3.2498952545681963,72.77149874263154,4.103590741217168
86.55161698038441,12.864575147694667,54.04915296286157,23.18821516780213,2.63682246464112,45.0,4.46782551748756
164.7699158786761,13.454378492539634,50.83640964000483,25.1538065361917,4.361679040179511,45.0,5.621499095236073
114.48597405959828,11.4296300020437,36.38770604362757,36.95283475961675,4.968520986926352,53.937565166881726,4.993326999990672
205.39563019380947,11.356906973839587,58.59506524797426,29.526140450608104,5.679655140165913,52.23332910963079,4.109144031931806
245.88724490625737,11.764440872011626,39.61845544799894,27.52276163728652,2.868716138171505,45.0,4.529701210057844
227.05694916888731,8.8375545786433,61.14098725941092,22.38422916187222,5.014535915798616,45.0,5.238139638161823
182.0222589941528,9.789462789918494,56.33434503698699,23.017689164047063,5.599323175881006,45.0,5.450438731796886
104.82078309523796,12.438118522003212,59.59403267729788,25.71964891960977,2.9662878921547904,45.0,4.514626679123658
203.53459874240747,15.424793112987746,34.045982474164255,32.402128929666915,3.3809195181123157,73.49505219436827,4.549272087638609
119.6935176428889,15.931885195720572,60.5760072699507,26.17241404901106,2.931612907411634,45.0,5.924187555285069
227.23552755654728,10.602811466581285,54.0710034207481,36.4375680764426,6.038925200180837,83.27611261467611,3.478492110317208
241.953671975151,10.016947596574353,56.79616918951142,37.56454653361018,4.454907947352943,45.0,5.868484234339698
239.41682098653516,8.305468028517797,49.64197340463768,38.41573211403399,5.985273187243566,59.24192315067655,4.677569772196276
199.3916111054442,12.056652321755504,47.52598205137601,34.012989698550065,6.440148541406137,51.945803005024175,5.614727619237584
153.19088184580946,14.60716834160499,62.39518807907656,28.22187638774615,5.058831368205016,45.0,6.27071763712304
228.0365600064504,14.67197680812118,37.41825690885645,23.91030016232589,3.3268758123411777,45.0,6.560250842676082
126.9669952935734,13.846580554049874,48.07319282361568,25.43718948970089,3.2927629719243976,75.784723815192,4.116967894892803
167.84506982386677,9.7542616631081,59.7388676252981,23.532188324858573,3.240553151495552,45.0,4.87442121265731
145.30892493284637,13.781805374278369,40.56143791140266,27.686389902365335,3.768732662875287,64.49670735240979,4.4412227331668985
145.3789818404955,9.312586491117209,62.676432116844765,38.11355683137643,5.624461382334826,45.0,5.500404721637075
150.89826725297507,11.446949674981967,46.3625458089314,38.049723700438015,6.448811206214343,94.42370927112611,3.672105834678426
191.83666179263173,11.545769977379049,62.511968133322256,36.73928093154022,5.3621602476316585,45.0,5.717173702665097
123.23615059097396,9.644877264823212,54.714353416480805,30.91258046727844,5.62124699564966,56.204989453475065,4.112211508936443
195.8866253526685,9.741546650008877,39.12535340951082,34.62353004896971,3.3051280383812878,57.20691806274738,4.072912298068228
105.03530803809512,15.822517308425343,62.22081480210007,35.62357444888047,5.487915906338428,94.32067872622174,4.70685156220877
119.01291572908562,14.473757326471212,30.554368853178534,39.81714035740917,4.075739025588108,95.20638588173055,3.605635915428203
236.4966198584508,8.720105013975495,52.238349177283176,34.85470687554669,6.040733984472002,45.0,4.534167500378494
167.10980737567542,12.315054031591483,36.590010873504816,36.88135890904446,4.655938123215869,50.54345483294726,4.553118231899258
142.7699059464511,14.133983702246072,34.522868233645355,24.685280663114742,5.941680431903969,90.1113512002714,3.875666363806266
221.0586568590821,13.159916295528706,34.54079303975656,36.70402269329399,2.097855966711646,66.91737271328353,4.3631687464919615
241.12417413449324,13.191955660941243,52.40590649481938,36.32115107302189,6.160646871836529,88.05600113626929,3.060370796426708
164.71390760352554,11.051062364063496,57.24863494604691,30.911057306501192,4.729900997356706,58.17588833007133,4.271104802032131
148.4959710546409,15.05026930141191,30.661657042089136,23.32996080718809,4.655209329578764,45.0,5.5101465424196014
230.8851306029268,15.276901542379196,59.188022779506056,28.79748956487873,3.581926616469348,45.0,6.336089286222974
235.13061672036204,13.622089479576877,46.65690025492383,34.71602399619575,5.011791219724898,74.03287320278086,4.860397600156123
184.72276426568231,13.23445143451211,47.5963433484659,28.13733645536328,6.163744110691898,65.28584438550759,5.502852186781553
117.40078315044562,14.980341291353112,54.96983453075269,24.840611512116457,2.7707294667038456,45.0,6.351298730528351
208.9483499895044,14.5468798504785,33.992422584060336,32.99548373655627,4.518801965256714,45.0,6.305838550714357
231.57525011342304,10.480518076132338,53.2646498133914,21.48164181010704,2.2801190005195293,45.0,4.889839693840262
166.43597731658343,12.424290374182206,52.13025042686907,29.45875116185843,2.317902516488056,45.0,5.343087233925376
241.68039040266217,13.292524301175789,50.90074827769432,22.176864419102863,4.251570082093785,49.374526158489005,5.401886826853696
136.15066688158524,13.991112446205612,30.61374196078396,24.97777471023393,3.14256549575713,45.95899481749882,5.5691696144600416
111.14630392810214,13.789731202732556,59.73522704854689,27.4137060399879,4.695793439263339,51.13493738696013,5.286589585117091
85.336751763863,10.42961833755446,44.35999086089596,21.16920443781772,5.664235889340301,93.102952041064,3.7119831358029303
103.3383677596876,15.01760070878106,33.412136231071685,24.69625267516804,4.121339999563561,52.1261529620889,5.062732934457143
100.22268792004286,15.41943784435301,40.66748238228928,37.63321581820985,3.373856015406809,45.0,6.711450534588158
92.78143011774743,10.613294244153094,48.487835344910536,39.2562520323289,6.398584087418669,62.78578705041768,5.072095288507026
177.83011446645287,8.954065380652734,50.77389882332524,22.613963112742987,2.8957666428760795,45.0,5.410509680786014
236.3340635841841,9.922947032504128,54.59027699029514,31.716375892721263,3.256518155677018,45.465803674460695,4.584922411476871
175.87624666756665,8.73641655392156,61.47243319379923,34.651414722735865,5.61017933324573,51.28397695061082,4.652000135874602
127.13641441392804,11.020495921703947,46.892637883405634,22.1011069716389,3.339071665340019,45.0,5.007037844275107
178.55944374250493,12.231375766754796,59.196037351434256,33.37332752028792,6.169872522161736,64.59277600444484,4.904522207638416
235.6598506127616,8.967987877350673,53.38493317128416,29.14517604436427,5.8548787637152255,66.90501731957468,3.8393916603275504
237.7129000271965,9.193796172010618,62.88035911843754,39.395116186555136,6.23242375825714,60.323253057287815,4.8352543278074815
167.27191891065172,14.476095760224782,59.94647871520546,20.851334531131805,4.931246549433597,45.0,6.18689191739003
113.2334157884387,10.146608175064706,42.545733531781465,28.91214694044536,3.05624869550352,45.0,5.346503848106417
96.22008708552411,10.735484634573652,31.967444763062364,27.599464192457862,5.839910407947835,74.33465842632054,4.641923553549328
208.3041072542828,13.08779335203522,64.03436336053565,34.33134063412877,5.535675062630956,77.94248759694014,4.349244257884644
190.9576450051192,12.948997316012155,44.20767348681132,26.486598749002844,6.222719147733587,45.0,6.123073426329917
180.4662343267774,10.300744306740604,60.50574090712036,38.58244111959329,5.65862645342375,91.15571453406812,3.262570267749198
178.82415275290057,13.185864928820806,33.14619944399233,27.604918091705365,4.224981851517654,45.0,6.187991502576022
161.5818502309203,8.169502635502356,44.013657474237135,20.764987013360788,5.683296131117058,45.0,5.869183892169852
153.0804334154603,12.20137359799036,41.17473190139239,35.48254122000493,3.886152829099621,45.0,5.728599838396059
82.1028409069207,15.594643279681506,42.30791099809582,23.986590521597755,4.703387308346952,82.0744382542195,4.638499214105896
117.70654830432416,8.438749418413735,52.25983549096088,25.0843626803887,6.151200212297042,64.24823058884208,3.689254981743499
99.74869856370408,12.772227533933204,43.75569391188151,36.23525768102044,5.10918007189676,45.0,5.445115451592272
246.0763214405513,12.04150338747986,33.65796005227396,23.548408091983035,3.2195253239976243,45.0,4.743559481070764
200.41055235624387,15.34111379098679,45.50122736098841,21.592912798917016,5.690821526649965,63.45808979667415,5.781778142607884
162.36383118259278,10.33121635281328,59.4271377358168,37.478461564904165,4.820311745256178,78.54507912914687,4.143989078032284
120.44008247248232,8.341881858890144,58.67536314830102,25.57860301468996,3.59535684637847,45.0,5.452036024416822
182.15128005235687,15.619144731982631,44.32898754614868,26.512945922226702,3.2201962990983874,45.0,6.4835805498966685
127.064280094704,14.021811348251802,54.51788412578121,20.8962402102803,2.9129275062035003,45.0,5.974229426893015
185.56042495169095,15.562372595743254,63.68809770483178,33.19296895647486,2.409417824174049,57.917322844968425,5.34459822875233
236.57273140610667,13.058663521375545,47.94970479760346,22.164805731260596,2.9042460467743414,45.0,6.01519053331527
80.38323227790654,9.572910326371645,55.51290033051764,20.672923691565188,3.3765421320649747,45.0,5.333548173078615
81.10976497990093,8.109780898680082,57.4257632297977,21.33628137270591,2.3072484827120725,45.0,5.178779107870428
158.63054222817635,13.2798259411198,33.194523059930376,30.990860727535942,3.0928595702528785,45.0,4.849587784191446
175.28530202687847,15.168261149070103,48.09633513048868,23.011056868152497,3.4100049884051384,45.0,6.130696572005839
92.43584192393966,11.191361674603629,42.26304758634086,32.66597343982022,5.670509906014884,74.62702729489521,4.626698557663935
217.24818927741023,12.89373279202054,41.51974979828614,26.23994664856767,5.067327106923407,45.0,5.589494683714227
149.14442796590478,15.43877723458662,34.16254418292923,36.81665903526939,5.020701512096722,77.10765858560336,5.230920214336211
215.5940875113826,8.632790052267602,64.18316899645686,24.54762181135932,2.4520976915045645,45.0,5.159471420688902
190.7845356731937,9.624740107981404,40.74940708831044,39.39958771044365,2.538114920945308,46.33084762614346,4.723915862889508
91.65178754167545,12.798231622611244,38.03054197693459,31.261363582953344,4.877389314904681,97.36211298636177,3.733285556603036
174.64749704302443,13.160289086640155,46.868031273195285,37.592791286171504,3.2693329767357,45.0,5.469889095547307
137.81634848458208,15.887942041007562,38.61577701525791,36.55867900455292,5.88336225395274,76.81302278421413,4.767230937686222
176.8476687317193,9.996553860381743,41.416441131196656,34.495333746754,5.097487152512791,80.37277049832228,3.394243697399756
177.77666389294464,10.837754450401276,48.66983977046903,21.678893771147315,4.804759724731175,45.0,5.0597033883530464
169.2143277408738,14.36259919567956,45.10890589995303,34.20842678663229,5.281597721217018,57.70573823562784,4.4775903498651255
174.02095149241262,13.203924501865243,38.56996021247704,36.085167013959705,4.78438829097572,55.19933647107906,5.3030792570223335
197.5240192620456,9.132868781818097,53.71124863321902,20.291633900373952,6.311875405035822,68.02452159294134,3.613354344576521
244.73029067119083,11.107261374791356,63.33435107022938,27.588083525005253,6.047313111793279,60.65130605915932,4.233913589023924
186.461637251812,11.820884709471956,34.26667299185506,24.70441591886778,5.006397980325881,63.519393525029066,4.629450648200285
228.67723163275625,9.88230003935878,34.19004782723076,22.602259533179755,2.513316015552975,45.0,5.440642453290567
124.8712696126937,12.955440980451431,64.82160725223002,21.513106881830424,2.016422583058342,54.01521373461258,4.232252367764255
146.77199376159228,10.34385123357812,38.83709568815442,24.58326461448139,2.6038470619929424,45.0,5.292177865991233
168.88375597754953,9.20532401907534,59.12801857216068,29.060116448109767,5.942292353388723,45.0,5.203581891725413
88.91941687105195,12.473290771918188,31.67235477083308,23.90370378706415,3.345736419646505,74.31538187981623,4.460363506242997
199.61827210693485,15.103668656849395,46.13413156360657,21.562100713002625,5.943148721887607,45.0,6.629038343477593
198.4388936304105,11.455999676362412,59.89521214538088,29.197775414569342,4.940866312202234,45.0,5.453941512034467
196.71898661708823,12.778131056981092,55.83885876693098,37.14291935974192,2.9455449592703795,45.0,5.695162403593483
114.91025582370968,12.93570106064652,63.21482990264931,39.99186150835983,3.3377310257587247,49.086939499563165,5.681644261047493
123.864379437552,8.085526955387905,60.06395590915672,29.584095270367516,5.882633054243023,70.24187284000575,4.014107939373288
183.8248997394321,10.680410617490308,33.88713947744942,23.840498339419263,2.293790397695015,45.0,4.84152543151243
188.1298064727738,13.030749858749708,57.6143140412066,33.30042811562695,5.026113226776517,85.72416022513713,3.0709929156779223
153.35705112691025,9.44955483632941,37.76595671836128,20.047676181182307,5.429325174706864,45.0,5.634806508494906
210.0309944509571,12.017797811148045,57.73636111066615,29.49254411394839,3.377402417158827,45.0,5.272891454588537
160.69045334464056,9.37874385394475,48.47980892508686,36.25355648045678,2.009920799436596,47.24330344343066,4.81490293327975
241.7822584525022,13.418985118983937,51.11733133425139,36.67026964424765,6.185283330754498,72.17816517023805,4.390208551025973
130.52179862334475,12.64181086584853,39.08438858123413,34.850730253197106,4.590852850297535,45.0,5.748144031311101
103.85841096295206,12.010066799797428,42.01526511030398,33.26468482483146,5.317458040582778,62.00360079413316,3.964795717747622
138.16521792541792,10.267779579295544,50.68890431962039,22.67262337445459,4.231262464473852,45.0,5.945236660106362
132.67859385063312,9.721649703220208,30.784400343343908,22.749491934487807,4.312263395170328,45.0,5.607079916801938
221.01843234105013,8.094089790350226,34.5803513357946,26.700954061727952,6.369200070895459,45.0,5.141301616787804
120.17523678181408,10.669605489228518,33.02889934154416,30.57352971437463,5.418111511139573,45.0,4.794056545132672
116.37848998426227,8.862750803600568,62.55929693980325,33.20743166413713,3.5860275333248253,45.0,5.65597580582604
144.63894078273614,15.472197194513244,53.04853201819028,28.843921197438164,2.156874663591429,45.0,5.29243129861233
240.91876764553533,10.560434911647974,37.7328977393735,21.775091589773588,3.829800603502071,49.49236209419451,4.371214636668129
180.44270422618183,12.466542486288244,37.683073588915086,25.551984569151323,4.370646709465114,45.0,6.163591087408246
195.60285186956747,14.356413152718597,52.54166231255661,24.34638631240194,4.82858796377967,62.35491254192552,4.368506019319158
109.1764553398924,13.09087600480295,31.784588118466328,32.821942663863204,2.1711632736363997,45.0,5.685056965478638
127.43922566166763,13.042168903205424,34.37103575843658,39.23287803814783,5.676413056253985,90.32219314531412,3.17516176241248
120.65315227718467,13.518771555552556,57.38581363098278,28.433156295599304,4.376399756598449,45.0,6.158349338984841
106.46385224194064,12.129778091192538,54.01176647026643,27.47477631968428,5.391832241833862,73.77289957825298,3.4755809945546687
177.62725453436337,15.403448029960892,58.35283261497929,34.12357467063325,6.351277816165137,94.66083018007237,3.980527432015996
140.5607223678506,11.5185394779919,34.63526703539392,26.008776720423462,3.71602361606081,45.0,5.425016174287916
238.2462011899789,11.106153562449313,58.70821058453743,31.31910782133211,2.2481160196680805,45.0,4.620186689483605
220.7986525355313,11.27519515757212,59.25738592989644,30.348820733636884,5.063153784920137,65.9759326485938,3.65425855370521
127.19017131634128,12.356531664812104,34.36847437472315,24.10937655135312,2.452461941947356,45.0,4.272676043731192
239.37827402849348,11.435224680782934,61.96431934960947,27.64055792748931,3.2968483017799994,45.0,5.184148874447592
149.19102780780673,15.171806465384629,61.611520091336,32.674802098146245,5.390371197004504,50.862256816507376,6.175026222362097
220.0088951169794,12.066616218083382,35.34675194745368,33.670134206808214,4.264786577059198,86.46193638527613,2.9777824888930318
156.02489798541495,15.474056578678404,59.227551193190045,30.9637487506018,5.0655241544645575,45.0,5.345105877180267
188.34035026605105,9.10635787666834,55.04436984768955,39.859994131582766,2.0588136621293494,45.0,5.522676401468477
162.67254459166176,12.165858425931368,64.3603022481399,24.496646972712245,5.411142431507372,55.34505913278718,5.308543467632779
234.7741444245001,11.704277444048031,51.3605808367764,28.203705432612523,5.507056276662476,46.25467288901043,5.256486979002233
80.51509847282087,9.184719717888749,60.42650885495838,31.719881351212933,4.796792076296194,58.66069174804063,4.320733838237855
157.33542604050302,12.163093800137997,44.41588309161893,21.192694966711304,6.040039897343091,64.89977044237574,4.656721208694141
176.8663907780366,10.87293053365395,43.84123133076992,23.336055951212952,4.813251671549504,45.0,5.262206275023358
146.8015675543856,15.384449345681332,55.71606377279696,20.419758891639827,6.092849892575546,51.39319896798009,5.300057249795331
210.2190611581279,8.215491565635592,60.583209031951554,31.494200613109,3.898349013235361,45.0,5.852801440355327
114.01144279795228,8.46256983013123,51.660668089624906,32.52592109054723,4.544004067948382,69.37193266963726,3.940171396772825
245.2980372330778,8.6683634323396,49.35326595411916,23.08994388764539,2.6871895460861106,45.0,4.909255321890512
194.2571487734259,9.308725285301202,35.1631351505772,30.43189784298496,4.847145897888582,63.29118874181546,4.550663051373802
120.2286620475778,11.955014583565706,51.29954736205612,38.46244329477693,5.62608778945499,46.640821946878376,4.312604463816083
126.23262889918551,13.776162204267646,45.45701699347818,21.183959201854123,2.236620694300969,45.0,5.474842428177281
244.8039948528054,11.77118882091761,37.19006230092432,37.10252044325858,5.300039159833621,45.0,4.492336419142928
109.06091415752276,14.404635340183932,55.95195087561768,35.26742985081387,2.322615395633841,45.0,5.527109388596603
180.2583163598851,8.731890600814575,49.7799673170686,33.52956017629988,2.251139781772196,45.0,6.0089642557409775
106.19925708440164,9.039063639741482,43.48593017503822,27.83637573830629,4.488625732480931,45.0,5.889743211361891
196.53399666317847,11.895852458599972,31.641735690326307,25.997902227955144,5.232734748714295,57.8225056319363,4.771612220082183
83.5063239908783,9.416819513595753,39.52551700906702,22.709702344844388,2.1333357324342037,45.0,5.364981861245875
122.01577182133089,15.682076625662162,42.70781445100166,33.10909338546834,4.928214262737044,48.73876534132759,5.084257332030981
114.38632912619131,15.96714322842378,40.27577371281767,23.430007584850514,3.88794611405101,72.27136246263342,5.20129018462403
117.9053527209922,12.35935004532423,44.72132062343806,29.67123444800326,2.5679609796475824,45.0,5.060130862354496
219.9439592012561,11.685114669614356,61.64996732714396,22.262455793340443,6.164473197250704,73.59698527908333,4.014642078349247
173.14251834034508,11.9167582861351,46.00843464603624,35.271464998162884,3.3615013736081334,45.0,5.360095371020023
141.96104688280053,14.457504069313764,61.95693498459085,34.931776819667434,5.442291271448803,45.0,6.531183355432548
241.74126134102588,11.775410764608289,52.765682586809845,23.811645125088383,5.631040583682266,45.0,4.626625601902488
153.66229320862124,13.80872494762526,40.39386066506939,23.253796847159663,3.158738561593176,45.0,5.530114888973692
101.98073026536306,15.512292895373063,64.79330781363217,38.20923022286934,5.814498252327299,93.20461131741725,3.7408983732182
115.47732932938688,12.273871531415114,46.30065332535731,38.890489410490346,4.209370166687975,80.40786896250403,4.091944450408159
115.5827030274626,11.46965396673868,32.66013634365264,35.23584481558737,6.312826925546567,45.0,5.639865115964431
219.3208349100566,14.241346505312045,55.98304186651399,27.582223558801267,6.281450711167272,45.0,6.382257903788684
219.53652181579676,13.24653987269032,55.75110481855542,28.61567462169911,2.774280861615265,45.0,6.061529919589665
84.9493021644344,11.223259448476094,57.26078051838506,39.00854186744505,5.929797495384589,90.5107663648038,3.0428334349454738
206.85193650040017,15.37898498074076,64.69949566795518,39.22525845353304,5.462383600192925,54.19585185841002,6.400026890801848
115.65572321122148,8.748435604326643,53.79459924897682,25.35232622363122,2.003057349380157,45.0,4.615591175531536
106.02169019976614,13.317896774152686,49.077093482912986,32.91567330705053,2.872907858563398,47.949746085393286,5.465589613557595
104.24133736748186,9.438978020457274,50.94314530755804,30.48645241451066,5.655406278395219,58.38494992249657,4.73556119655598
223.4012388153303,14.130535792459971,56.98655188157344,24.738496929285063,5.216424823567431,45.0,5.841882762823698
172.62429628666345,8.598729995570096,44.282532857880014,34.64336680704457,4.148309380713597,45.0,5.056313245152944
100.23561683427592,11.486572246786942,51.86134816304312,37.77792049855306,5.675367138205582,66.06649462194181,4.396939644136119
162.89666543689742,10.121091567632782,35.87925297538217,35.65499006067488,3.199863053111896,45.0,5.325765668833919
107.28841549004252,11.216952418052616,35.5078901474132,26.693222970585484,3.628239347423272,69.46354669861323,4.335295337269393
242.58421012359443,10.437456636451016,43.11829718581153,25.51349107056113,5.670993775949093,76.76636522475164,3.787534166856674
96.0213750811402,13.286894063123562,63.48974244789986,25.672981823181072,5.433742960895314,59.2031605834822,4.954364936044364
200.27499951168383,12.17965560534594,36.45356571821918,25.684068939082955,3.342888323598129,45.0,5.671862094785575
167.37494739310193,10.068105190891034,34.2197682531863,35.17271542978959,4.055924662334587,80.1431191812352,3.425059485473064
175.20229772347972,9.837417052970968,50.47901004084328,24.344157361453128,5.459685090685407,69.34001798687333,3.553829068527075
136.60785259103207,15.523195848154696,32.19991995828638,29.081257718286142,2.179578076452143,45.0,5.588401435552028
211.4045552438944,10.646169859864488,39.82036829309104,37.05661871289207,5.4805270113538525,79.58368191572761,3.965106457242096
229.6708101959523,9.888715088743684,40.01065276453232,31.197511722060646,2.528790160830912,45.0,5.290768468804954
236.15567340562595,14.827030019987324,53.122671605511904,30.49918371227845,3.8798337392487054,45.0,6.5088350682329885
227.82906238600185,12.276966140568897,33.09171910372916,25.91511419520323,5.031506136439761,45.0,5.5646939932083885
193.66676107260804,14.631449923375946,38.74704935921172,37.32229374554272,6.425121895926934,87.18400701988743,4.817736927730741
150.96440774438213,10.144489757681058,32.989566334769755,25.20198355917922,3.4303301779838886,45.0,5.464195320832667
82.11931340295666,13.52229942889597,43.08933334969079,28.62280975746829,5.658042568653422,80.68736089693138,3.791809306197641
179.0289997891528,14.318085616072812,63.16258954370549,30.17889065849685,4.453603793305316,52.65433191438942,5.650356726334556
202.02693054968643,10.60658824267836,47.71609226569444,30.337392149695987,3.5097453184323077,45.0,5.9086860371186365
201.6675662652452,15.698344754498509,48.166042214642005,35.275606552729016,3.371265476139476,79.79775456400561,5.18200006837443
210.66063076415412,13.783624072616044,34.891368563711765,27.150181720034904,6.15375396527103,45.0,5.56555803525249
98.08299464135436,15.289555769807809,56.18969750744699,20.68605631946957,5.939003306235518,45.0,6.109302765462736
133.2492758553951,15.05221691084681,57.375181082788345,23.202845519917545,2.466920366710729,55.36868018491972,5.093646214434493
199.90570726642989,8.518461653922408,36.96720707482062,39.75944386400298,5.083018129430123,45.0,5.408815598159295
245.59240236434024,11.46230806300939,50.52502896382076,32.602280372812544,3.9137497387949134,45.0,5.306659940120401
102.4315677172278,11.978239724081226,42.29143868542418,39.62362401674724,3.183903148367913,45.0,5.146397620974332
201.8803350461565,10.555769704359296,47.18009086190216,26.1249947710447,6.180388361510476,45.77387024434268,5.505495031993032
246.2825114612055,10.526011906592,53.19841312412613,34.15797521331403,2.007295386269247,45.0,5.696094602920856
208.556088798385,10.043268882858625,56.49342064558223,30.379794432692467,4.468713392294244,45.0,5.072472603176816
211.87147215700276,11.114531085683671,39.08970773936287,26.90330870116062,5.707897649189613,45.0,5.67627751287791
182.88214020769817,11.55647614598843,45.6735113254812,24.19975471813209,5.732584278310086,45.0,5.78895086186553
146.1272457366148,13.13594016532692,51.15883338748273,26.25476119277918,4.8595118637351,45.0,5.234948936563448
133.16053928205858,12.348843657481256,53.02957631887545,24.4558721795557,5.471773559407348,64.97480210299061,4.482640540934455
240.31770662397943,15.152751602627188,35.58879201789888,37.06255070696466,6.436984645452545,77.42620067274558,5.692715167230285
198.044168505014,14.315514078133267,38.65624868492482,23.04575656184859,5.810065046122764,80.91229109455834,4.306173537616365
182.5112571849881,10.172428906732383,44.16869625642058,35.133590833894644,2.984260693400932,60.3888879296712,4.219815662863557
145.2874757130599,8.898036569568578,59.28549591643265,23.592459520328795,3.827774722980095,49.840253633153054,4.170108676645376
194.10106973816048,14.85582166824964,33.71671396615302,32.4217242921204,4.176569033818297,87.82613342763754,3.893869388771125
86.37854601128956,14.201430712904164,35.61074895011178,36.51908712053108,3.9690100720405854,46.82382398212024,6.07353675469328
127.28527322651148,15.97032096739172,31.37576276698413,31.82411295087413,5.59605687968911,98.56477222720692,4.132467227167622
162.13614199137407,11.601606634379944,56.305912275099466,21.10849065886382,3.026681383355983,45.0,5.133050362561505
156.792835908466,10.8447541378189,55.20581864109785,39.12672406952463,5.398907243208582,45.0,5.48858284716469
168.37388986662023,8.525523051320533,55.42283997373922,34.19319917756791,5.296337013359223,45.0,4.90795328764098
84.98063745344004,13.953149583175476,54.49495389231436,34.77688074446112,3.3007779436222338,45.0,6.267668544567631
187.40116274310867,12.518921646470703,46.979980270746935,34.169129593403206,5.7791821053496895,74.0630397391741,3.747218686017564
156.9698568031826,13.805112849489928,50.36263792071685,34.239365804307404,4.257389365932613,57.82013026722195,6.155912308036472
158.223101497881,14.779969571631495,63.87521208691325,27.26787839527829,3.9820802685338497,45.0,6.054544737872464
228.8645646840816,13.17844247710193,50.2312178746532,37.62888071528798,5.359153242963206,79.8082380053031,4.241871382521338
93.96221777670809,14.791946623194226,48.38513975486677,21.15797930000054,6.253521515547567,90.97682082159112,4.458371585006881
194.9483397445389,9.605914649759738,59.57157636993595,21.433279650513445,3.4060976875352984,45.0,4.731537645360847
82.655432581404,9.62840626726549,54.17648797398347,34.67197973545419,3.903579247234663,45.0,5.141774032638674
114.94578447308172,9.375800025290523,52.511468245558206,37.6060434482186,4.874724575396188,75.32240544322154,3.591172190669748
202.54498119895771,13.547089772531828,57.41267748194415,20.862624599043023,6.093705326008539,69.30572264526967,4.903356173559228
233.4702469013503,10.487082734269272,46.08976248866346,21.24223007558251,3.9472396366991607,58.82457570492722,4.376671823794922
85.2544466741262,13.01135595660372,32.70824585925333,30.17526832825213,4.62108653824318,97.12304816493068,3.627231885093923
189.54261411194653,15.579609785100144,58.041664800215344,26.723743232906084,6.25847870127917,83.91450485922742,4.120299176428057
181.94440047780984,14.10500932106982,52.24832001497085,37.6436883738168,6.193846855269938,45.0,6.211799732669844
173.70502863022952,10.10251517512501,53.79843282550046,33.183497788347175,2.525291931911119,45.0,4.492772926365722
228.1757426940572,10.769975646903749,45.11739757423107,30.822512962877514,5.070445241865796,85.15606644750635,3.742943275273521
232.182954239822,9.3188584454286,51.05241481912319,23.5531353845524,5.668144229430092,45.0,5.279222604785251
159.2689886014211,14.662232470619752,63.92737446947772,27.34288893234224,5.343396475788458,51.05455257289552,5.65703967102639
91.12505390468898,8.00252806876193,49.59431412274287,20.9179089627043,2.370496821925628,45.0,5.146093512179489
177.66616104048578,11.002171408769115,63.23913104339327,39.13781601835124,6.133636218781916,45.0,5.55432307024148
119.46363785982447,14.292263260147363,30.25633611884156,26.384560120881357,5.869040491469985,45.0,6.5427913945844125
103.52390238598235,14.408923000838476,42.62818434298018,20.657752378620497,2.9175216836856706,45.0,6.303940806386526
182.65628946338325,9.401997778134762,39.32222662512247,30.20583255791834,3.322314155905935,45.0,4.984668574070104
182.3330147091141,13.831242560988118,63.02209852435019,20.69894957805101,2.629465298723119,45.0,5.33342541917537
186.83008950750903,13.774212067873007,48.501871041121234,25.562602226741294,4.52753882045038,45.0,5.991226583368158
189.42094968015817,11.07638385932434,34.69261988255567,31.6238125728731,4.294723734651876,63.9749863617031,4.118012555476618
84.0732653777746,10.324445856422352,43.390483248755096,31.963659514188222,6.425759804685217,96.51878472189888,3.5240019437476064
195.8532900563767,11.27408924866763,48.19737439849065,23.829645218307704,3.08483581607482,45.0,4.394000265136878
210.94885670568488,11.073147708663935,43.50566207023796,29.56029018541258,2.51531728987104,47.76945542700045,4.6387015428858565
203.3630831310745,10.278424827267424,30.834326660865425,28.5401461525327,4.866073314612924,45.0,5.415942632547493
91.04690261541036,13.238235420568069,46.200336405028416,35.99786784722211,5.003746382322031,69.95876418657755,3.8224741117322174
192.4527342360875,9.74084493476948,33.267510857411786,20.208690708105618,2.5183776532737694,45.0,5.031010647209714
186.0994232770452,15.300751546562145,52.80196896588227,21.65526244860706,3.1097946531884464,45.0,6.709698845569172
88.37872952692014,10.15253633843088,36.9011343010097,23.00903930581186,3.585402106891526,45.0,4.659369411812282
183.83005664206144,10.573432629319068,60.83374678794547,26.356983546475263,5.550951926427768,45.0,5.825384201102036
172.55309994840496,12.309830987803211,55.88529313115957,38.98388875044071,5.566271369397273,46.20780300919991,4.92324236347736
125.50253500338424,13.330165995343574,60.00611658977654,36.03839609211804,2.5469138340209065,57.81527237988877,4.649495460675189
199.0612821666697,12.925887387858868,55.576913336723294,35.94111669749874,5.3115968135314855,71.70860113514526,4.387407110393329
162.57827849251333,14.09704907738337,33.21814255900088,28.88560611469959,2.892164262182356,46.45176525785087,5.993489162288726
222.53721995997975,9.899923394461789,59.891306335285606,37.18463019934877,4.133535557188511,58.611339662905,3.813171352052715
198.1692563540221,14.306138810052364,46.78995320261793,24.553308794208533,3.801971382025074,45.0,5.79338484480378
146.00200424529464,11.374812099044036,30.57725872937238,24.67214657427067,4.166521046535338,45.0,5.034045240048307
194.02006527523508,11.810018045078394,42.5025585028864,38.91991476769775,4.734042759409993,45.0,5.3286672950251806
167.9314358628367,12.984815078170408,44.87176043900081,27.638139186660027,2.810702317298732,79.09348708959674,3.885487999151082
229.8141077635808,9.81558407077314,53.35578545930237,33.97714476296892,2.017394920479296,45.0,4.666250875689709
135.5126346648524,11.568019034250923,31.23622128750363,23.577091130639847,2.235501309001132,45.0,5.198846886867149
206.5439351873182,9.862774209759523,51.84755191863533,29.76902834199891,5.110694525582237,62.454798006113656,4.780080210377886
189.67085015515903,15.502101557301048,39.35439683285898,23.907084589365983,4.737947256347247,45.0,5.978619211503432
92.9179329376738,10.123539905425902,44.29104946729286,22.323563790523497,5.600000828966179,45.0,5.397926411695002
222.16309611682027,11.640332003940436,33.53876309713525,22.83900719497628,3.793629543050132,45.0,4.583763294421384
147.87288531882228,9.3337591682613,59.4613706977275,26.128514289589745,6.410294515735396,45.0,5.271624404527717
215.45529810174975,8.936853221571672,39.03318316410181,29.45499720758658,4.834946110880737,45.0,4.646281890812883
167.6192439317943,10.858464276701003,48.3963519096716,32.99882964084837,6.321095376879628,59.59287867050175,5.113717459950578
104.4342473108914,10.936757940213557,62.91660646621602,30.030593109956424,2.51980522468671,45.0,4.871697929621096
101.55091029356952,11.703916624932436,32.72095179614578,39.49917534224028,5.799175341813928,45.0,5.730394527795784
226.0468013010824,13.437689200537474,55.02842435838494,33.95189510184794,4.165005738624422,68.44977408302404,4.127435555605188
178.8030322686248,15.805321990486094,55.495391351356645,27.934653350406748,3.7294130572807793,45.0,5.62027969373935
198.07301957514235,11.536463312079556,30.87271158750597,26.587531723466007,3.9026391938021954,45.0,4.954877646164619
205.90934654493685,9.881229997740132,32.00826429860075,25.556868227989245,4.0315085688687775,45.0,5.810988364803356
217.10495094025163,9.63445840833961,41.83008137223098,39.68132641795784,5.554137350882686,57.69454772465932,4.790459252218474
117.45563220506958,8.081245890479057,36.49529767637264,26.68181618113301,2.866033025825537,53.8626260039275,4.048875447462178
117.36683687244206,13.608807249724858,38.93932988600078,33.36131842352788,2.6288463514466924,70.6807116530008,4.764848514789392
146.86038646057676,11.050609917427265,61.09446854221208,34.60582419511378,4.146278365316952,45.0,5.316973551551767
133.8454967249009,9.43963324598572,40.2804059122504,21.54258780923027,3.2894304135400274,45.0,5.301313872179106
110.78745032592406,15.52011026328847,56.73611181232751,21.45580087986252,6.136745028479516,72.06634127870515,4.416217161947094
235.9497376980028,8.028001460307548,56.036866776498606,28.734139970255903,6.172043440182135,45.0,5.907780307961605
179.42059421755044,14.128789186634895,57.86737204375961,38.92752428312246,3.100013412217092,45.0,6.133590035212013
99.05886907738228,14.058542306415728,49.10575872723926,35.62730367974565,5.614943750627621,97.32316273358258,3.60004835358432
202.5976096654076,9.780931553374842,46.66227407782549,36.41599829218912,4.292768748324946,45.0,5.26404024889912
170.3912037553722,10.907537239238987,42.81474889153496,39.30515725460624,4.4288290927775895,65.50215008337061,4.605513046024945
118.53484451452584,11.117214678524316,61.04833224842045,37.682204951055134,2.886201651660894,75.03094022871032,3.700950132657028
190.9164999746819,14.299698476585256,42.37090129819978,28.51545177658004,6.097812359397467,57.59886173605433,5.344325723314367
93.57871075126302,12.397700982980313,53.17703741476568,39.54014572897401,2.8995319242394437,65.31439232191443,4.4386017158057465
248.00217115158932,15.78206553260416,37.425343122118605,34.537696138079056,5.849370990370127,47.46737072381616,6.863649256650552
170.79089315409993,8.72369365089732,39.18192055681192,22.043820015872537,3.725868167414397,45.0,4.389267504323559
82.5196945983585,14.283212528222524,42.48319484630151,21.488214771884856,3.513338149112259,81.67751314087968,3.853838256741066
80.59281808759417,9.782254520615783,61.97062231469231,21.132104532102627,3.7921118568704513,45.0,5.714169755761889
100.31469475889092,9.701031414696256,37.1754026301457,26.3263639274866,6.131233312573121,69.87644867430261,4.124756963895432
141.8752954158058,14.711627372222772,63.04917037851983,32.38819522203415,4.401215244055377,74.30382835176684,4.886003491732206
154.1851351697316,13.839731729393469,49.58772370725674,27.80896064177732,5.577362338388437,45.0,4.7175880014080445
87.82685609435481,14.91823049166315,35.889695022143485,31.712360069625696,5.043292596438928,86.89013442088473,4.854943804393173
158.7715519497233,15.426792538932151,45.68930314185253,21.659655955204894,4.6783886960222985,45.0,6.943343294617948
231.78382749074933,15.82076203128614,32.57739233696018,37.50034124050529,5.635354085898294,45.0,5.943974954436479
186.54202245275928,8.214409766208169,48.68947076063772,39.3946798576542,4.010718872524418,55.16501231463038,4.674834431683222
128.01794336864745,12.233068225162206,64.48617652111369,23.71091560539692,4.062274023021724,45.0,5.880833095801746
161.46007435680468,15.551280185327473,44.23459702448608,35.100961144641765,5.077360533360922,45.0,6.71134944838558
88.80606887805733,9.10216542914893,30.67063422021973,32.92876017055185,5.953000342977231,45.0,4.662023374811781
197.1684398153613,15.434958818237128,55.91774275724081,20.98692052958577,6.4690512549450645,45.0,6.220126312816948
129.1149928312,11.56681774426418,37.24923619758562,31.588556304073727,6.489681289494803,45.0,5.16161819628122
179.06080267729487,10.216078376471424,47.99023637311916,25.226652652721462,5.325752479972609,74.12905588014365,4.143906236355362
119.37043193112277,10.651513460029244,42.65609899111447,25.81542532419405,4.700807696977519,45.0,5.282849477556474
151.09919681477393,15.781266886329576,32.693534753138735,31.508237735373257,2.507870059423004,45.0,6.450507367802963
93.03304756880252,12.135032117976507,35.260532904438264,20.312369591137443,3.5890515840148955,59.7054949776149,3.9951654253639863
203.2232651469203,15.666322301270888,35.24451636320433,31.793550156588232,3.207355823599715,67.28507509247542,5.427029146212121
111.64351291032357,15.658127585293816,47.844595704170615,35.88181595633325,5.346966698179332,45.0,6.595012557344028
98.97918381174024,12.09122273202098,39.98759252646904,29.427698814667767,3.2088348743375024,45.0,5.230928683550001
157.5501183908537,8.724326540461929,55.58300904823888,33.59757577191746,6.191368834443382,68.0414669732766,3.604471051042832
85.92992354774755,13.210408890450148,34.36280996905315,37.1551316576177,2.303942363088697,50.887380781509385,5.616817357301773
161.19513858933112,8.274468442453193,42.71188003217896,35.47175357927674,6.029989548010182,48.76091398609114,5.32932757705225
236.5466652859733,13.043520197271366,31.273559503512185,39.98014181493885,2.3972065770209485,65.6812657170681,4.196321006394211
137.16353984102992,13.715370000764445,57.0085210018259,33.624005055042744,2.5729021221929456,70.30816999605244,4.369037150547516
226.9615641240902,11.16149834959096,48.30329535362432,33.535626726674295,2.6625931428738587,45.0,5.356910128987616
229.4195635761994,12.266417858459418,32.464227006167484,33.505350912737484,3.880005777984695,45.0,5.35230957785079
136.19991671137794,8.345964438977598,55.26503473702627,21.06173183328512,4.02369767565558,45.0,5.445401800327899
145.1500972873476,12.064067640870595,32.13927022682334,30.59635980647297,5.9217713651243145,45.0,5.661137054873666
193.2110107078504,11.98458595134045,44.31533210655719,37.287228099329866,2.39017464298262,45.0,4.953353377444582
153.46372195088105,14.86519364717138,64.43215078045847,33.35181806086685,4.607714854054635,45.0,5.927935312073711
146.57630479547282,11.372375437853254,44.31269442576596,33.868306808850974,4.304158818688288,45.0,5.761344789554016
215.88305958256035,15.683546465809886,37.87516599373857,24.942816408822654,4.612146632350392,45.0,6.386959929568402
157.47642118280766,8.361759809447422,48.353531557514295,33.88159311812319,3.706671377534324,45.0,5.780995000378084
244.44466821477175,9.020977731111788,30.139565300540795,22.913368580502407,6.116576507544271,46.08385112178962,4.535429773214704
218.4516749566844,14.390493621663154,49.91957419306969,20.42541380940816,6.485941269824184,45.0,6.069322426524721
166.12690709286298,12.327256979115973,49.91170774360542,38.76393259199054,5.83701224906755,72.04142914169017,4.002450681664246
243.3044433126172,9.150791575218134,58.28185339309228,30.70915427814513,6.499049284954868,45.0,5.852131121255727
104.80570207904324,15.249221572449848,31.540089509073614,38.51821388824609,4.297639675044501,50.137084528846856,5.437292262863125
207.59997651977795,11.508507840672218,47.45542134787763,32.41930422175639,5.583853162064692,74.55040861170008,3.308036090750804
163.48475254054486,10.37484671129765,62.50113128398543,34.53517019978622,5.147650490781992,45.0,5.7382485808982295
196.58289501717908,15.072403798508962,41.03110168230152,20.471824235900264,5.089413944335993,52.432629566469416,5.347107855366704
137.3126052720123,10.496556977766634,30.24150780479556,28.24276420335065,3.995875617232975,45.0,4.313212735998771
131.32693125804678,10.506119550019074,36.57952906640854,24.239226747825796,4.399340671237336,81.17075197026419,3.716300255337522
98.66423903404404,13.501055967773471,63.06921868287301,29.9985880018707,5.71736925761701,89.67096617137939,3.389479381651588
168.24488044847604,8.374986282470733,50.63916689528809,37.45537962938893,4.604874909100699,45.0,5.190048654384608
155.17867037803276,15.107178895692108,48.63046674040896,25.1625527274282,5.078457598769818,80.76826093353657,4.363101633498804
193.8834769651196,11.610335549036956,38.542359336206005,21.77961336824572,6.135795033460142,89.28737077083476,2.6356312300196105
209.5724749102328,10.575504684887177,50.2617166129846,20.84219932460439,5.413237788866517,49.459484264633744,5.166431406142451
218.614612927382,14.4233744716082,32.91134200033551,32.31092502253118,4.23047929045179,93.47568978387818,3.688511660078712
246.11580293623732,10.902097339060024,61.64300080253544,38.75164831837084,2.3374996980553946,45.0,4.495897884182172
178.42493743411308,15.4521969141239,51.4830496950336,30.459674260428766,3.634841666447693,76.5269806968478,4.931106579874799
95.5931097143104,11.699493447667903,48.24674667625454,22.74022394673392,3.259022604621488,75.83860502924595,3.8033795851438126
103.45524859484836,12.360438801575812,63.065106924350616,30.42376496669575,5.393777823713201,60.82560023635636,4.202330785242602
87.036775743406,14.353798193843776,61.376422489625845,20.428562211958276,3.8565795224254193,45.0,4.881971385023506
124.04170948795873,14.591311787957252,45.57749015343091,38.77303887919774,4.9117665886737765,58.44770355964917,5.5770712066065125
142.80273255380692,12.151940315120228,54.6276816974113,21.045626954259397,3.874278230499949,73.86386515958567,4.060127789350503
191.71106908380688,15.33128281035715,51.40556494865973,29.859794868446404,6.356200253814212,91.165147383343,4.411191596813938
243.7238989847175,10.160331298657772,55.99983435463255,24.274237273669428,5.464714148755573,61.28571947956273,4.233571308690379
239.45862304444216,9.32994931332925,43.63728751366813,25.016561255899155,3.52531060259816,45.0,5.820156225097547
92.20058869398144,9.313840483377662,56.40704485113331,32.95411812657204,2.821786090667452,45.0,5.588436319220886
176.78208105705338,8.546316967965883,50.26911819052671,32.29353303654085,3.409600195933149,67.60053529322423,3.543529875025401
168.52264666150225,14.1793952846911,59.45542353223658,30.18946896293746,4.875226643734175,57.40652946910754,4.76590749693907
143.01406697672064,8.12084226027532,41.94423590886623,20.234364560086995,2.863195113697404,45.0,5.157646806051647
229.46469080554328,15.751086089434214,45.98473489722992,37.87359069682034,4.651455143684223,88.81306925136579,3.965326789554151
232.9046236711629,8.180294676311057,62.79218279928781,35.230366843041075,6.220907371372247,45.0,4.541129286721356
127.11107849994588,11.450531556097864,35.55757844935758,28.765243626578105,2.1185441903215767,51.61362363312188,4.5703503075613785
109.13744479147638,11.206828904176891,57.19078584254585,34.05698729304726,2.776092787791603,45.0,5.918135959726442
126.00487615977576,10.33256461667402,57.09754614912889,37.434256966115285,5.39100159207913,45.0,4.9261749936398616
112.41478338276832,14.818489778847248,42.63310422470056,29.46112456462085,5.21517628423052,45.0,5.850284792001775
219.43119485053552,11.891962117568651,55.07072221980273,36.32284025093297,5.626810182749143,55.80439696392621,4.594792565902734
224.1924827900284,10.958116410394153,45.70357551179077,29.09943347545751,3.9879645490536166,45.0,5.339424209777615
171.08313903917548,13.38378006592568,30.18117685347384,30.79339786410514,5.115461586867436,45.0,6.081934477763914
135.61047772065547,11.320127034857524,36.428857289115406,36.77694179183786,5.188987189442249,69.6944579731896,3.5761665674702563
132.86811910311124,14.077732827439704,40.23521401268188,27.56424808139545,2.9299267250643237,45.0,5.896785071879478
243.8581742333795,13.981543089618562,42.02730235263032,39.97982515393196,5.5531149777087006,45.0,5.657271411276229
225.54118454090943,13.254264646210771,36.712913904397496,38.43516962414505,5.656048765650295,86.45600772163725,3.848122056177802
193.5954832520226,14.757543337087242,53.45028016051487,23.75160846028526,5.3074745285533655,85.8543468751114,4.024200219444832
249.81834831678583,8.853879416087054,34.010894697684314,24.501981370899315,2.709861624425927,45.0,5.15946890132926
216.9105780954068,15.493472183672058,48.65290979757658,38.07072868724804,3.7389174432586927,45.0,6.036755266357249
204.63175585365403,11.188006578565862,38.24162287894138,22.01934231741472,6.396037916854829,45.0,4.842804750235107
131.08148108595014,9.488056605608069,54.00750327500619,38.57324442108843,5.19001650774513,77.61622128213929,3.630332243913153
211.22931732801447,14.875632636977446,35.281294805386466,39.39158738409305,5.309735520345546,45.0,6.267883643980472
80.24805592557553,8.873677931561922,42.19881064301062,39.519201326336514,4.789097686657701,46.75905804836399,5.168521365178244
85.66044847880353,9.712401774887764,58.35977314036053,29.30223772218286,3.694442815391715,56.92658864458494,4.044122289541894
193.84408324201968,12.400242780387138,52.60754957971783,31.18987725571097,5.623411894924676,85.03728180629078,3.6216270500886982
147.02317398949722,8.803715966588236,63.53345148498099,36.16499206680656,3.3179697390267986,45.0,4.814782098636188
110.97025552539662,14.88230416117454,35.95926026960483,39.01923463905392,6.369863801021224,65.08577008848712,4.867111360405297
147.83867752665265,9.952074011585838,64.21425043826407,37.973947323305296,5.60780510974904,91.71976283603304,3.116840594310815
238.4660268109147,8.808409610539504,49.22415158639812,37.481707082957854,3.358844901533085,62.08698533191942,4.758752182188241
149.40775561956272,14.59453913859516,44.18108762007368,25.40686820887924,3.22929731734686,45.0,6.785112008311259
181.5449129660844,8.262965628797332,62.20254853566784,34.82703936676571,2.630627829795105,45.0,4.901972531029167
140.82425264315395,8.577592221712834,55.370926764648985,36.25072732289932,5.7986981990193005,46.677963084162535,5.494101391818923
202.8426428530666,10.19020832014613,47.82841655803142,29.01427217669668,3.5577118014633258,45.0,5.466398861307759
82.5311169335207,11.811832193584989,47.62132098173804,24.575480118264224,6.301091519053677,50.8283003899822,3.8526561400937664
133.9022749551147,9.788291481991806,48.90615780269291,32.70775764258452,5.502762507647775,45.0,5.603660748485751
185.5946509504517,15.275959278183574,39.66591229742672,37.45448300969736,2.062198805335126,45.0,6.758526251203435
196.01497511332207,11.079325312266674,36.88050264882777,35.47395050164436,4.057831050148336,45.0,5.8544252207627085
169.7079916000977,13.539909517955458,55.67287083965914,27.711189948492045,6.048591708593058,45.60894296940391,6.457748828147886
180.65364882583867,12.175878953968176,47.69188625296768,29.975995585750773,2.96934788925147,58.3641438935439,4.342485837562558
209.01783278012957,12.00886399274755,36.01026748879707,35.73563911964578,4.239567798140685,71.39468591866722,4.152969305220834
84.282076337059,10.929039385280358,36.74795469583744,31.35896548790064,3.126525865557249,45.0,5.368482239598388
167.04384524309174,14.622849869968448,30.640800595048532,21.110212955376696,6.402737125812553,50.784607053538686,5.242574292709906
165.51983907618188,10.940721300118952,31.646740005540465,26.61174175625979,3.5606619280064216,46.35987816972453,5.025523159019719
247.09667689576824,11.8303342982764,50.39093538218234,26.12621898006384,2.199472809695929,45.0,4.289035305770022
231.35665528597391,10.819490098426556,46.34075184848217,39.689076405121696,3.58943806780729,45.0,5.950620995895728
206.7229899616243,15.200639915040178,59.805437325348585,33.41757897637871,5.756331570664712,68.15312881945718,5.069144134624925
198.9103110100833,8.021943536978256,52.97444864641788,30.0234358192047,5.541376880892578,61.55357159929128,4.657835604869788
86.63905233209469,15.985780084487736,64.46966051865802,33.96349911236908,3.395415684536159,85.99212703194125,5.158948858659793
233.8125101374257,15.986428500742296,56.656804601162605,26.18644450367924,6.355363249931852,45.0,6.549870182618664
222.67831588527787,10.162645420706436,60.06622052977207,24.102254689816363,6.023514363220831,45.0,5.461892058152175
236.4222123110332,13.969185870875442,38.200700601362286,20.46179181222541,3.538909633911812,45.0,5.62664679435427
230.0152232747253,9.851423942395732,50.17114570979375,36.18451525943394,4.671095372133996,77.93293767266377,3.172282054173574
120.26515621878288,12.598791301333303,55.80616083970203,29.864396822791253,3.214911742226992,45.0,4.908549862607268
207.6438436237699,14.648606589714497,59.531934996671694,31.887989021173556,4.499371106796586,46.89828755905761,6.350789980884485
198.77555302615968,10.087783249147671,64.39880170197416,35.94628371378566,6.357097987006916,45.0,5.824486681637792
198.8554175575468,8.561509816735473,58.55004211724647,24.74183752351749,3.8524100724391577,45.0,5.139426979901154
85.81959904442007,10.209380143434297,33.302880124617566,29.72883957400568,2.456878933332145,60.40495499013262,4.254427115170744
214.21620659697345,12.186742540378088,52.61317353799999,20.08487359483888,5.769964170618129,55.578893403398986,4.494341691796684
221.61848348291056,12.35809375485848,64.11451446789755,21.53379522936653,5.648249570108114,45.0,5.061196705320949
185.1207030717757,13.93897860683423,61.37852047212905,20.396369613695416,4.440369403403361,52.78356738119465,5.067901431438055
96.49835500460732,13.933948373774005,49.79292840069651,20.04279961138158,4.2369151420967945,61.48491265368747,4.947495315566519
131.4275048537536,8.403880368606202,52.20152521401212,23.88769779815007,5.268411911526382,78.57183191674109,3.1555933151187103
106.61065142688236,9.48188427809885,44.08586017442112,33.087647147462214,5.176664342454265,45.0,5.467121884858352
124.89275062563704,8.612511056120502,54.14054719495766,32.17787411395018,4.657754211916146,48.42453428626358,4.543873159787877
100.93448076303852,9.657497945720454,32.44320169659222,34.56167975571831,6.019305581266211,88.80873727928183,2.747615125574556
94.4426673756954,14.821820082171485,34.77825268986413,25.990445235324508,3.872347849857236,79.57117325314496,5.11507697155589
140.635560941038,10.8392832565122,62.27973317956159,32.22027011912053,2.844232961318048,45.0,5.064554663301982
186.12960577689245,11.707849913779404,47.00770924520696,36.83903198744812,5.245182085301256,45.0,4.556278478263842
199.9401196664611,15.365200880211905,63.63636523040917,39.6771458658435,5.720601532264417,93.4877944535626,4.386877699978126
80.27249576219945,10.489879107271078,50.21328866871694,26.56258253631881,6.329644009217804,45.0,4.97878747558153
207.5296793213836,14.745541085219784,30.363596849315098,36.358765365144976,5.151992762223633,50.83547084833795,5.665878262719224
177.34069268439413,14.525843211027658,53.77117903527868,36.57047923533524,5.594256631958874,68.30172228295251,4.546617376876891
219.72810754784356,10.888493142783569,51.9289766425284,34.53478600062423,4.991405955597051,45.0,5.143405123948847
151.57195217772136,11.024608432186062,54.88047308018156,24.973546277623296,2.2599089360945386,45.0,5.172395581394829
204.6831107519723,11.473926786130177,46.51062180580416,33.559118116206555,2.618041920343016,45.0,4.915864638563511
221.70578836531936,12.45641821225231,59.08580277491107,39.003586839056766,4.13171164536198,45.0,5.275835669035817
207.10597914661173,11.124220286388042,47.78767092088575,32.292044551241844,5.897788734500075,45.0,4.239036805120898
203.01234513637465,10.311090980338465,51.78085086552933,33.27373172957152,4.975827889861342,45.0,5.455336908593917
104.94560559116717,13.635589979063656,38.44780168154781,29.01736473176277,6.360658643694148,51.411177188276056,5.270667275290403
136.98796904684824,14.96061108512034,64.67453589776804,31.078397336766137,3.314034740562526,61.44674025461102,5.100486656452443
154.451134115422,9.78762070510934,43.09526747124684,37.31180366831709,2.088601371479446,45.0,5.698080855065008
239.85400581166175,8.911037166120758,42.968357361196425,27.69522155298988,4.798784042329656,49.34384096526485,4.17766708246501
98.77744809064012,15.183027415486904,43.14235693391263,21.6354051919448,5.143736767212412,96.46875866466922,3.8745031219515647
158.12111639379935,8.287895417020053,31.964017459425712,22.331324034812468,2.5059922969995285,45.0,5.2887413935015815
96.86850174548066,8.342695501983226,52.78711250896686,26.103148289183064,6.230085475457299,45.0,4.331281988899788
93.42695802377408,12.626113317207986,56.156217239149655,21.005147395516865,5.928673350195044,45.0,5.720002067492988
88.29317836471762,14.16007463679374,64.24989355308868,38.31061922274395,2.210816575816916,45.0,6.239701632871517
235.10168488692295,15.948161857014092,57.924590212138696,37.79817721505047,6.293347731941822,83.99805936289859,4.768944274449945
101.45928557038482,10.10980691898006,31.73020087591847,31.829057880975576,5.489058750195363,89.72342142284243,2.893181599695022
175.570270343809,9.064723086027744,34.896161506907376,35.76541544650161,3.146607586003932,62.60755690649849,3.993728132728517
174.81556625429448,8.822638653188992,49.61016874002891,35.64482088799231,3.6487254784443177,55.66661839811879,3.8068863790657455
204.80380932861848,13.692640790787106,43.42936120767171,28.16321746355943,3.036626821670509,45.0,4.881075268151663
125.3480947143832,10.153858873866582,42.12466095044967,21.75740899949001,6.1289464344418345,53.14930931528758,4.093743786475479
202.00364217004383,13.807333458738364,53.44480927457976,36.7735588424372,5.826171903510732,93.85588571516524,3.370846608715473
141.6370155086001,8.75432223002078,40.67477208438864,36.64933058824417,4.136705124442052,50.96738715274687,5.091142058585612
106.56996815555884,9.693425426829672,38.0160587416955,26.19919569814894,5.107105978519186,74.82877805781106,4.1015981737118175
237.2700189393405,10.546989676012092,51.703890014183706,22.183202633911726,6.3078938770772375,45.0,5.695292951686234
99.15166259236742,10.9555548989426,55.80250621740793,20.03110895470236,4.299845297281879,55.76821119767772,4.877921413767696
143.69222578461384,11.602546901135046,47.11756793031044,26.66057321880128,3.980797207710184,45.0,5.217866048513905
163.61099008676658,10.0898095937864,44.55182045892755,27.212211420766774,5.452520195626199,67.11294968442846,4.5487779907650445
151.74008210749977,8.461178064499414,31.218047907177105,37.98971581910828,2.1781908403057275,45.0,5.354245862392773
213.44421058736253,12.038405401008184,45.89435466720884,30.988399461805887,4.992904983765179,49.12030472628691,5.147564108112785
226.7605212265157,14.732641362406191,63.77346153740333,38.998521690516455,5.149448681779793,54.003229123632536,5.580279561394684
142.68702714218742,13.43498801676842,58.4925886148766,25.58325686854095,4.671602949743301,67.11429963333147,4.635327400250528
210.34094262385187,12.869154469596698,56.6876558253595,25.61074753698364,5.561066757267657,45.0,5.612606555293278
174.2661095677955,15.304452026780226,64.59890388645948,24.772718732634164,2.3010752409504045,45.0,6.204509170247199
121.07821834093576,11.803905581802104,64.02213568158133,30.71409967952814,4.742333300684683,88.50362595610551,3.5040784949572505
158.58437357227214,8.038725531068396,38.22780728364004,33.79192025056397,5.7107586394508125,84.6728492903399,3.1655038198169514
233.1902432230227,8.354613780237194,51.9881248822304,31.993351881485708,2.0015984650762046,45.0,4.767861321199682
143.84953609525087,9.129257108363015,30.0676290496539,37.726254434941936,5.398618325326476,65.27990309431237,4.970373536784017
157.6565866276549,8.964187210734192,64.14370073387724,28.56255497177484,4.0562172996578365,45.0,5.652776571795544
154.71926025715993,12.367374212293532,50.034355609264665,35.439074930800615,2.122694882728285,45.0,5.53822853595131
234.69731484461172,8.42525510790636,57.471227922759056,25.25831243449864,2.393754642536069,45.0,5.278696698125417
144.75303306346302,11.98180847589886,58.43376173223269,37.130369432016494,6.468334699905529,51.62294318606509,4.961016460773477
198.76001693335013,8.601720703427793,52.62446076927184,26.192527816923977,3.5529593783058004,45.0,5.680142932078066
185.2249706426828,15.320835198120884,49.43272880748973,23.121067332756667,5.540053411066635,59.32683623560195,5.687352406263748
166.55751144188815,10.253171082310704,60.35993284030515,22.79917446911415,4.109614510784702,45.0,5.237880508107791
117.13447943816487,15.22630996935837,50.496260604816015,32.050599972888946,5.166222652236024,66.39691745009824,5.3602089919672
146.6872385222493,14.805768551462975,63.04415254508582,23.61791980622104,4.044229652173202,45.0,5.179390068139071
196.3518022552209,14.65016354841656,61.67970496315245,39.88153249116898,5.409348185857243,89.65582962090579,4.197185399425977
142.62300910596346,14.580145605057124,32.32623485007798,33.10148381457645,5.493105703280979,79.58782551854513,4.635970902235587
85.15722918323641,11.272383058880536,56.04912303825458,29.17826241308696,5.692555097501587,83.61339708223173,3.7056094790658607
144.2567405518815,15.254186436887952,41.65968881070482,22.06462672874706,4.329184461384321,65.76021460856639,5.1263609705353135
211.71898774089365,11.66407890265804,61.54933149047555,24.996492609777555,4.783787042942176,45.0,5.5116306229627146
189.3575795945207,10.161312774524555,51.45544451119241,36.50703818073137,6.36770586124221,79.4196596679786,3.761370650348938
213.01889869695415,12.50387559951504,53.68040050173327,30.90980956426726,4.0815130299449685,45.0,5.326616521497038
171.42813706916678,14.86705653292864,32.461883023092454,23.389187828419537,3.095552067001649,66.96408060448786,5.009689286072654
89.03500803844727,13.533566105120723,61.39779678119112,24.59073072015203,3.1208556382342056,74.07778414457181,4.17838044938554
179.33126413515438,12.101563003883914,39.5618921862965,33.2616933782425,3.337020610410117,45.0,5.444428334756166
151.0097403546541,13.121530840560792,46.313417921076905,22.428552550220797,5.126454356688775,52.299286023444736,5.017982086973188
202.3518758019545,15.706505508723016,43.950880030540205,24.122953532492616,2.6343288388364736,56.65444158038264,5.285836507619798
229.05266844191263,8.13801723646976,38.79318237010595,27.650435809530656,3.885422837688296,45.0,5.079678234480141
198.9548649434612,14.895047451189344,54.17053273163784,33.190384117716754,4.481951983803573,63.66828410212899,4.732794424737118
209.54806546102532,12.491511207012657,38.44968195034237,24.816162561887506,2.564023417288457,51.82177444034104,4.644304168393482
230.9870116552552,10.967968309272711,40.25292047736231,25.19148606758622,4.9363905385019375,57.42046476328706,4.178342191127712
103.2303963011784,10.463407975780504,62.263396375102886,27.98493636978477,4.549862018380539,45.0,4.807632552239159
217.84458864085607,14.754472326762492,44.22797191749344,34.089183125000154,4.814764290646961,52.57440117830126,5.92433535949757
186.555025997218,11.993982063115336,49.72167637603167,26.56558006358873,4.118110584908894,45.0,4.631873070440093
113.7552722293426,15.075779113405437,36.15961873561925,37.29708818010989,2.54002906324604,45.0,6.518531939854247
81.93848492125073,14.871770109847118,54.00555678889698,36.849959783651,4.394333240412726,45.0,5.852020387976715
166.94832943526234,9.87650473544704,52.29608485851334,39.65353230974875,3.2174612325380187,66.3733358901466,4.135013921990877
221.37159695991048,8.929897912653198,54.94666842585184,27.962200324945144,4.91937886347722,45.0,5.569170264372309
86.93471278654026,8.816581176305393,44.86236080810136,37.78936052363061,5.04887739310993,76.11610987710691,4.41250510150524
101.67383293693916,9.655656697325904,59.26351879925836,22.21829026937089,5.423227854242851,45.00838229789807,5.561843032472926
247.00440047545317,12.403787555520292,58.628388869871685,25.357516915107663,3.423338072744835,45.0,5.628415371697651
159.05282504094458,12.614406584880104,62.80268302563064,39.09924566064085,4.844970624745674,45.0,5.465844638393058
102.79251172442066,15.901953270284544,53.41896023426526,39.75241334693207,4.412458422367542,97.50399595293824,4.33050178116266
241.8336548958185,11.53398800723285,36.60723992800766,33.567838954718106,5.180260780796548,45.0,5.114230560032737
224.48407701352707,13.605587137832057,40.59346787324645,22.01478784384913,6.362564714988334,45.0,6.195948563339375
87.13052401080894,9.162222055387256,54.77471662354913,22.93301745501956,3.893794956301557,45.0,4.944908928373973
209.3342657077497,8.733774902017325,63.27738483954794,25.42635379396561,2.264695509990152,45.0,5.74972603232132
187.89802439646945,13.81132213860348,33.93096392874893,22.378881476102727,3.6427614274828057,45.0,5.69609009288016
159.5740107131525,15.786577103501587,42.16006509669579,28.253051973546626,3.551409712065791,89.9464637634398,3.641001650367
181.29817217113836,11.621086703520458,47.74760446007833,31.64755988033729,2.425235996621466,45.0,5.4954840397116405
217.11468355827543,10.82680739070503,43.93869838755459,33.08293430640024,2.878535137114231,45.0,5.442736551368693
135.43377459085576,12.268959086958873,44.936703753153225,29.0534762753652,6.297877958064658,67.34781052301537,4.408258887966327
109.7410333340183,12.767094221524632,39.39962031042785,34.72047297781888,2.044799803272483,45.0,6.190888693290221
147.17799804149513,9.791731599060446,57.55794556730331,28.756677431846946,5.008574455175551,45.0,5.343626137687345
127.98787761279856,11.845860838863564,60.084021961339616,22.006220117822178,4.86824061129734,45.0,5.193872498284099
179.25849225283707,14.927109506219416,46.95636511323527,24.903385159625664,2.672929664763106,45.0,5.898367077396541
208.77939561268616,8.628246796469563,52.0015655581083,27.045582143062116,3.946441035179817,55.75547108089407,4.08222197305486
169.75554334942532,12.784391871248054,56.13292765747699,26.18915570274557,4.419196457963232,45.0,5.7538909974362085
86.27186498205918,14.948836760331709,39.76973103861079,36.092229691230784,2.4666527896018757,45.0,5.95960196109163
219.6720924644739,14.954493431265504,37.36345615700063,37.26162693488948,4.062911457591808,83.56521653406645,3.966616261443361
240.08019672941356,8.389136963302542,47.89844434710588,20.20102240662048,3.5318720498819483,45.0,5.043701106425166
129.83055207868534,8.594256371059037,45.05590852873089,26.99506981474713,3.175542805660859,45.0,5.491060367446249
156.1533272377022,10.76346737784087,50.86492718900838,23.4744756307322,2.393629419753033,45.0,4.520474384546061
237.9956650126781,9.001039264246156,60.07114698801959,35.06131172726512,6.271519867908366,63.09135321517027,4.640243357406669
240.55848001378848,10.18263099706897,30.89142430815263,27.68766359937245,6.209972418261564,55.366630930692494,5.106545293863751
235.1165769412091,8.145025321896414,58.9550547396139,36.6093182262924,6.279769573419847,45.0,5.609858598503745
140.37842285774224,13.332780871344273,50.0833474545459,20.945575149925716,2.2866349686309144,45.0,5.081485116204316
151.87304063995234,9.981733850937506,33.994932238486484,34.523247200865,3.1689828956398967,52.25108817941877,4.483448502260194
247.6352736666121,8.482865439991972,45.10555501748974,21.73412778572193,6.426516282606189,45.0,5.205434559795199
204.0732539291752,8.544157712740503,56.32138982718982,28.992971814718132,3.830651258250902,45.0,4.843991378407171
194.50195312429025,8.625602585210958,33.91621661272331,32.01580467246466,6.493064586075094,45.0,5.166877075672307
206.00986982610533,9.637781027583587,42.67855168368621,22.96674416861068,6.3326278436399885,47.913307521472085,5.748571004149986
200.79071257840135,8.80451574878059,57.99024209822712,34.513288113370365,3.912024464970533,45.0,5.586126931505438
99.97648461905196,9.854130804327012,50.71410393370125,21.852729270760857,3.0830516226890285,45.0,5.384294195431737
180.63149719170255,13.496098925616677,58.33128812344109,30.127750115011796,2.6578613952371937,45.0,5.482651612041648
142.45602524967268,14.73060589740794,55.17123652890087,37.238853113716814,4.71892856052588,55.90354517088449,5.9067114786399415
80.17587911136566,8.680497607608274,63.093805198558414,27.502495994203176,5.908167765890374,49.24152846731885,5.027644958311884
86.30077771085227,12.206929560136732,31.89656244164344,30.691307954432432,2.9338807797198463,76.19747020574685,3.442490065008518
119.7648351419751,8.415833840771024,61.71798550382343,33.20244352605181,5.220627347075975,48.39570383470131,3.973178861981236
110.17956867227645,15.288723749191654,49.79234159300751,35.504766388985246,3.074609773197737,56.05777764938099,5.345374724887938
101.96619269006676,8.815982396760548,49.558898105706135,29.53469349379913,4.432636409234432,45.0,4.657911809591497
174.76537373600482,10.063694610683523,39.11477157338519,37.821117951111695,4.147554276270325,68.08255976140019,4.317353520071766
127.66034492652533,8.232092362733699,41.89876715121253,20.388913089678237,3.3187683644568056,51.04665463469856,4.336283118580098
148.26735134138642,15.639077562977509,51.090549671584775,21.024087517853683,3.684037347687305,57.7724961075765,5.350392085248008
128.4602732532502,14.31181586919341,36.98358265619047,22.812521339050225,3.185188637051456,69.86745283021327,4.718694252618341
189.57055169747173,10.803360703583603,43.96690537386516,39.1326092720454,5.983575626102233,45.0,4.831468833104172
220.88308139984568,14.340924283786563,48.817461309576885,39.07739879226197,5.146506025323184,45.0,5.7939225803553285
200.619183508932,11.570118247435053,45.633634967728746,26.091099390704404,2.0000752837223987,45.0,5.523522738008513
117.19264735373318,12.555198787011935,54.437712026021245,31.627089136658117,2.9813798576870507,45.0,4.533355006589527
172.880383757681,15.850773167499309,53.105748324503296,27.62530637915387,3.6714767548287326,69.05377858186472,5.278149086740505
156.09075034117174,12.448847474441727,50.0446445181031,24.825644249858318,6.051671019562396,83.4111194981445,3.0012234570343344
81.92552356164082,10.156867196344288,32.31143346732668,39.452630943150325,4.070171195598425,75.1116122473278,4.220360357008306
149.3820770612792,9.310099139265253,58.32439357856735,35.11940609464007,6.103780066425824,66.72537258806959,4.887872416353999
238.8464542243885,14.78038180230249,54.32824357055416,21.995646630708404,5.522669107985093,45.0,6.166510180251272
183.030624096029,11.390646386353104,35.3400782410662,28.85697733300502,6.126061884485326,45.0,5.75930517280449
248.082109702124,15.833918795616682,32.282986377274455,29.52444746496235,6.046520189932584,50.78681759485421,6.946181616240592
199.7961121433641,15.776239015031042,40.31047042421933,32.8627571573809,5.70560545007732,72.15036883502222,4.829526639555274
228.0916174767688,11.84060034288348,47.459825215679615,38.995714436085855,3.9178685752729514,50.24905440880121,4.758581729799998
99.78766573747168,8.347143519295448,62.664427897848405,34.06883922879409,2.487656027533426,45.0,5.902522019062548
80.73501129236693,10.654747278711422,47.546438803570254,21.45201670459953,4.967708748731406,55.06557483736909,4.941369496822144
154.64475211251838,9.66212752445667,36.844107281331226,39.06449471293359,2.8352101195491155,45.0,5.418204081389295
164.02321035164513,8.650999982488443,59.60014096580376,20.303847753692523,3.6228982144130297,45.0,5.83785034341075
249.49092079976103,12.763092266899688,55.30316287644709,22.636738118443382,4.3686279615166175,45.0,5.1411479693809525
154.38055283995345,14.700685337156038,53.152737037930265,23.982347952163025,2.9507970186006944,45.0,6.050824124386006
113.91677441102696,14.910777038834166,36.00483426364588,35.77352689005133,2.1634456688653554,45.0,5.951211031735477
130.67151635743411,12.753257989783457,47.875131274586245,22.99532793387442,3.721235794613015,60.15376898242897,3.7759664139485465
154.7813786671166,10.530254828669316,64.71677469920857,36.23784006408442,5.35544241466921,61.248296734743214,4.297466510211875
140.42752466086665,15.7345961470516,48.66661355346742,23.85593704442968,3.105424860926853,45.0,6.501663791984839
239.0515160380353,12.79463047458488,32.74680405024321,34.60279053266957,4.795541712420509,62.671836168627614,4.448460769444791
214.74562347910472,13.104720525976166,31.23841010800388,33.73720266190483,5.97856984550152,75.84456060719104,3.89487002669158
239.5439036479348,12.687580293987684,46.61002884787311,24.976351934918146,2.131723005248101,45.0,5.286282750394352
98.1533090094425,8.139174466773971,60.84763325392829,36.46692271531864,3.9593716216744808,74.86584949836885,3.4777331961210343
233.1068749540557,11.422924143474654,43.930553087016776,30.5024839112699,2.0870402844523603,45.0,4.55099782854097
106.63325000959236,10.308166611575714,53.96742795857797,33.746009984648595,4.705895261466267,88.24838498790231,3.367539361779335
196.10380520252264,13.408565238518372,56.37961341767261,38.384505431681966,2.587471247320181,77.61794823680457,4.099849950320615
184.23252077569705,13.940920002844662,51.335060179519374,28.89933602604549,6.034766793650158,45.0,6.05895666592971
226.50514389397551,10.12891296959145,55.623471108034565,20.54313586442625,4.288675199709874,48.1669709975271,3.923264584898285
119.10633323413538,15.538167906474811,60.64525210632853,38.14028935583891,3.863918467340649,65.52203290323737,5.433963780482747
101.53091109476117,11.44723860269573,63.47564432194194,38.165024771510645,3.53131626838136,45.0,5.5367981755764415
249.65375527853803,13.23660185057706,54.41885184981778,39.994567067756,4.474358122208318,54.17197911569001,5.165322102103186
110.99650581135676,9.430337164333078,58.05721734060795,27.574949591783923,6.0355173630936205,87.9612167661116,3.315043047950134
99.88012924949822,13.71873088323948,63.44946101136007,20.64846756831872,2.1816570791857464,56.672701878917984,5.234127632484256
164.27560396109322,12.550522404320931,52.790060238010845,36.643834151497366,3.508209013651299,45.0,5.549509885993233
227.56219170062053,10.078266090055944,61.10623184152311,35.687989954377514,4.160461298036674,56.849001287038405,4.563944343268616
120.80318089602017,15.915411037917613,58.004718437859,26.37194278097493,3.899514243959744,45.78905639670929,6.712823680123299
142.95064830568342,12.671691111071077,50.94783125882888,29.48755232266889,3.5290024126356205,45.0,5.34424905722825
170.81518749360208,15.60678514135919,60.68094456626528,37.485337217044005,5.521941554966039,48.32819802496081,6.544630088918069
98.8399116849602,15.636369560990143,63.76669259799714,28.22484841936137,5.485294211664588,45.0,5.796498146862856
113.4490734071087,13.474104985383365,55.241147208719454,27.55826250693589,5.650254499225452,45.0,5.736811321999236
133.5278665270796,14.942353277007236,48.48405780824685,27.25385110889325,3.128656395042484,64.20431328871017,5.109655416642983
183.9402326273498,12.756630470719587,57.36032198579667,31.51861329137084,6.204735851541874,45.0,5.33696130552168
83.06762816804289,14.324759832160847,60.14039368460483,21.23544372442073,6.159207310921662,45.0,5.844082896748434
212.52825213322967,8.256879659238637,63.749848255663935,39.85676593066739,2.426612462998948,45.0,4.947580305538015
227.665084767246,9.679961941882258,41.90259118236514,26.66475897378272,5.2957888273987415,45.0,5.428140624662655
106.32158212508097,9.463529364174494,56.282753171233225,29.383917153096743,3.755435089601045,73.6533593263884,3.817243090797097
245.0477889332529,15.563880207443152,45.49676076533005,25.228163308483374,2.20943137930283,45.0,6.363159665458813
83.27648631127494,10.325262078017628,46.135694082113375,35.81212357628665,4.629151065975216,45.0,5.506286553133469
146.9081497109907,12.112559651714424,48.18163767145175,39.53573685124273,3.417586919274421,65.85625474764629,3.671228118394393
203.92636367645235,14.941539384925864,40.737758459585365,36.00454090147192,2.472672822688321,69.3765313630712,4.852353861111591
229.12206676995044,14.374768694141178,54.28912067860196,25.23714341946892,5.552269507622391,82.36392093086474,4.5600136481474935
225.2939461906114,11.218773122849502,38.70270549441541,21.589626977642336,2.284183747555575,45.0,4.972446379266772
173.54217611876317,13.111285342958322,55.473872517312415,25.70930307521301,5.420678709640178,45.0,5.104558248843768
234.91549598098345,11.22188586143407,57.23220985068516,25.894897942576925,5.980485509982982,61.41068132453389,3.8619963160475983
209.27248225246,8.838891492983333,50.708302936461,21.904736724874112,4.523669794390308,50.909890389206815,4.229690487022407
215.82730919224196,14.189948241525755,30.505787524544367,20.03733412387759,4.022537697519166,45.0,5.380431638324023
170.69288521586327,15.685457644327489,49.19804483993677,25.731072328355022,6.220386528343504,70.42110131980519,5.6462551810280175
180.2358331196581,11.362987414324149,49.11812204926256,36.218106253256586,3.96576203956258,45.0,4.314733205591462
97.78380301133562,15.396784911330764,41.74137730213577,35.732493596359284,5.808236705363445,75.05170782118348,4.475637150431549
124.34983283678947,12.329653187382211,61.02875550830108,22.047848935611643,4.455565169617444,45.0,4.916025447571256
104.92475753811708,9.898432257970304,31.14878816400329,20.616456732334967,2.347472849424186,45.0,5.05804805274324
111.3953485528174,11.888842431220809,52.57894698895636,22.856728395890062,6.022749760676232,89.87704323906509,3.21311818838458
209.89384690773343,10.880764137554976,53.5130975834595,39.47589169450328,4.57972026158844,45.0,4.063882781548326
158.4208783622198,13.93558555826524,44.51346461954357,23.12569848206078,2.806505470804127,45.0,5.200081857965342
198.71979044662805,15.687997145887008,61.77037039364588,29.31787051136764,4.872798113690408,45.0,6.381922132194207
104.66223828462184,11.540249461365594,41.3137551888413,31.24760159538797,3.108881175187311,60.43792953933795,3.985311903265576
82.39796782365427,15.804641754091286,44.59362788290791,21.037442921195243,5.686475184221594,70.39412473816063,5.416782488462422
171.8891176437698,13.870321127165552,45.85156915151782,26.58609542941465,6.467920262374284,81.08859762207605,4.013738667218508
223.65393089076355,9.07345784324034,49.90928733059997,38.45822526196093,5.422188336306092,63.5991485431517,4.972294221230483
95.26685800703368,13.695338946494145,61.88254081689468,26.330462336750173,3.1536705206899622,45.0,5.41627900652305
227.51760097033045,12.517334555205252,53.6250887916096,23.39057969960356,2.6172856692520714,45.0,4.762033491396878
146.27222312529153,11.732376826108474,45.605074886847376,34.5038146909961,5.395495164395038,77.40179107806833,4.379383644567264
194.3737911417159,8.10305667957647,54.38426611143864,35.55561156375577,2.14240411477364,45.0,5.846845012142969
224.5330926111071,13.314039861083348,38.30074700543801,23.868179801955023,4.1743283484443205,45.0,6.224811061562647
123.0539875756598,12.189724922262174,60.501202285915895,32.22496780009105,2.679938993090155,45.0,5.15630217687165
177.73237619263688,15.005310908552964,40.09529473969465,21.378981768597967,2.6666012699333894,45.70603623016864,5.080876260904429
103.66448575736295,12.087021214610823,63.73140290010309,32.43275592705125,5.0877419450651775,45.0,5.713331701716098
130.9427453308261,12.025081481156576,38.77034487175428,23.18438540933988,5.393520632385053,61.32310298673489,4.470186832946669
150.83081284127996,14.760195849241237,37.275491700815245,31.35019674407974,3.568915189089128,73.92694390843018,4.033792637166306
118.65861298814217,8.05304821225625,63.1284711600079,20.865796539043263,6.387104632961108,45.0,4.659680248075492
112.85706491150042,13.1729461472044,52.018775301663695,30.375848159774527,4.882775970788753,68.09551109629189,4.798049019097363
82.4569855826754,11.43256836088016,48.64459185274652,29.839233350225783,4.290131448129516,66.61013173996402,3.9251596781962297
147.47231343830748,8.206394024369782,61.17221580543875,21.687688676344784,4.296029888666135,45.0,5.20957068301521
145.52145751013256,10.610532712233852,57.21131864053265,38.97394640256531,3.5189114930472747,65.55519919149162,4.002008664386453
224.62086759589383,8.941112820100859,60.04068151942541,23.20632024896401,4.01445706905746,45.0,4.468643188634688
121.06591550996863,8.652701845580012,47.80097258614279,30.355839129140485,4.338417738420242,82.47652475712,3.4567984169420773
241.767692218504,12.703969590494232,63.79965638683103,35.36370365879054,4.41034775030659,69.27465890769679,4.531301195189696
137.6565817733136,9.82913065713558,48.30938718290774,25.638664872859195,6.423171139960352,78.28852579475681,3.5052304740245965
135.69482019105476,11.62315260012259,47.80680255027828,25.342435815232548,4.088963796475973,76.65878226236528,3.403946329065658
200.07129493402672,12.656628663384836,54.54091692333756,23.214177803149965,2.3760342559595,45.0,4.983993405300748
216.04859798365305,9.224151929927352,45.09148311263921,20.46573965313286,6.20660412393428,70.90142994699727,3.491276215726753
194.0679669314113,9.87512605278825,36.41782805688175,27.701990090016974,4.804177495541782,45.0,4.677515140533924
81.48017490432437,14.691670483817571,61.49484612840959,39.078624595607096,6.319821972816082,77.5897679942709,4.012309333299673
215.2905463495917,10.030618657467384,63.99725706762991,24.16524075809608,5.205829731618475,58.8245006148409,4.044159253510884
89.73009311135853,13.565217737010808,55.94611064672845,29.51285248815441,3.379268044689581,86.25656995379454,3.822979457888208
236.67749398108327,14.778823178948826,58.06603127871013,24.711416549885964,5.268105053880601,45.0,5.841226727588191
187.28780068963016,13.18010525084532,55.06326290786362,20.18790868837476,3.9833426508658487,57.58056067959289,4.735274723312397
200.9481546177415,10.232332574899251,40.56600364890945,36.17958291593513,5.986558133276667,45.0,5.653524912488352
247.20264984688907,15.188738867643805,56.52602508375262,28.32040498259001,6.378071706038998,60.63671705079333,5.280017177776818
227.90544746602865,14.287613901210213,38.85611600108388,29.818426298700118,5.908576307988628,93.26459075215948,3.357917191505541
164.95972712537247,10.898600070953156,45.64903621634105,37.30139066970041,2.6139279218331164,45.0,5.275196784064169
233.55124782611773,15.011686274128948,39.606405894685,25.792493044761304,2.2980618812932083,45.0,6.239810598591408
114.30051563219575,12.11764646272484,64.02471035491159,29.337617751410857,2.534052636452788,52.61743834487667,4.741016098775756
192.54551306888428,14.07887427073979,50.98652023323835,31.944081594716884,3.4052014043047825,45.0,6.441399341155703
241.17468602756583,9.83256876734757,45.82342726641298,30.25624425110746,4.350432493625455,45.0,5.551863108677734
243.34259073930508,10.04540128448236,51.7901409371987,22.418630669991625,2.8972512038566283,45.0,4.872559061946552
153.7621663349728,10.690766089327196,63.45618045887164,37.53059512270687,6.460876555640175,82.87745703305043,3.2383333228928315
84.69230028716628,10.219259239694496,60.762025537462414,30.58251992893392,3.073012219490062,45.0,5.15286076614575
141.74209360447,9.185759592035753,60.62194048297874,37.16951942300881,5.088656754481484,70.25011794779866,4.545458518702681
223.68927970441,11.834279983978936,52.99342520623879,32.58438396997153,3.5672900130539174,69.1481829341833,3.932139684665589
141.37185481453426,10.70848038075845,63.98757192959387,20.235278265713625,5.811865301472853,72.03179872156579,4.070119787932753
200.97716013748072,9.45173919331824,50.87433792934778,20.13636662955192,2.9990001004809503,45.0,5.145302915765887
105.36478604560676,8.50962765924782,38.02073605917453,35.8008403567117,3.4461151877526133,45.0,5.647752378495471
211.47693800568857,15.990085689045296,57.25851818250453,26.960269754068506,6.217803366769624,82.91402624995699,4.436671548548621
98.94490516722183,11.930446559676886,31.421198653861588,23.73614864925061,5.183885462644391,45.0,4.649018049170538
82.8052998111348,10.648811855559968,62.37117723452918,21.87001105708255,3.864182656577189,49.54496530282423,4.7573546091505925
190.94157349678665,8.380996764972371,55.60130010406206,28.61867422284257,2.4161292025352115,45.0,5.105906029912507
179.3841150161163,14.288466797981734,39.37123107472773,29.105355002316664,4.947531821162079,89.64219573540358,3.587119833517064
138.77407625869174,14.724085925722555,35.03890508135031,33.99838241632695,2.961097554191049,69.50570290850007,4.706213136767447
196.44911499727948,15.112366185710396,38.48505687362871,31.678441135479535,2.4754899867700004,45.0,6.511052032890172
140.9641907847865,15.547489922997643,51.91757607624261,27.35768122182416,4.159837516641137,86.88373200042317,4.521302808600319
135.23818538288867,12.886073428528295,62.83376550331242,36.87404472480935,5.172480765079972,87.75395074033169,3.6261298114027207
193.07971489942943,10.183864258983256,64.85461218793634,27.55377812734991,4.162967112165197,71.8209838138718,3.4903894934446176
248.6590439029444,9.405538791104908,33.69693081407106,39.2116501477724,3.3019735894488864,51.87793492341306,4.365431916586531
107.09219744940134,13.683416115597442,31.527450284128363,31.08206043913816,2.892895926618234,53.24972476690794,5.156142375324247
129.76692276390176,9.47039718450461,48.50671874892198,37.41080996468672,3.8559740558729976,45.0,5.269650692802804
151.2250767412404,9.340028308536844,39.40201423851203,26.846265260882543,5.142734351770917,64.69460059838656,4.287538944426156
169.23304226263625,14.5355188756214,56.22687603813138,35.98444035791814,3.9103649537706353,84.4778299574831,3.631617277696078
206.03258027539235,10.71447557608165,55.27554475882232,32.52338497220444,5.82769675763748,58.89934290514221,4.761383357938641
188.45887675616984,15.144345885257042,37.921908560153724,20.78138843923951,2.489569027216434,45.0,6.633998916765407
111.10290529148315,15.058658677291906,60.2735391806736,21.886402470364224,6.385250567751835,87.22720307677467,4.422299777126816
218.65321720565996,15.573411032245168,50.32416579879919,31.185645965769805,5.029805478613114,79.5856194234853,4.69441104000552
186.28317499894973,9.32257176400384,57.88651124972815,22.508832568276347,3.6164391960862856,45.0,5.70314895957482
139.03131269759,12.05488504242479,53.831960714724296,30.47810680937134,4.229171518483863,45.0,4.909455778778916
205.8444961484276,13.579363886700918,48.17386862702816,27.517871502408816,4.177355441455653,45.0,6.305510540398736
83.56710922855031,14.199397923839689,59.25523133855535,27.1294943753504,5.977300736940711,87.16815829116761,3.8559353263167737
205.07867945211703,14.796865903971266,62.66947527207073,35.90215504473454,2.966897740367132,45.0,6.0096853675159
80.19845602485964,14.34235809393024,51.58229040429558,27.19950664571,3.113558428906111,62.959074909754186,5.139345315267699
158.73412566990555,14.533439362899069,41.98313601675904,33.34654514164264,4.862292036813281,93.83737071666378,3.838628126267145
95.24643162071484,13.089800812222355,41.95955036791031,31.907686585354316,4.331303521359687,60.20671547254466,4.145156238817156
160.64868523085732,15.63159186690239,51.76834173959219,34.49132701372852,5.247843632575597,57.05306650434072,4.795305661056828
101.39773153806084,9.09793388584877,39.764977798155314,33.92237922244051,2.5310012015955228,45.0,5.56039807016503
